,year_1,year_2,year_3,year_4,year_5,year_6,year_7,year_8,year_9,year_10,year_11,year_12,year_13,year_14,year_15,year_16,year_17,year_18,year_19,year_20,year_21,year_22,year_23,year_24,year_25,year_26,year_27,year_28,year_29,year_30
realization_1,191.45951093339622,198.32082203299413,141.64389417702483,145.59026649301734,295.2800170610608,155.12246387562976,104.70569247812259,201.35880480427204,175.58291502810792,111.75430388489468,223.90975029530242,64.58626436496284,154.00208785080721,272.2268494984657,75.88391850244767,28.506379943958002,147.78670404948858,27.369719442990032,182.48242758816343,156.02208557398794,292.40395255813854,187.43225961569195,96.25145391283945,284.9814282497111,97.98554676339862,125.824497705065,162.6203669354047,176.643455643237,143.93816513778032,176.0604548568066
realization_2,128.3695514669675,118.1669703970434,108.42125542460032,109.28328375867666,128.95895310484363,188.99240674915768,20.947710227181375,49.525216811643716,92.38874431019711,193.2621614452661,174.57408743186733,262.9350331372244,239.6814646790589,143.37387485743855,119.02134465156271,119.3986264216717,100.28080172014472,156.3610744252909,184.0915783765589,154.90184066115887,60.076998189538614,160.76761724316586,303.8659126456124,305.05712546968505,89.70344003794992,189.13303759961192,273.6662439350848,21.431877927080173,145.8080233227805,233.93835625268937
realization_3,93.50331665492469,142.18856779004162,198.1230075668813,133.36999869135514,168.8919850857409,173.4538587269849,178.67828559985145,128.8013422124333,91.03959808807453,222.397212033744,168.9181331248182,52.49334934213191,173.65467326484844,93.51439443894346,161.82298288662548,79.01974052029041,124.98673951266974,144.1732768755196,158.68400411027497,124.02673264739846,46.408879373757856,273.1979852789538,142.2567368662056,207.1466821034618,214.15728768797774,263.97194071461644,151.87483639237865,79.9324731217391,102.39837317982285,93.10681234781705
realization_4,81.01708924335995,270.06312222062377,137.08974705454025,170.84889517101445,150.46873265994986,138.4277777887036,176.1632068949566,82.06534516227433,213.09186495223904,57.57200933417511,74.08236035329344,92.80692914121374,116.80208120914044,283.3664603085833,155.35264942754011,81.57678721476896,241.47926718502043,64.22286824872796,73.77158757634503,168.69664684568235,130.5835149338476,135.85455750219597,132.45813712357943,38.56307352477906,129.89211131147857,168.19483418797728,85.28927087128011,87.90073807899137,107.8258484129287,96.8407083322094
realization_5,202.00916460974605,96.84028515909924,49.51312893156198,143.55181210356739,66.7566119366819,167.31687775420082,249.6084361270136,159.68249751594828,64.9665830366416,46.490648545358326,99.56855843630474,210.39171519618455,164.81365620784047,128.48103987847816,174.52157605032332,146.95276039098047,50.004365785620465,135.5641850868447,145.5844458997667,193.46558600472568,137.399110368677,208.78668023286843,67.90358401299689,98.06384208173367,154.04641460655455,166.55174301373273,92.99759728183152,71.5590769064129,67.28903904242237,160.7147990621673
realization_6,218.8433142258825,242.14771880256188,27.06181138464347,216.01150063233158,111.49368376132227,84.84637426274942,68.1641435247439,159.905942937026,154.53292334396843,140.56603461841206,97.64625503170338,199.6576305904026,63.512628885624714,95.68278030557886,143.91148481100075,124.95722154608198,88.03616057947221,93.99902348488868,207.3414560223061,112.19288094462019,37.02419404509166,85.34722909728436,32.33068845918652,130.51570059056306,68.34067883400543,141.86251025729408,171.91799018728454,92.1263660340317,126.86376917705246,144.21483837829373
realization_7,289.78762731800015,151.13122818599768,271.93884548408016,115.0915901802507,212.2682702361859,149.63066660343088,258.01251101793895,295.6775076990397,215.9758181230792,149.0363936961489,86.92559109367602,201.1508298998839,57.01318198530677,158.59139026165653,148.682279979245,94.23060483632466,262.12223862217564,83.89725289590113,129.8436996216124,251.4163743115942,107.86081526611795,105.49440508258812,151.24457925144202,150.80100332334723,152.5878266459556,146.9531450542467,197.74473077230834,94.74202289696544,186.99221349616568,88.64732650332587
realization_8,79.35854968412556,189.67166269617366,236.13572500177403,142.98131380718834,185.30070848429588,177.5447228782431,143.9980569285079,111.71241664625433,247.11861178116965,97.92242581314517,218.5160647101592,159.9491882931859,159.08566162889883,227.20939639066887,241.25149925527433,185.35470357924873,124.84098670043355,198.71424036785785,120.08289796307245,141.50483559961017,166.11041312400613,233.97356426756434,252.35028354728232,115.97572801874784,66.7490857315994,295.6289120758027,98.73692740287085,197.27223814323997,107.61150261423685,155.47783904469202
realization_9,136.7397313000193,251.05518056116108,78.79615267470292,98.2834039447124,191.74242842651407,102.51852960188594,229.28456382180065,294.41308932411823,166.99119407483136,117.7473921954321,152.55745735685798,151.55130960677252,155.46604528467336,183.27764944383424,171.42762905317807,135.86576997333646,119.29512492945352,71.01953169107,290.1700677183414,82.78987871999318,162.1192255649739,138.39606479344116,96.0246945597233,252.72600258546223,51.16656603914818,98.50834073461851,206.2379129048787,130.434836903556,161.8487532349388,116.68776370502582
realization_10,127.43212121467073,129.2290705042041,74.77136678569681,43.00599462772195,148.402040079349,106.26461701452337,166.55406063919312,176.39319964230518,260.403349968471,248.71918198949564,304.2855019483908,182.9059286375468,149.22003603248166,173.22169702423804,113.94786223183458,111.20387918556197,94.27073271307428,59.99182532244528,138.41870522203288,123.00612042808581,165.7445066807644,80.21427429149465,159.80623902622582,79.34114501578179,172.86734301292654,65.88363224886587,113.05068968600989,19.1246113709862,91.59661640534058,126.54455326114673
realization_11,70.50265249340923,115.01786707728677,250.64357350106283,204.02498074529336,190.62725370937716,265.81796441593406,117.30588045611755,178.86352996748022,63.38146766500326,153.603581476604,267.7536934050784,142.5468243810164,89.29987979288265,119.4212101294775,299.8528816103171,182.29247351610246,224.6114512404065,220.65827240973505,127.70008252117634,63.540273252919846,56.69333525957589,192.5939932386877,105.65501276236115,99.02102002469678,178.00910872815032,166.7004076499357,54.760283080024564,294.8862021436579,223.28584890510595,91.43649128905108
realization_12,188.0585223080966,5.705193761544976,173.59026496667423,221.5413641620495,220.8530989577021,185.56733993647418,161.3210426977738,128.24250393378415,131.7750672889109,279.3464450148397,177.46893926694855,78.14911616143195,74.58569163089456,157.01058382338584,153.3496697240805,261.02998076913923,111.7029962547564,95.77506269734351,129.57541799405521,186.11200639081534,297.00736242867225,141.83834174349104,127.90499513062889,110.50689522714134,95.96144746461037,222.70233851676872,175.51418250019086,181.39110952543564,159.88152371622945,117.02894143892672
realization_13,151.0773647705165,118.93656455806556,45.972134963266676,191.81163446266495,155.4805835084201,188.79951845433,150.9032614883672,89.55244939274763,173.63123606910912,122.25060586989048,194.11785864885252,286.478626299087,126.24804422241124,148.0712041488726,130.0484884708072,216.80797565406834,45.13280497953542,151.6716667206275,103.45320195236468,222.23278290547535,168.94033982783955,160.47459748034652,163.1956397237683,75.03313324392204,95.96233665664795,127.19178333675647,127.46858440261644,67.00359284839644,118.02034086327002,134.47457991439973
realization_14,297.45689907918177,140.5533482496817,168.20195333670372,293.43747005386405,280.78578983741045,141.04413958276695,45.33417559386639,240.50818164305508,142.04455253644255,64.84947465224937,300.3793488563222,165.04037627458266,172.24148593060426,79.02241786308481,228.17293784264072,173.8695785432942,56.71862281046046,153.30676041218118,220.33275668013061,189.3123361300019,146.38045949975253,159.77361595097796,152.23261080557162,182.46441066501842,67.02680422847969,199.7649111098823,207.54539531844895,229.01500833851372,15.024863435067076,143.91866134936362
realization_15,139.75121911126706,198.76974856638077,246.5624850741106,100.10275864683332,225.51856044305356,103.89162402813457,133.85571096298028,133.76245177609692,159.27832826676521,218.16678245393354,120.5279671584548,275.1013879248653,29.130841073463657,269.0040341411455,82.20806225328737,137.7058248936339,295.50125873166957,70.83785395180954,104.82850135202132,148.80348854066432,98.64518699636704,127.64494741861331,107.76235243316606,162.38189466068167,164.05188230245435,217.91407532768346,84.64263002725659,146.15712804520425,262.1718063586927,226.96325244318146
realization_16,291.1174537757892,126.92867437863588,50.93368283485039,83.75823333323075,164.46729033185193,142.35062719292145,113.21987127860932,173.20901713662082,85.91414730729676,127.03519684319762,126.87164569915814,157.62827630241253,75.94805237631992,220.48712639119236,97.6480300592676,254.69341229211122,139.6444555607914,196.78096177271775,191.58971113806894,239.26558410215324,98.26124341516339,136.8094320124853,129.44043471582387,93.16773292864653,150.93957612299332,89.14053427703848,117.14692425719798,131.2936504970962,85.13327528328959,62.81799291429223
realization_17,113.15331473943027,302.94491289570004,160.95397003059614,91.73000109069181,150.06415838858453,237.0426311014152,182.89327321496393,157.03040811916898,126.34711871695602,146.39265490085162,131.95499342546387,231.0772219875252,153.2854612785202,58.292654648130735,91.77004739188581,155.9891816184301,61.718264411015696,174.95771226712148,232.88669433389094,179.06908797345238,84.274603011634,125.58848312733204,158.84022868944834,198.02047874279268,55.02908941160027,216.68264132741098,166.09582655376713,79.3444724016846,158.4868139730219,148.7430215461727
realization_18,155.72688225576195,66.24124045476157,150.22721455192786,207.00431184557615,68.99105418819758,127.51207834555596,56.53589752312705,88.31778105457911,189.35001821958355,26.159670565994,165.6736801674237,243.48653964540924,171.8757789279207,64.92847875926026,170.98301420448712,147.25004900172902,144.93960279793674,125.12065057766696,275.8153353487413,263.11370524499176,202.62440750002852,42.35120202662221,124.24122318746652,222.76408682465654,104.8012169885923,176.67365471365096,81.34139979522355,207.94346514152116,96.13587115294877,106.93002995336401
realization_19,275.95171512843626,203.05268186379922,143.62762503235356,153.16479535616185,119.78990930563685,126.46859943076159,118.80934486752295,194.12036291831663,127.02488644917536,181.29443185965567,175.8661796658185,132.9690647317737,217.7621899417919,150.6943715675092,170.91292794750848,150.97690124582897,107.5847767262031,97.48403344419931,98.56891874701415,92.13298243639225,261.4885669510044,245.999613217473,130.36880840086295,26.41077920009088,42.35426180585685,113.31135519009187,273.0716853598951,27.293593397027422,81.88490266305257,49.64433129252789
realization_20,126.22502249101258,271.1569735328795,115.32132786516834,107.80073748980426,132.26136425313044,165.78065697495478,86.59043269058793,195.023092764426,164.49595493812575,106.99947658036996,157.20098621618817,133.55995468074104,97.80841822494409,194.49217255439356,267.6216037693183,205.03187742723273,157.26322973408566,203.74992937829558,175.05264186340497,118.47361666468132,146.4357593453891,109.55842577710158,115.40993057791577,285.19853142229067,136.66227190878143,64.85555561774092,249.19294075536885,19.114748072164204,171.96656436538092,180.57997030488482
realization_21,129.8219573142134,169.76869189304307,87.11835977853416,272.88846904215495,51.39691059199755,192.03885334303416,228.45246806816297,116.20749073999906,120.35371991576447,86.80690798983068,186.39878958200202,176.07206258792917,87.9971821055714,114.73594415570344,108.26091977373368,166.6052404626501,148.8504872652002,151.24612014139947,182.7902087996419,203.46485836724213,160.15006823503046,65.71809838375653,144.74351628295852,263.61477048859,207.862857331245,220.10784286316428,160.5187343467193,299.775075819249,164.33158645293207,119.98346592210237
realization_22,134.25430674161956,142.62863957523052,218.25060594810526,144.0298060265326,123.25275575975614,82.70698789468376,137.84904649049068,222.63193909407204,128.2799794208707,224.41658864939492,253.09543041958983,224.97360206631097,180.8484899725127,205.6990417544343,118.48829287162417,128.6825704107095,128.14555560965633,123.59469743053357,196.71669689658412,131.93492085047703,180.22374743599585,88.77675714808514,120.04064968109441,34.243696004902525,172.79343570971957,141.38659306282725,237.89842851766747,81.95957843231349,113.90183757330703,170.85972066539043
realization_23,157.00807986112008,201.16374035573307,64.63090452656576,231.72319956886926,127.73590543535944,175.83834527684658,178.8609579892115,183.4483885739731,215.51911893816305,258.4720382310283,218.65915911584378,190.50915228996598,92.16305200248274,103.31755059299601,195.11601508188352,120.13597124408595,78.65843541503118,109.84767409796235,250.14452111077543,243.14443178350052,198.73607552779094,111.49221405768125,63.87741183831634,100.48415356517188,73.97947538939867,201.77248963646875,46.06605565172778,186.30529106919863,59.09511352616845,183.17926626814528
realization_24,273.76321583098064,147.65544714351165,166.404265762951,67.41733991053418,241.79125589224998,90.40946623688751,188.01457322303787,182.85405607114762,309.68286279658565,112.11153588114523,123.53302683583013,117.34943751515112,219.7200139627553,75.71168645265233,176.2763794961223,140.75700867314663,85.41400704309876,201.9733125962552,160.33843375815135,183.30633967357238,76.80159954898059,201.41078874885136,73.5070737962163,148.51352294534084,120.07215016213223,285.6564262874825,121.07255686602859,167.7267090225535,131.5583290424592,93.20485848055836
realization_25,143.1131114184531,140.35968160574552,235.00658818512113,118.12299514625997,160.59143678755242,268.8877461001338,156.46938392666542,178.28262581364885,169.90958161233604,164.77180927553735,188.16336085496425,211.11421117663693,170.78973755128268,88.25019853113574,203.87009621267214,152.83018947146837,182.43579459829348,292.2824638464672,142.91777399919346,127.21975468038505,146.3563288104095,84.70339007164931,211.4943400316655,133.62125878063512,112.38348931556948,208.3688415692403,126.46844316631712,112.16054173762436,249.14737647232795,93.9083705477704
realization_26,251.68301716163404,105.54326889495019,302.3278871970047,190.46378328480182,60.7668133577299,94.72208631773198,92.49317032193457,157.31881224330337,169.19939771959824,169.88089417495456,157.11004294341205,115.63762227970705,141.43946047993091,215.00109900751264,112.36115986112273,185.49153191850806,271.90036520088233,150.0354299010777,131.89064779415008,143.75222944535844,199.56890621290944,219.34355340993295,179.83002874723448,42.753485704726344,269.9567905285436,177.80704765073648,87.86254085666219,132.63948964027847,138.39528205193054,115.68702367116035
realization_27,107.18304277908364,46.80096838763964,275.07053311049606,150.28551666225604,155.8110997098831,273.9512603488877,190.67664737152163,173.92980391793776,181.0010887154248,156.873499087564,123.90689428054182,97.04551550511229,135.71930862233884,123.82977892416608,76.20198586611491,106.48002343425082,100.89160162281853,162.72566525584062,156.18473128056922,261.2214356584767,110.8719340624441,179.12859982130317,88.56985405888602,142.61121205541858,225.10150103280338,97.94482539573976,112.36266087480371,130.25996589059318,227.9356134215455,154.9039291231641
realization_28,111.69871542255034,30.74975304287244,99.85820568766911,116.64675322606585,100.35769336014216,262.0825358076643,113.44282897225725,89.0616451828358,202.32028249700923,189.52966704272507,104.49570220623896,290.1046099019643,117.09103232225874,170.7420705172104,88.21884246120854,88.86951880535453,139.35606555044836,110.15946835978421,244.40351352484393,172.2954556836511,112.85912013808641,60.12850340785644,107.5133044755279,173.32880465808654,152.1222251945662,69.10819955291564,79.8686860140378,157.75683877585055,307.20652575503885,134.5843594963392
realization_29,237.9503362446491,38.683312429271375,95.25442778840427,251.0446783683155,195.81118654824806,46.50303433043213,118.92964789580165,241.0023506368278,118.04858803966147,183.91488046080661,256.1850228637003,134.49297961523877,258.98300996279056,113.33791645405893,175.1482923368547,238.25005649607138,168.689190014528,116.27726552370068,96.76075405270551,83.24446816090028,108.16060894980367,196.05464134965223,107.67885698250251,96.07145984391457,159.83269982162355,117.67353225695575,188.7175698850493,111.61993355249237,167.49161046860414,208.13489072282525
realization_30,215.24326025762744,158.58206744771107,60.1184879947087,121.32888296908654,161.40940553723308,87.1653767401607,184.90393900113924,127.68799329116726,176.0836958699989,119.42753686169543,266.8285058921586,139.31894564423325,137.07968761590016,178.1541330581368,89.9961836868593,152.7614700060364,136.12584051996987,190.80134997599998,231.1998143134616,115.22266407704107,158.24871139512487,155.05598005156423,125.06471047408998,163.1982396604028,102.42386174546176,171.95832381212398,181.3261179814363,167.77523152274142,116.0294857814578,124.0786238434541
realization_31,138.98992351372263,208.18045405118846,110.7388847050269,187.91247978292785,191.3984767863646,91.61519753356774,107.91290568053793,36.99030387493342,304.7613071165475,87.94620192735438,191.49425089491862,220.54108961902986,108.42483163542751,151.81785526933177,135.01482927158168,114.56399265079828,101.79797882029052,113.94688459519121,118.90361773758343,218.07240301650796,293.8019837015635,98.60957346236196,147.6754179834466,125.29397706298774,162.12763169155244,42.51426017493527,41.62507873197495,258.8225050497389,128.367516170408,132.52709775944925
realization_32,269.61185932274566,205.469649520241,201.2804975464291,235.22156388804575,75.81022619705666,186.51701761617153,75.21692422338826,74.98855063774742,113.66545161649866,89.61528126548622,141.68959671328014,137.03652319308227,193.39365579202607,291.0215550218991,59.87786941299952,134.90746844193458,120.50018697217551,97.37203882792804,84.76768499574673,284.3922361015238,121.13470429641124,155.5497244374619,94.16863231302285,99.16676259332213,89.8170179177162,166.2777636043537,96.71371764933254,170.08488737619834,190.45780569379295,117.03750986120795
realization_33,48.096090550457106,139.1807708474464,80.9259114386602,236.61509090187565,109.97396720667619,130.09303794366704,124.24852723165066,123.57728674073118,209.1578118107007,168.47789860430447,127.03990345000489,169.21598066268464,219.60424189737446,118.44512089050531,110.13358539383783,150.26376990994424,70.6183498524586,138.85211117745519,259.0751438346591,176.95352554126453,72.21077358709744,201.88398007339626,193.6605808203774,126.47203910933943,164.5763856402571,92.65330440444434,78.83591179115736,285.79718410308897,146.9030264658084,138.64330834935691
realization_34,66.77521644016245,153.6115916697756,155.9762681661186,120.08976738723926,200.59646152773055,69.50530412526896,36.58479770688386,189.49136219162355,179.97779289181375,100.08971621386239,198.24150610948905,99.67894856598103,129.9760402555525,146.30382393034867,118.15139212862368,91.20094427504004,170.4922498196654,240.37988874579617,143.00334606874526,249.37072172396861,252.91035989110244,150.25881645681176,103.52790965432483,64.23124215534077,49.054166738150826,247.21171586806327,121.43238734093615,178.54416998828748,244.80653668487128,89.52376285311348
realization_35,137.95282982209034,149.83326043923933,151.42630697597792,160.55479172865154,163.52998869384567,72.44634051729724,194.58026076204982,75.43620668843545,120.62108805264495,125.58640586254518,231.9049920632028,159.48138556495888,89.3874527684434,210.74467751967015,68.19243726438847,108.83475876329706,156.34218271404436,142.43195901637984,126.75430266518975,113.86015506846783,91.30512296069936,274.66530554184953,160.84694941178842,127.0629853468989,54.17853968756401,114.7978984245713,158.1584768195778,125.01773845516063,190.87349879408262,246.35992063794376
realization_36,181.72522161187476,156.31451709083,116.9192666867566,171.60948880880773,171.60439558493007,158.5992786769946,160.19177347576385,195.80701595516803,154.16140823381195,18.504808585767513,122.0585133802928,168.5649858221594,88.72740387800718,126.62358826765175,190.53921758765605,114.1572826313533,109.41582036325113,238.12907553610663,230.01877916373914,165.7644684441567,115.58766180204793,95.3261205673752,13.357342284716509,175.8300100024224,118.20503857330725,149.62069506636144,95.41035196832628,77.68172856131774,205.18621942142255,164.65293987176375
realization_37,238.09729947205676,59.826388853780635,286.0926233563779,4.660804489557663,156.63936942273278,119.85851972593822,155.56346042832251,294.2470602176412,129.9656583244038,268.2692691352545,100.11765693361272,202.810545515831,88.18231683580902,170.15787882400417,148.24037060020117,129.7122604369054,207.45169921560054,182.976610192971,115.31268529407456,117.20397652549802,196.38650486384478,99.12243338799472,155.84844349136134,91.88987309968488,133.96940121632485,110.74537858787903,166.8859814263935,222.98666340419928,184.88829077942452,128.45206806155738
realization_38,119.2365697457746,58.43425632402074,82.27172737945664,208.491876639586,113.92177820307887,100.75693302068105,22.88051091398664,112.44247782818343,115.17812186085145,127.67030020702927,93.34126584600023,69.85649233953731,178.60929791714207,139.752685624973,75.33348845127456,69.26795102195413,95.84079334315598,249.6889889412075,183.04732103874773,124.05855219273874,129.85259976435512,178.90275333710568,112.1045983263449,161.74872001114682,130.48223473596764,264.89376998388013,84.07038253842056,115.16884918079349,128.57144917889872,127.11130688252159
realization_39,221.73010723858025,152.6190482273092,226.3436972008543,139.46356159250558,121.27203038781846,106.32603136515402,134.49143231829945,134.51215617956046,191.9249075717073,198.15622041089867,235.13935748246828,292.14820835932056,101.18076185952104,49.695269238392875,68.04997617783548,207.36097720710748,112.75149403954842,176.39062998301708,250.956563930747,102.93290253335853,123.34404072149601,121.78826722675174,120.51748325082471,180.86111095823793,125.56508231652684,146.87367767066135,287.78560663642565,83.82200417385242,160.6522844780912,79.60626305303748
realization_40,157.63285945153658,112.34417127222503,149.55653808364744,92.84527633750336,160.23993498320476,235.0042299199234,250.02090201994284,304.4571478319461,210.65069362241326,242.17039225170714,224.80088557865133,157.41311754187012,87.6683904104647,156.84079083286264,274.9442250846142,127.43133858594993,170.5213014595595,155.36783142090542,123.87781691283718,208.32046905554552,121.90875565878814,114.89807289034236,115.5192469711835,98.7906141455339,146.3637709261894,83.19605919314549,120.03773981511429,250.83235281603632,111.40082699841653,308.3725747274132
realization_41,226.52825236198942,55.856131544359215,72.0697729806431,177.5473023503454,137.45964242845656,145.86860877258,284.3821449195006,84.39447379676574,119.60691692107508,131.51855181521378,55.98087692852489,211.68330682542395,197.89215415499046,95.98156983019523,130.8449824259418,108.42425529774309,155.79526716928765,150.8362894333603,86.94134917908147,171.29875762572522,81.1760764634077,93.48883733222823,128.36141012646831,104.81940443991785,225.07201465149944,247.21271781145958,84.47066437273794,212.07639936122473,157.36275120780428,61.07975365118026
realization_42,123.42930718252413,87.7273717343079,143.91130203113786,170.0649546088256,126.2892387493439,142.0362180062351,138.1187797286409,199.07965940183126,191.35114155840216,4.449572135696087,150.40487655222853,281.29509645953493,175.68815627269186,171.27399851223612,117.4179987600431,90.98317520188562,305.3283502821383,173.5911223221443,139.07327386305641,79.91086036599913,230.97593475551034,138.23437072771185,115.87387803225329,208.89872055704203,230.65774606313758,144.1782648525958,97.83980783644053,94.39891538844229,156.0483928398552,118.59643061713908
realization_43,59.81740108497347,224.52207850098458,221.30459822448492,173.4667687845703,153.7506422804928,208.770306103931,183.17944600291258,286.17842155737355,44.426947694463735,306.29487240772744,140.65192240403124,19.643968460305352,280.42981442899736,295.0716851447852,54.94510719894961,137.75254634037793,308.2400034049761,200.7589099837325,165.7634327472525,132.4177072340064,207.77417265881053,161.74627814081435,246.35181485392113,179.75911208716144,236.48502694684342,171.67292559996534,286.6447005994191,202.97834425000835,83.2176046157057,118.71910788133391
realization_44,284.4680824223007,155.41897072268515,153.8557912618594,90.15641756395355,298.1992609917902,275.04387262463615,93.50894524908084,96.93875118416976,107.92966906042133,137.62424146024102,122.2175537005494,77.02674620038049,285.44226553416786,194.46603016329504,88.81821406890873,141.85043802068142,277.65466602778673,129.08021214272446,222.76190230760432,63.59232220452729,150.3718676275924,142.2537408515436,53.444430789901546,60.088255372605715,114.15256742004519,174.25544836092502,73.9335386185817,282.114249701493,149.92942754967345,118.94285583300433
realization_45,77.64510948755881,127.71432257886556,117.69907574673579,119.47056294750058,73.14170294320071,85.50838767487203,258.102924965031,51.371735902306376,93.19444622432412,133.50911641496623,77.78829704831298,139.06753744798283,134.19407914525314,44.04312646900814,163.80351940399166,196.99545365262762,232.2601331425463,137.00016167728285,124.48800013067176,121.00178363676534,223.54232404492453,145.36162980588355,117.16558001970978,36.57336356370771,305.437325580219,142.1073097553525,158.17787301144912,291.73211096247337,39.25623184118807,147.56386578615383
realization_46,284.70853861685083,149.04445200168524,72.71990865751802,192.51500264431667,145.27545913247548,94.67983716632666,86.51682558345604,131.61882569619473,113.79113636461915,158.13902060758173,81.72601263282341,77.65168840506979,119.04642847316069,2.5311933141532705,117.66075870881855,160.08728363603856,184.41063262900798,287.72982496654606,96.49458678750271,110.32581552823083,51.25521527815671,106.02785603377177,205.33333865833916,200.67366913526592,131.0835204418406,47.201750238588,77.44502994403607,163.5732667825825,145.5958779146927,70.79195203881227
realization_47,259.8940548896352,162.88230808706095,101.34131802458117,80.51802059771437,131.79930991060047,118.65766466736524,147.46761855133923,214.49844986458112,119.67335889229088,125.62966669266069,137.46195688458326,62.60469862036298,180.4063695434616,114.56405636210684,113.014542329244,122.6644199712182,241.66096286715918,157.37221110682276,167.82118138199644,162.6783673803722,127.1900612268972,164.79084530413607,122.35387130896443,176.29346866448475,77.30206810400733,236.28898284552122,288.64016268838225,129.43828253059397,148.11223600171098,292.72239641232784
realization_48,71.39854197134815,29.079675310570423,219.3740437541997,161.26915595469143,128.07615153773588,176.7559926275677,101.21770293275362,212.90982792194083,292.7191786004662,169.8568112410881,269.65308918926115,133.60592179644792,105.50749120683197,66.2966100241735,130.22124989222783,175.16900828033818,56.80259328839284,143.54162267296866,66.89112576888775,166.99530441600263,257.0122313575084,292.8796159434579,178.76744237790263,225.30202557652586,110.18585008949483,155.39329055122872,91.77896189778883,124.73918717223843,152.4725258335941,180.4881906402497
realization_49,309.53643508671905,72.59013238824205,126.56676929960605,183.20630745066094,161.4787407497082,99.53609441626692,172.981738172158,49.227919210680696,293.21552187608177,127.79288131444196,187.38922517818077,92.32950573895718,137.33094770065998,195.231485956124,162.8016495067568,35.93393146084979,90.30480015317627,165.87924171025975,118.58720359811133,129.01843746075258,87.39099454283792,183.01769178914643,155.4412104180769,170.58761636378256,77.52930902950052,288.28342889989966,44.33061650744113,142.29579488947323,125.57677410400474,202.1883613620773
realization_50,194.1653970876053,194.10895351703314,281.0356260005459,172.56467628259958,222.1173905031302,198.49592969734528,61.63958906256156,112.9732976462083,73.48500599370499,101.48935458337584,71.71583339495879,289.5269094641322,210.03515191887453,134.98062248376453,78.90638854965482,65.44998567418183,25.865961852465453,110.66997703606238,161.43519570151454,97.55137636327657,77.72566369426147,256.78068587170014,112.45187307329334,288.52130560037824,202.4395653144079,135.8453577846173,118.42900563253988,161.2734617282467,185.98457617820725,200.11087296037033
realization_51,111.7609806042068,178.0205305202663,61.35831717465622,121.16246720578926,261.49820149617864,134.67899858358828,139.12963395209601,148.67040233986413,140.13050718819093,170.84599777666014,90.30877428859488,91.08097807775044,146.28656428760235,87.8869588561569,140.67520981450372,74.31236829778935,128.98698274212927,153.09910788030766,141.24789323081018,91.19008987549606,70.10395026609905,120.14027034822963,158.04387723088306,45.385871020920085,151.20917859345184,99.31105217793943,181.72195910138606,98.72827337769485,146.0999778386525,93.01970501674137
realization_52,251.79210047397888,250.31551616058522,143.03733247629822,207.35063018853666,86.25357717679952,130.7147110392337,70.88464844725672,131.69102888547351,217.6995466892195,67.37421562402942,269.52487946781997,187.58033026735924,288.50694520863334,69.67958665823359,236.47315964418596,295.6828657034142,166.4358192400227,150.31142307742567,141.84394355545024,253.11370851861057,196.48710531113386,153.15877422845915,122.3520355125696,144.6752478021486,155.99435621913912,162.89971937408808,222.5620831778692,121.06032357802788,227.28088446953197,218.84570820997288
realization_53,239.65405924941825,163.5107161074738,96.78646828107722,163.8311309150346,84.27263164914248,134.783799953139,106.7464709449459,259.6594955368762,238.95272126929007,245.78048100466782,79.83153809982227,97.03136772581583,123.51330420204289,113.42517240382853,182.39960495516598,98.28250828338265,157.30001627673278,53.43414491718821,288.87532851841775,174.25135149822228,223.23673817338675,129.44613982459938,98.16160972562112,220.11962746196352,142.27620495081484,142.42844039464268,109.70455962760178,136.5412024702735,78.59566349219126,91.07164095405835
realization_54,220.20883584183917,192.15099493592604,240.3950342338114,76.75903654745012,222.8105389788902,107.90709164774465,246.2097099900685,220.5065758164501,191.99640686838595,80.45343684022991,158.2287766252375,199.1883573237623,112.44563862486568,136.14489784201112,111.30342601061776,47.51258680187281,137.74262637892974,91.74267640896144,88.49582018716137,301.1536560971726,164.63533940128764,191.00126671282283,76.55319730380195,24.29963954621215,148.05912913774995,147.6505098408735,30.858635028126066,192.7033555986589,164.76508017238822,87.02411025546672
realization_55,178.62693201979874,95.55374404694699,215.82800476039864,266.48390885366916,76.653231459689,108.90814233094099,145.12818795874495,109.77427367112188,279.4277359515247,195.0636463646378,72.34730802794512,115.12614459918584,171.65703191327378,91.42830638996676,266.42677391181866,171.832783830206,173.06697842111294,139.76553806959478,177.15425211385724,83.1553681058409,301.46594498427174,283.33141853055554,291.2504095589291,196.60910715649334,176.96296208431002,84.95856717170415,151.10694860955562,114.5572506484125,194.1920750285019,49.99907933072391
realization_56,177.02536350379384,175.33341495826727,157.29947014255598,194.84369572531372,153.0627785424214,166.46707621196876,208.84327150422646,175.32382469723578,159.23884941171244,114.39534990551476,182.99729165219293,115.66065733089472,210.65539536286005,118.1441706004398,75.05578018732132,198.72215100260317,71.44586310079676,70.39389013065147,173.31193631832147,119.59878701787969,141.69647395548898,305.5656309075949,208.30734045257753,73.20996547705822,225.31171630266215,108.20525520857859,236.24612374880172,86.42395557363582,215.56753725664424,129.57873917856065
realization_57,154.69087046505152,198.9519797865434,102.09860826252059,98.30209332445285,137.5841160189854,309.72907858977965,132.52596199074904,154.86316983933895,102.82660257951738,120.32341305441504,168.4366035173761,165.27830412944016,98.90438598861526,145.89564443025313,145.8228117446168,102.21509051344037,82.98046011108025,121.9860071205355,269.3199167220665,128.8780617179421,224.39535028320648,120.54634173301392,87.0244158012618,301.11496928485025,219.22627237867783,249.50359400134224,103.67720336458166,146.50126055246744,305.15942766083765,64.87941936146527
realization_58,171.27006870059304,141.77289728870733,36.20157601454598,72.12131549721892,156.97924274671897,131.68782003488803,179.34784905319637,158.57472433845547,86.73683029176219,113.92170867380501,195.6734314620921,69.13687838342503,222.53941084630102,154.99168333157988,160.22828762556276,102.10867098409831,174.21748973718212,122.05432798389475,89.75019071042072,74.56629329827251,125.4393058041271,134.8319604847586,240.62743507179857,128.58228836175775,79.38404641536042,185.61875107711344,130.82442814787078,120.3794376338858,27.453809372872946,143.79286589690804
realization_59,177.737736510759,210.113737997583,160.21498166691143,184.71589357495617,123.94116442178287,115.62470604584581,263.14581523744897,176.57676746710843,130.53754224144066,214.87041567365316,141.38729226495101,135.6746521463982,128.6021163424837,104.94164005344473,241.86367259423574,164.68443871313224,77.80134090410668,157.47132102134782,167.7249041738887,118.2488527604509,94.06399632911476,150.46374487008083,63.36743562044845,164.059411056284,262.2623847179709,233.59589506111882,218.82693977010823,146.50343083532863,113.76731768416545,144.76024047651083
realization_60,190.32309933514574,105.9177965463683,227.5792376027601,118.78299207535552,137.95962688024917,107.9559161457355,136.4633865630659,96.83067061422264,163.64607966309438,230.17346713807814,180.7998985240952,157.53122660778405,108.17114086310991,139.99001468433386,159.87406457335362,216.2927726340073,286.41159732127255,194.59604059795163,140.00952141323376,143.25309959797218,306.59982942695814,123.09554322722789,156.79046747986635,211.83046848596257,227.16508188597345,139.34757663043194,181.22338721371096,115.22669356224378,63.30709183711293,240.85216926832828
realization_61,120.39258494283507,148.11778816606062,131.2321798528292,221.78085294574774,119.88938771342727,168.548154144043,193.07085282764675,144.30171149436896,94.2846150899327,179.0926242389892,99.55602834386615,175.10584913382345,113.17431887524677,109.56298839005886,120.25622435351255,104.41913396685901,133.60981998508734,107.21084023251863,162.14675937000285,107.24951666679063,32.95385810548474,181.3480674683911,191.2397938337416,225.98805011262272,148.83106410950768,147.16419747475118,174.13499875219208,179.7288622152758,132.63198251635515,111.08492652115976
realization_62,211.9318889909395,201.96238883111656,144.25200112074666,132.31387146507123,100.94658273699189,137.6873469278618,165.80608248456497,163.08522183825687,138.11162210384273,119.06484773002501,125.23669223054907,140.7205743496679,215.61106028964005,176.271803443129,242.76400076176805,78.85063149374233,52.42550176202391,90.45534086526429,209.92464958034373,229.79087510899612,87.11549874323717,125.32434337410076,139.75034321373332,99.3666720635058,75.83285096345399,139.12407761537764,75.28868821588942,163.49904220541166,268.5613623216812,264.37900540818777
realization_63,222.92017369724255,58.18639233387315,72.23314701440039,265.8087365372159,127.46208659786274,192.08302001179112,199.35715335341956,191.12167947206754,101.7991754996912,270.55417102829665,81.25923544210502,161.27592688510796,85.56039498487766,121.33307286045917,77.41217501017422,100.8642136776764,286.9853738912161,30.291475528794948,299.05118384527634,97.09947489561614,230.90308759418832,185.6135465447765,147.36869996117179,133.42306629895424,261.93538240710376,134.99029989423858,149.38411573212946,118.12406435037134,76.41922506533453,255.9448483698098
realization_64,159.80040437570227,130.4037312145756,186.08243616746668,308.75553368316656,148.0795146283033,159.82237441897325,125.89682125982777,81.73976414816056,307.9982289286588,161.94576049322316,151.75987560791458,64.50729338011428,123.5265452689876,98.51400328106926,152.69291691670574,68.33048013242362,221.25504832923494,98.64050528030677,92.68585695834986,142.048203377238,177.53673275243207,301.1079309971653,164.55313009631234,263.264262142059,166.8174791114465,153.60939094911146,228.90992390367512,73.82835299852509,112.68160069658062,137.03967763660182
realization_65,131.8977038081695,117.1651718685147,307.8178093558012,165.62052159027388,141.90759741298058,65.89777727368696,214.6993883267658,175.86515569686046,49.52561896140772,122.20423006492888,138.02481681051523,32.341164010503945,131.11066871782995,173.42303195579478,73.4060037498244,278.61844662677584,87.6568891657695,194.40796510483673,170.26379889954674,94.35738801666909,95.51837556927333,217.0275682608147,304.33651730748335,238.87347203805024,175.61813015196066,30.462763406013515,143.1768393866365,171.69159866933262,152.24307242784798,74.6447097617542
realization_66,86.04361401663418,295.2952400952185,138.9018963757063,237.7952035884814,291.26933183965275,119.47022284385932,37.03451052507693,294.03266695204275,119.06656225923028,80.47978794098645,113.46113413198836,119.26379593360673,93.07441318952682,93.36362307117841,110.52396856862582,172.9136584559568,203.99651558832156,103.45868202923873,126.0944643074617,86.51552662399475,215.74675669180368,161.53586651822235,164.19945431838462,210.26454065837842,199.27035646901334,121.3079647029014,218.1248791844763,134.9882301240449,153.0731541411582,179.46834693226967
realization_67,139.23250570750056,243.582795498368,130.48094941846327,94.95969125290954,126.7153559361091,236.5052264322596,117.38862177209802,282.82203882435005,129.80241018883717,171.23501802402265,199.4797198926605,107.50126668558372,160.23406020179135,134.19160641050513,207.71787098626558,103.80208047644666,158.58160536399316,208.70047908131357,145.36368359631217,102.3747171105353,119.8789152427814,125.17588853471284,131.71457950552778,103.15163447385562,106.27263707803094,52.75299695829863,160.91867948825234,133.84763640706365,61.812104287241425,173.39493873868093
realization_68,255.61965823351605,307.4195796496728,160.44180357579575,122.65422164920363,90.55204390248139,194.18532432222585,135.93622806710033,151.84818580039433,63.26244352884625,103.24473012853231,173.7538547374358,89.9037766856741,175.95842960606956,61.93160079577534,54.25341765251771,48.106151669240774,277.4393277024469,169.679678886604,118.43598960136471,39.48828475705059,155.02505617092154,187.13347611436868,300.0362429082312,164.92924669708884,147.5558268172147,108.6691408183564,148.66256544153873,161.4160380816514,210.1706361652569,123.74546512833163
realization_69,86.98278956387517,39.51874830446479,199.40976365203508,142.52150850235037,107.5230248832235,113.53889164986322,216.01345774044358,219.9955616406062,96.76542132449559,101.36783571777526,282.548655759764,94.2706435835876,26.10010128299143,163.03109198462096,95.38686042027587,146.30390931035708,237.38240380509285,198.91883091744802,121.81816057407373,101.74283290700225,251.17453406568035,274.3909220984892,142.35848678442466,78.53705308714257,214.27295763744223,246.70397042062268,199.08144335013628,38.39625055647949,105.52680191846419,248.49331431742647
realization_70,125.2467134574095,38.48706090732337,200.9309894940607,71.56393289906032,267.6821583610713,46.192351670123095,160.6044665409771,66.7349088013002,257.1345666063145,32.69726363965589,166.43009937209717,70.73964380356358,94.49554219578692,103.54975929577228,113.65398638367331,176.5200192489299,69.40884861886497,223.2518153570982,127.49937194545367,213.94016416745995,78.00608868108978,204.2436862459214,112.7731000614464,99.43627450704543,149.00021779767025,65.81952017468768,249.2762793963884,13.796873004231557,279.789622133479,127.53305690027481
realization_71,84.64554376862725,298.51271898462227,296.653133574128,120.09300584386871,121.01677215694916,98.75906739146237,122.92198081175536,266.44164354209477,152.34181728139828,101.28230079994843,111.32801702162112,201.40937728581642,265.21565076509034,98.85354930734161,179.5563549726861,82.3700737425298,158.96291563169146,134.7604312119094,211.74645997511945,124.18713663120369,131.35159143416524,190.9916820934775,216.74448334458344,156.66392199229514,177.0293321628197,49.82906787039627,82.84949981780669,141.829872093589,87.17503649905775,164.89062909706075
realization_72,56.604227478852756,142.17512298822948,97.43238869348232,180.1665750176849,129.54779824624305,97.74353185941212,289.21395711630345,244.45362860523875,86.74534107546214,140.481359391832,89.23063638198066,106.1272485678949,65.86466540845309,129.50466738410017,167.10894738041392,283.64299916786524,69.69391762910112,145.62212837512536,88.4491247243063,105.78148402859466,256.77620142504225,146.62229351646712,124.34548516507922,105.43068778889534,101.62075374208132,49.6813917247251,237.92616677726804,233.299268833409,150.245413573487,309.36016023432
realization_73,165.81801778950523,154.45898075061274,48.45669690110398,123.37984845286068,86.4310842208481,66.11968968010368,184.56504054704897,204.04648640220503,238.35862337579053,61.933469754895384,140.31303390323424,134.89270322204834,124.55060501658865,154.5585733883842,116.9066831354348,131.4613892737084,204.73376951426482,26.353262281075402,98.66573761203074,230.3250467189975,179.13391732513165,144.02875776906922,222.53748194689103,64.30643625314391,83.33789886966626,207.87184824619806,156.14735546471053,114.26510218667741,61.58611438031189,82.25545758689803
realization_74,109.34034506752491,162.83669561209584,304.0444489730025,184.94408814494656,143.1261642598328,116.02100486893616,89.04543339691902,116.49788425997518,127.86996970217658,109.37489832077068,177.9493259314618,53.00399646680478,172.2174225521249,79.88456827856446,270.87631011997394,141.45878291815026,112.4918640298151,214.6821083540954,300.4414317964155,90.71167815501163,234.92919115679615,120.27960382164315,189.56456786898752,284.7442290061371,187.7109327953667,300.2941940358656,284.57763069675883,224.26076799511915,117.62567970587035,206.8132774377845
realization_75,118.11468539596336,10.862578573657245,120.898959932897,140.92203061936183,124.08881773757415,121.74209337765512,308.37313080356137,171.0426526232495,175.17674456189064,58.872030006394795,258.38137528684746,256.0345687532666,208.3487092533961,77.95767298907892,250.68015788104833,185.80354849208038,138.04989455377697,125.15950496229968,228.2939243684727,129.99954257575382,170.57667975492998,127.06790187556989,86.8408935440558,95.30013634096022,149.3022864919718,143.248374206047,218.99363857527945,40.11775598426273,120.47062402885354,138.9080012758999
realization_76,159.86471397108187,184.7956163271108,249.82307748209706,299.61103758194054,140.39976235290976,143.07495607548373,291.99196289118703,168.49214553550874,154.63578201535543,117.23652629569581,145.58615941272862,141.729503310925,109.09000282501341,86.82689035398795,170.51273953594458,122.95450256590308,142.66666802214195,125.77738412552483,244.38298599886193,110.43044422407823,103.46176217192968,135.3978126836982,127.243780346028,184.42903879453598,169.09052416127136,218.03046381863018,255.41444739935523,170.12013574525574,179.2333898293901,131.68602648431175
realization_77,262.6955628429448,193.86533397512753,129.30624172743063,169.56711185142314,187.42278903529188,117.1856651455801,155.70197485289341,178.466914130899,115.61920479632933,302.4111244927014,95.29056829186035,138.35231640640154,190.22855697731333,284.72904999316944,84.13182764559116,175.6212626417796,97.09733059227055,183.01146602362067,146.24865448784126,128.29024859651676,49.81780477462422,171.88355370630035,95.91247119776678,139.95806540922825,194.24604770904267,141.27256101745553,94.49083236036769,156.96043789834687,233.50168235524717,159.2458334025804
realization_78,196.86553843913342,77.83867038129385,110.03680878775205,120.20715390742345,105.13322449112532,219.2889679219,136.1536387282535,94.00470265237166,304.66692663528596,194.3035600511222,183.04126177211242,145.42513605562618,90.04567896375525,121.53081101942942,293.1547080941646,115.24067382616737,191.11971927372065,241.5535363241209,116.58356872127823,85.37723047516275,131.56853051692184,82.38067434910684,108.17260954269496,295.90338166000566,100.24476835762673,119.85246494780947,8.465538126436655,109.96842561767644,164.8189507695692,115.03427975186665
realization_79,142.32639671735095,128.21808101985863,144.64513313046282,113.69270838657646,48.9903628838253,156.96201238186518,169.6302106616964,138.4541498662652,118.02818598087622,133.66867972906286,63.558989251736335,96.46483057630559,205.5480246523719,100.93933363990433,282.6549884302829,190.2642069133578,150.8670797683021,86.39512205030411,172.27548891888767,202.341083686272,170.2929807459148,84.56483043027669,114.0357663439967,104.63402141006843,159.235509928543,156.09062848690877,156.5083125218292,100.3170568428507,96.08756866533619,193.66020483677798
realization_80,54.07142115501338,81.79841281398353,93.70354936453086,197.17201961304977,190.58264815745048,117.31241554180781,143.1958292481774,123.71939138086465,225.02293205177318,84.44715939935695,146.19918926385034,143.29502407749203,175.5763682754506,88.40986089518175,279.31913491027063,138.79195868699762,262.63688628961404,137.3360405181664,157.17523968221036,297.70018292225546,203.23196026164987,207.45166475381416,200.15472884167787,169.920061628712,212.04644731439137,232.41332980589902,162.50334797087874,257.39076978338335,258.7363277376196,110.30297680560922
realization_81,182.03464255225376,119.67155784158996,77.03905050750885,156.8437788772253,266.97274003368545,106.1158136154199,308.5258334594922,77.61518400598678,108.53983599594993,133.81263746374663,118.72383782631388,255.55601549903434,220.94560109696147,223.12828336436797,291.48951438873974,120.11446306390637,152.34877853460117,186.86829456671074,117.23901625491239,306.05629317123686,227.11398461580202,291.19505118215596,242.86118494343862,287.8120593855799,152.6757291230723,152.577520557713,151.0798597512457,161.76700711971833,241.15659481897637,99.11687146894913
realization_82,115.20574409777676,117.5658283650801,120.21190589496464,40.78496114258511,123.46858267191612,119.64498219203244,191.53083713906045,95.20734204434152,194.30232981532694,124.81759319339271,201.04644672570237,169.66938971662563,66.28267520095922,48.61246317016813,150.537785622791,79.60692225418312,174.20324312678716,260.1007438428444,182.24029810511934,297.31581098931304,229.6817413852687,131.19832075475958,197.6314156293308,199.8099928498438,82.44950499857393,171.7006151470135,103.72724094761668,155.8991300942279,125.75295858417104,16.465065758438968
realization_83,99.33115469111861,60.15475266833295,196.70778062242908,36.65087245497982,82.54017126911228,215.93387472920034,118.52355994499466,136.31143264139382,82.66718168751385,88.20910398810722,66.7445308558037,102.3332385243594,111.34713757528566,101.64182305721509,171.08338581111767,228.60720768830222,201.11016036473748,82.40955497486891,122.24019495793732,167.59572906134036,101.83745271972877,84.69445648703172,44.3124874959225,95.06284385535598,140.83469426835407,204.8683772042334,128.16211389917322,114.01021682565496,150.83654066273348,56.37135527713016
realization_84,144.5117861446878,210.96543378504379,42.88551032545024,150.06337615274325,123.62889930217952,104.2598163531315,204.6275196883965,138.33204063707007,63.05498928906589,144.44907178535203,199.11173129715056,110.99190767430207,305.8985444710048,193.54199417771056,122.37615764868988,111.90224597218064,96.36392131154682,68.7264436763565,245.71354254106365,142.07477727461128,279.5502922859279,297.2854597002193,77.5786592839544,150.43118581245426,260.18478696453434,145.3324627852436,172.9615552916652,169.2440733545912,199.06768284172657,185.47344798940043
realization_85,189.89613288589777,115.3596416118659,216.92927254460074,154.9203748777837,77.61531984774204,144.5219575137238,147.99717977125107,22.547133685792616,152.48350015285536,139.51616875564574,178.0443601409926,114.85866299808762,176.7744207374318,207.89287432101472,92.86392029474725,125.74406025660615,122.5008366381341,303.9239457253694,150.74955992988566,122.60726274270397,163.2796497884984,187.71750747118864,166.95994775381033,90.50938944743527,190.53905991920303,189.14557202479543,287.1026659139605,305.7720582315673,124.36179291787829,304.0827187228725
realization_86,233.25418294933544,280.8298459835775,193.8318111118565,141.6810009844502,81.91479191750594,191.8774446562801,116.661652876192,124.49037509385711,121.21372392706405,72.07973075527643,216.38894842010268,193.81536315456327,264.63606799645015,178.2073707268998,81.85874515467682,184.96479236928826,91.95342250272628,236.3287019832998,113.468010938417,74.6270048006526,152.78262960394454,118.65812095161515,166.76454367474707,194.233143393906,99.65807118713914,191.38743111050528,91.244775746533,229.81883961935645,215.1009859589317,253.66330113764286
realization_87,154.75258661521812,102.71959754385423,151.06431942326924,127.08444117412188,174.77175016416405,212.79228231425304,157.4898717927894,18.37405274126516,23.72354265064549,37.74539906333354,161.6315959492025,158.15038244304213,73.65261220052031,49.35290367496941,102.31085926998446,195.5284012261087,142.8383460207038,127.02851380560837,169.71286441910814,167.56027133531538,139.61673160483429,149.05790273525167,64.32022291389441,69.94887759901899,259.13289570188795,115.87251263622292,117.05781681592825,191.78252817169928,282.5268898576282,270.691437685001
realization_88,222.19142951693195,169.25034263603948,115.1013008916417,103.57783628093894,206.78514404406585,35.05613016827208,158.15232585937164,113.88420424323812,140.8107658493009,215.8377919193023,162.3440749119792,251.18354111885847,140.81374290118606,268.1904455923227,181.937094543839,142.6383136479074,146.78865431320114,122.789804940671,95.38583496333945,290.96987905287483,236.0908128495806,84.15619160852964,174.94004790195734,177.10251380765044,295.7459435355387,168.74241349734174,194.26251109513413,114.3075628029418,149.40215253747195,188.7525887036737
realization_89,126.41555805612222,165.855080156173,147.37365329745512,126.95689912623263,231.47320715064947,240.04077642710195,192.07607516581425,98.68634410752327,157.917911101232,92.03562746352,141.10133236453808,89.981976846038,164.24194542467967,216.88832595478812,133.99524890344046,153.4677737487883,185.56764242750933,168.45045390935132,90.84733735927907,121.8193538342675,180.213238401943,138.59873844139116,136.72522611423506,214.76557406721176,98.2637380242801,158.46997660743702,159.48879543138463,104.85377675773191,125.22426494227452,243.9076434215921
realization_90,106.9786919013336,90.26554446213645,95.64503069103954,175.6413760773593,125.29632919058507,69.58671123816373,202.06671544320798,139.81408461041198,37.903590734683235,210.3667870351055,83.21062931781451,198.35334149392253,137.03953153965006,140.7902033636001,126.21439485342775,196.07074843073815,157.01503427161913,154.0161855205925,135.37659178346038,169.86106142308722,185.29998939070248,186.53578839832605,170.26739660737707,154.85503034654258,197.59436302033706,156.69548607631197,292.4353696273298,127.95719429066035,101.85640274796508,162.2422533220224
realization_91,95.95671515448106,47.88543027451166,168.8634953884112,127.36119568605486,198.489048150355,116.10292486866352,150.60460389585683,231.7812913968668,187.71895065015087,251.24661821895415,103.74318647504157,196.77914850592677,129.66629255596666,158.97040644959026,163.31341787949168,120.03719636812856,107.42689400960525,124.65827021872721,163.10000516788045,104.47104675374578,304.58902109650666,144.10514037804572,154.74334211932785,105.07366598699019,110.76080289781765,172.18590049535646,306.0516874924295,275.8417085149045,62.065411748560706,113.57467521011004
realization_92,94.18133862952477,259.9023029207498,31.117290804939188,196.76806208528888,229.16306016086514,147.55650889090384,162.5752320137509,152.95907883212723,141.60828477170844,149.529021429492,161.5393562799222,182.8183767391964,185.00817079851015,256.8456933303951,162.6636522464434,180.38182435482625,101.4825547674251,169.97907555062991,144.3145750360003,68.96457449438202,273.43759082388584,153.45845811574927,135.92800836496255,96.38748591976086,145.63780468057698,211.78983204849482,54.00252307961553,122.78606772949162,186.23443223575373,155.60324219777775
realization_93,171.6745175771547,151.26565646046353,46.96889301193606,132.44571847975405,226.766041065657,154.85202336148177,113.75492311924428,94.28425901141236,176.12620458677185,173.15759967863605,247.30012476411267,80.17175065328628,199.46229397865156,124.35075508974543,158.9573543204855,112.42855466382713,156.92388732096225,166.95178856406557,94.11425123365113,68.78057385219903,137.63752847168055,58.274778148587345,129.91158575021169,129.18623716068083,180.9683474742625,149.29637697714153,57.80882415027933,123.96684698980651,178.6014045707225,149.41794954008304
realization_94,95.91420614287814,158.4897720935222,247.53689336519633,207.64378209729148,184.76121187871854,143.64934953407862,113.40570341118284,91.06169358038193,169.38709266436524,159.55602843058173,283.0562616461648,297.9119239939665,158.2021318366621,62.08184258602383,168.75289255209958,98.62714547105047,151.0293761428057,185.66051434133087,46.95456129136676,208.59483369528465,201.32288881366756,84.70037518859266,84.24401670337619,121.6485574206063,145.2905236113196,82.30725363061572,197.2824085933159,195.34377327084127,253.0728784266764,90.29342785378805
realization_95,39.85910110725449,125.38869578210891,117.87086410350817,136.61082873500447,141.01114436046677,277.31367799931076,184.5838326577247,139.59642590344055,211.13580609337887,238.06328257560014,128.69166982485572,128.9753400430514,158.9103082908095,162.53296902048834,255.15688144377341,101.79691604056242,51.33273208266353,309.1461580314118,83.0361438179202,233.90985500283352,203.13239401268714,140.5394935682485,175.11330673506671,89.95686715801654,144.69194932960082,95.17200268035666,247.20303479930485,125.34333460368028,136.8662264364657,195.4001058209787
realization_96,28.898056096164012,210.64901145393466,149.1957785366722,121.9671826313447,142.68516121948028,69.56454581795775,148.51481031622603,225.05591831960592,89.99217535100047,156.31772925303983,145.65682266105304,171.8209355410915,101.188903589539,131.19808994291895,169.79803847189623,90.85303127203726,123.99394990266471,216.63571538590847,109.98412466222058,168.0020213348609,99.85139080466982,170.97724227234573,119.367998640538,57.55310991119442,148.08215298144535,80.01402516376848,41.8894569198912,79.29301141469892,122.52011491950397,144.69052087434844
realization_97,164.65066894477627,168.17832823786782,100.54290522490291,159.0486705624687,152.0093908508006,229.2822682623216,132.88428327007514,72.00573610423075,290.30396977508576,95.80664348906359,132.97706105388258,234.2647398502516,177.4089545314926,106.43139662963704,260.3903683134169,201.42721679432307,217.5140187689103,265.32001979148487,252.2137330663922,144.03585245994742,134.69681316455214,184.93395329948237,144.58637462115925,146.35718896834666,149.7905863969802,151.00678514121563,129.2912343315872,66.45056593454112,178.52993903930548,280.8118961280696
realization_98,185.61385774107538,120.54388368958269,184.0437947472011,130.17221553327516,140.94186260294987,131.58328372345963,123.33769902420832,38.927454213931085,113.46162294374724,132.8121948448004,181.11655833104618,120.88818842341229,162.49019169261453,105.33116462011694,277.5794049858897,23.02653110249838,276.4519418980579,138.78844662870944,91.83997209968389,144.694851133914,77.50909549423163,148.66198428695853,288.79366075221833,134.4878281801712,68.53033963203538,168.33832457181185,308.3124951044615,116.60318800205546,240.53941613586036,83.99229598385269
realization_99,143.80803293330825,189.85608081984094,251.63734910328841,216.09166294281349,108.21161905548558,183.39879022345275,69.70270849996103,74.41775719804782,302.0359458387341,109.64870118106055,99.43168512602425,159.36754447397269,144.69014671301358,125.00174461218673,131.66783278383753,119.66047357810808,236.53227564921286,180.18382158672534,191.26862429506545,136.25330099546852,295.7223274818953,102.24061611552811,180.91979848216786,207.48299754811285,89.57489787546375,167.6482536396246,92.03442109830708,113.48486474504597,64.28033778660205,232.208764865642
realization_100,111.8951850738786,142.42366359635704,194.41810002875994,101.95734676770859,76.23408229472862,18.217234939018958,175.42141834390196,166.07146015877845,26.30530386486398,124.77329155928537,180.83334658297764,266.8407639956432,50.96158650082111,211.0913137894299,146.45682054007153,153.65935910894635,176.86635751626267,138.4808643369097,178.90199450664025,214.0901969645606,268.3206076949603,61.62754864650461,153.88407579177652,192.1973994529426,170.03112657834984,303.5449292190342,123.9046426063991,225.75452105395019,223.58300995381634,202.51750373596695
realization_101,301.80105685446614,131.17172511646055,227.61798251037058,128.45089928337407,132.68782981390754,196.93143753624437,142.30601240632134,104.48860793950408,143.1800819517253,106.53314526913628,147.99979108629282,161.7412177504301,68.81104528813,188.23245327557126,115.24689763373021,157.38186522413937,302.2965999876171,219.6424212567442,113.56236564021714,173.92532087848042,136.29185910799575,137.61579437703628,100.065347449341,257.5961754613032,145.03040105365596,154.20352557524816,116.61250570786996,157.8849500386944,127.48061131985101,81.21856991891792
realization_102,270.0593165581582,107.4892253830404,131.2281066253808,114.41895561821887,122.9132100850359,247.12292663053194,179.898775838242,95.29507970979442,169.43513080466775,69.42391319261431,194.08465314420144,41.530155228285494,138.10270100495248,83.3008771173107,125.9644470105229,307.6521247148966,285.9183687234805,156.75412028901343,181.8429019657073,218.7536230574319,289.20201837387685,143.96368902622015,139.8453663468278,106.26070573200028,115.71890655696555,274.34739186968767,183.03190748106405,92.5259265782576,94.90924489280434,171.96304165119182
realization_103,83.5262440716783,119.1541741141668,63.71488890747097,30.665679812030845,126.77972795319218,200.87193539122353,127.38347140003795,182.8833383551907,146.74756295599428,114.1296904708284,77.63634294913314,96.28425300039909,182.07615836081126,201.59541343553659,113.29047186223198,120.59640789738988,153.64155626605265,190.85208430714928,237.5611486602817,146.39289952819502,195.09590094379496,262.23313714323695,213.27232838160552,129.75584181337553,123.15429072773054,168.5954974719211,204.40640250442982,227.50426018551622,270.2228758169435,124.69351374555
realization_104,219.7163761112904,269.3297801801567,59.37264029819353,157.53996017682465,114.0352353976569,144.18748220294566,143.88419789930154,126.63711888605316,116.19274501638812,138.6581232274989,130.32510960154394,103.2795493030321,106.34184769545064,144.5573562148209,275.6467821515598,143.17104437394048,138.0611895746382,139.5684528152367,187.2680779796331,190.58552307830183,73.2422927343266,131.92610738373392,293.4112270064314,44.87392913068621,137.21954861829693,133.15381463541783,231.5605437770806,134.10682968790502,57.633543602128775,162.52783221709484
realization_105,99.44226506059397,163.86345218858435,302.4281617430571,201.27991296103343,56.82411686419491,96.67971547424858,102.16484657742797,217.67148498824528,217.8230420639234,64.54839233688708,55.045881805170964,151.26006716936598,235.7975371548483,172.96178008381054,158.18145223281923,211.71125415367214,164.38565997212672,293.0690366412567,165.64505346189122,98.1893605853469,122.45088257206278,221.63651762584357,176.3978381104836,172.12476365683045,198.05012126129725,151.0564936062168,105.40781384835387,93.01008927570744,34.94756763859617,36.78285926819046
realization_106,267.5871314459042,252.59100268955063,110.40988789712259,148.35688096576237,182.22298102149733,113.87759636075293,101.87397616511463,79.37562896826688,161.84579646384125,115.86349589965607,32.91665344576374,259.85640076830333,163.80541090898356,212.66426527832908,57.17596802040879,270.4966938617614,308.4084834684599,61.714769971824936,172.61465045960333,81.58746831178246,216.65381541214714,76.26156829370791,130.57918074437794,216.61794397234848,157.0567844127016,144.97899784054084,84.02797003736956,84.3467797033075,131.616692469029,123.53642388287437
realization_107,205.2496471473964,164.3137396057889,104.11757076323319,144.21209923266974,297.6470639055301,156.32210258203511,258.4543746066461,128.72198099650822,231.50476095065397,299.70681055492383,200.40372545396892,82.80350000272665,232.03736184268718,146.3661938289135,288.79980800656466,82.47265012957347,147.48920921846576,71.35068460865185,119.0044558158782,228.27078324549902,130.0978823462614,124.47366300326675,302.00004208142997,305.0291828594938,87.18288184880869,96.56802613772226,246.3493754662351,122.02987976126866,154.5088007833137,249.71416267103504
realization_108,300.06718443833523,176.0414914869585,136.9855410166216,95.64160789870205,66.75420702812357,101.11853838771977,69.69900338332214,215.07214535785846,105.93361676028415,102.24661821819473,185.39384783139002,157.26057655368868,185.4603832694566,138.50913039937774,202.6273365650848,292.88259071417235,130.55098992269606,167.77836651615792,94.22223892638334,83.26804603927471,186.58131201009093,141.28229720309434,125.89331283511606,72.05113260938319,113.76899229285573,282.9337424204955,213.94875167456541,125.81607075534936,133.66492591778106,139.91936798108907
realization_109,198.12875465322534,163.33372773426802,89.70423353201662,153.49424630652084,200.24290761822726,132.49727761604618,221.6734685506398,213.36039481216977,285.84264948582495,283.95449440508906,172.66294144997076,292.7222688116261,136.1073893328902,138.64604858390658,61.01562783212677,89.49302160805843,67.50231549335233,100.66507453476493,99.66700358527515,120.7888474208178,109.3850544128402,36.52327579638913,150.99935924762696,97.60790937324899,109.09356591852864,57.746209208460996,103.59915448668349,146.90878463503503,269.6430350566769,72.84635509145562
realization_110,136.40121508925338,134.01017468369022,284.93607615137074,190.63075594116413,65.55279399496233,158.38685771279032,213.60552070147162,147.51657392429433,136.47499068212127,159.38959651591577,260.75836832088936,138.43869393440204,82.2489988872731,224.32754407633274,145.13024285957235,155.20572507866174,103.11447953979459,194.7078812335978,190.43772926876153,109.1015948221342,74.7471055809012,234.03255152178176,98.52439161024527,73.45257665998864,153.4090236008843,120.84423805298414,174.1545547378139,85.63313990055977,223.76696793265882,172.7585455838217
realization_111,121.23515706835077,119.45351928031845,174.34716020093353,64.37832397705228,88.86358789175398,223.9876019421351,80.7598889575786,295.4455259328865,137.0384520954301,78.5014269202594,114.63183587084856,236.65233761273896,106.99345916009806,175.0697280961258,41.57213342222312,113.26649153621787,227.01030205776468,275.03650175671424,278.6436710927767,195.26897077549768,100.4884214965545,129.97799420905153,66.80747028447233,99.5160456823615,99.15242695560474,276.4409924265657,164.99397751791793,128.13833861308123,153.8453601689795,220.7873151185075
realization_112,129.93196460277537,122.88017502294244,211.1351519197066,237.4114207564981,138.7385248594801,198.30943633609746,144.9712008694894,191.67266278292132,149.10539034570863,110.63993732659208,198.0184696931767,103.39013606882335,86.74598700720273,131.14397794274933,225.7484663904932,222.79703723023732,292.3045784788511,99.93292390915471,205.32134917977578,86.71871884456085,113.85165624551257,206.45283085500526,110.084109985588,147.2700119123268,166.88172983282988,86.84731565605013,182.58429705678645,295.5457896318215,233.17256719251913,173.4628377490867
realization_113,156.2636122146487,139.56133552911737,248.4763133464534,127.14072294344824,181.13841675952983,215.88571158776193,72.09090988887584,106.98000064791633,190.6573054412299,88.50834735001605,110.43156185158102,285.3211295335365,126.30876412584061,192.83788514484286,162.75840147346452,96.4072629542126,162.56711654940673,164.6562125614815,116.12917389363659,122.07855618981795,37.559785512049885,176.10818411971823,117.78781441470832,274.973902240346,183.07232251590423,83.67413073055334,100.32923006231708,144.1505311480961,185.84551319603816,68.5656031021142
realization_114,59.155136450437276,60.61175999854865,77.91163145706989,166.9187482145246,182.4023772287218,160.62247227445687,126.47351898899674,43.173609259564635,116.90588903332667,240.68362050888948,189.08401385819093,102.57694059755177,86.33444012723676,150.008885892914,99.40260049221534,44.98865368071669,163.95118765994448,144.53596117606574,156.79322169947383,160.34280099134878,295.8684160208648,64.21193320035665,138.51537464457402,95.22192205213118,223.4569196380124,240.33257758080907,217.33413894233817,34.54556616403838,104.16683760012397,102.75145645115127
realization_115,273.41809186366635,180.40930408346185,166.18329498331212,94.94610916170991,174.1823073472999,198.5824662462906,129.09637256173838,84.65395647410094,17.78909557740353,62.22409299128132,191.90450648836742,136.5306036321324,288.2115187165782,303.68709817542594,291.3023063856232,261.6574955980659,147.7828241833512,275.761030049531,176.11712008561187,209.1666440721139,247.55624173439975,97.73917754199002,107.11030325918281,126.5679159388739,174.51163127193203,167.87146773117883,152.66240469386253,308.243914177581,280.74252443841976,275.845582603037
realization_116,82.9382610392349,113.79464648275261,129.55629269688626,135.211330613072,197.34724627984411,66.96388454080088,98.70854678883913,50.01085050299347,59.259809887817084,146.99602905858558,186.4425141133845,140.2281951229805,78.10725253001604,149.13161543306836,102.46057736722774,219.78723608389956,144.66548222759815,89.25177261042698,115.58367764475281,129.4069741432365,102.90909222311757,169.50364588326397,219.41871980082288,194.3983164462284,283.3136316297628,173.51161169154534,309.5575896500558,125.3018727411071,115.04338218914684,177.33524342149408
realization_117,161.2897307625453,81.83198972831188,220.88309954816526,97.17625672094437,261.37458430895344,103.03923101833007,84.61590920460466,129.8050763048449,106.66434642275881,202.66143997339805,135.04297958499944,150.06415363337533,200.5371776206764,289.27697831360376,154.25068507281074,292.1343458959344,115.60484037215944,192.57486314391676,124.59362832498397,143.46971463247675,82.74492253630049,64.93406133639044,175.60716357555984,116.77372799132334,192.63606629401195,124.52021136529294,121.00149587641549,70.2930204526062,132.8891454495367,93.97693499566395
realization_118,203.21937076406965,76.37158084890726,233.35319426281507,97.56495698649445,264.05668165337215,79.16710493092154,77.73352372607641,283.21133819167443,54.93606980931694,187.54107779086158,154.07271247268577,119.59653568852347,155.9601691301068,236.89790015904575,47.448486576113865,94.83960825810729,130.38402748123244,178.02369201665738,55.55325570916125,166.61976437382066,126.71457498635948,198.1670433947499,174.79818437744342,154.85119361378554,152.67383973882224,94.31026170049813,77.2747066644781,144.87416253175783,118.70000879123114,158.19651826356645
realization_119,160.9858802769308,132.8410169998681,84.56753345363,61.900932928669945,107.18343069907816,121.3127255537119,274.9436406433824,150.24478472378,127.49475507464587,111.13105584267356,250.7043958451591,108.59932516824419,128.52911148991322,191.84157802223197,84.92655698393872,109.16080031162416,155.31236410603108,166.2643114686111,197.2686059397163,148.6487066537075,188.02732709129083,95.02196640480078,294.63872920095264,194.4037280532842,92.93315744592414,76.22583825898423,134.5469945464238,130.93204871595557,105.1495647544895,136.84547639746356
realization_120,114.1489662301439,80.05798010817176,139.64684127988346,62.75962993015999,238.27972423917555,107.69122405175989,107.20458411591997,82.9355089961264,82.12163476994918,179.07177251259424,269.6826286348275,59.70327083023591,132.6441767802458,197.92309877628512,308.162172269482,101.17231714263576,107.04255816430609,274.1923006493954,115.43046605969607,185.70498602828505,233.10784456244798,187.8062545879069,123.64611525554135,276.5707374594599,158.0573223793243,125.4168152124623,151.74562210154943,228.5608427425407,231.89531768620776,246.02899168053605
realization_121,133.1199547586161,90.02898077047507,95.03839107399895,123.3389547695177,160.92367080061027,120.91192839813723,87.62970220755224,267.67609550384464,187.0707014186987,76.03000406013948,114.68859491669816,153.72667258307158,118.08513901174203,110.57019884904204,42.08322697862175,142.69097438400365,248.91238308417553,157.80480759462895,193.79182300909252,61.78687779911261,49.86150133252119,142.95004097490192,176.33550694301294,140.0927587163945,252.86848218942586,137.13211044268587,139.11284494687027,176.66845404967916,62.10645301953639,130.94650409374748
realization_122,131.9687249149387,114.5125546163675,65.1323146018779,98.40756073687972,146.8216067039798,192.68374229678741,134.99157742624405,192.57954117407036,84.71563021160837,146.82477437452903,85.89612420000839,76.47397383324244,75.53393784574354,153.8785437227516,136.13939107670572,216.53262099661154,144.84468691328922,159.6856536260209,234.51227631425584,120.57708241890784,166.6485630347483,148.03775913120165,23.083331833023642,73.1168845527738,70.54130552503449,196.4453677088704,74.6135710869798,96.51940492360269,36.37245794532594,110.70093612120982
realization_123,222.97310789118805,175.33139128958328,89.88778743833974,117.82464902114704,136.51122040157182,156.71988639539885,118.65832051400248,219.82124245843343,232.06205307553347,143.69671931544752,172.02612117190242,155.90085593581884,192.52991831255753,85.87063548011704,167.28364329093995,199.49464880686583,182.28908258419347,308.34526697696714,200.14342496096876,153.23842185322303,164.4360341264567,258.1414046918827,156.3009766666014,144.7271174443477,205.71198219158765,114.85732699776406,184.43106246195487,69.90525571884064,146.65410013188745,141.13566588590393
realization_124,122.70180737617501,134.57726641636316,97.74123835691752,154.48689688852417,59.256547421688964,302.8531950423827,92.49499892018875,302.72969046569386,69.48765740797046,156.58051271891077,174.68487738783352,169.52696088438498,83.52236269509099,128.74468537739898,71.52674457241129,68.5845197549325,92.13883221784143,224.36088938389008,83.89895336006431,169.79144561710473,89.3867932233614,91.82942482714901,264.68505772752053,106.4884368025642,59.301222422604276,80.24087594456827,145.02172369515046,128.61136390736482,161.24232033375245,144.44968584073428
realization_125,140.48347212616954,155.8922900176143,100.22571741639558,120.35808521756003,97.02795495795522,199.31489569108751,93.66116831983462,110.12959255738545,50.71420344976728,198.032329315062,186.41588662296192,268.8461425295616,165.40171040693738,119.88394098958872,128.9547265138497,192.47852934074302,94.71363082646998,162.30919788479602,97.32755138050828,113.02749028899159,169.48671755303167,150.52343123948867,139.95435435385,121.8183900788463,129.96743843130082,189.1458658252929,179.1749010174697,196.1034415078556,161.09185166331113,277.1706200885351
realization_126,54.174507501436906,245.73465508468132,64.14665891689121,95.690368666739,236.62325754466025,188.99421791771914,35.37029245270661,86.63754364752592,132.3159840255566,284.15485780804005,126.46504696904164,211.3843218349478,152.19371657472584,214.9343160283931,140.8691981367702,83.11296472387028,164.3207104719232,230.39426672742545,304.3762508635334,75.99947233905758,85.83046088501064,186.57456876675496,25.909371355000943,46.15837320751815,293.48298204582306,158.0915910141709,127.4904242507304,138.21325035664762,93.9899902389204,185.1416695108187
realization_127,113.80465282448301,138.5939149864217,107.2097934112198,260.47047135909094,175.2370877990565,134.73271873127908,165.90553694908064,302.6487260976124,140.67161622405706,154.26657656988505,262.4598582424923,42.15310524535342,224.9739865936557,171.7628219476729,166.39266881347845,82.1949887794674,154.23501552778237,182.23012854137465,147.15779717308757,148.1817958071269,294.4522675468258,136.3348104401576,191.2889126710652,103.69307869981019,195.29264095039306,80.82013779386861,96.1491329309327,158.48568007805164,150.5483434789827,182.34613514769114
realization_128,124.10702610684572,71.6206239615135,290.64720642553294,72.55380774214896,244.45554612081781,164.07058045490456,153.78176639428477,97.80581041338837,240.5359277354619,127.27275337657278,209.5958688749155,129.68427927244787,86.86044626139861,194.41613255361048,209.09458979574026,49.51650405677461,107.78825527902495,90.04100724271791,138.32872946903032,12.836226668992317,280.549128212464,156.17886472674758,63.426989686455215,223.49052293103247,288.6521345645466,131.44161420024827,240.64909911262268,203.5258957236469,202.07464403029195,74.33450928337273
realization_129,267.98000393165586,189.71586804075966,123.53446289342197,172.75193628255641,43.17941227390434,124.79426913331478,107.96423362676384,161.18475164829164,194.56194481667347,110.98895521349036,82.72737900449857,111.05608627389518,193.95330102211483,200.06735193885473,165.9884190926486,164.65568862172444,122.61341884539321,100.32305001332176,99.19898345453967,266.2657641961323,133.24766525365172,265.00619440739666,92.94350262674138,81.27833530870248,168.0325263389246,158.00170999820037,111.8039124541579,174.3640209510291,189.63598351913768,224.89005319245086
realization_130,149.15160707865957,130.0540558899115,41.4383788620769,210.08860458304466,114.71367540942897,176.9015581900892,79.51996347169947,264.5200695414295,192.41105761404552,137.3072968269521,186.18907618388948,280.85097851162584,138.80291810322936,249.24837205644172,140.62138458899733,126.67207720246151,155.19459661619308,114.23827451555769,222.3575919055565,72.29257932323465,158.9341492039801,160.71467095339517,107.55946845430466,80.99133601558479,59.71954270319,181.3087697329047,67.14467346241938,52.341154045950674,82.98549981399432,122.11613411392091
realization_131,116.00863451894955,181.17227934174892,100.65817309943367,179.97984857854362,172.96193538854595,182.74917659678147,155.37912905799996,76.53765714528836,33.63102488394941,175.2925023611039,174.33337726089752,197.93169096008515,78.10484127741508,91.2873166865238,152.39008937589594,237.34047094383988,100.62615896116685,161.74539308639018,75.59024163624983,88.4358517737805,136.03115760065162,86.17738643434879,98.0263089119849,152.37013708546658,175.1247179109284,120.18161077385513,20.74022876261384,175.07790314426293,284.4098882678156,100.18043997500016
realization_132,120.23360895822609,125.10648159044348,127.15552693463022,211.7519600243291,94.77199703257074,164.277422418383,224.3990386701827,97.65368286795868,114.46812816081548,243.71711418177003,221.53875246030736,159.27504384062604,67.481076215835,90.13893535891685,204.89920143567844,158.24962818665824,178.8765286112893,99.8080358407295,59.587475515981,159.46236799023714,81.673751166939,99.24556874236565,86.63074629160195,224.74869010285673,159.68930473857512,91.05943112100077,94.76901365597286,145.3730523476997,227.3400248966252,176.50986585059104
realization_133,167.22207198053752,172.84543186717283,114.10976385033189,157.48606294170702,121.56309024381405,277.76274910341124,116.0340710299711,283.27345876301257,186.60520190006247,130.92222831220514,170.41464255645383,175.26633572080075,178.2300822773695,110.45408034041961,112.14717523555169,156.1886446588891,190.91929095751826,153.1502816190894,106.74592067449657,261.9626161280326,150.952718931909,150.29187243856103,139.9129998837219,250.04834483300493,118.18102430221003,175.246233798978,129.01667681995946,114.97476053928898,110.96993247976273,236.0745391815668
realization_134,216.69852441542469,85.93945829266288,255.44984297377889,182.97511127325524,44.30985380271025,121.1367270600759,189.68899790896748,101.5249648461836,169.07066421475204,28.836517777253476,178.35464985315397,130.98106795792933,128.08489517967175,270.09751006603943,119.46584586255001,89.55446738435836,84.65812913524721,87.85165941426558,286.1791357133498,138.9353054740151,75.73170724325274,127.24797775974314,139.41684327745327,157.54626164174607,133.02752169506448,44.013626654498296,113.76254899981252,131.03812044079228,167.37155340036162,147.34724627039998
realization_135,196.3416519226938,135.82193076456662,86.14612595986009,131.968106121086,122.573624270539,193.27983350978016,185.3919803180315,136.65061241373888,212.41324808422306,183.00967229990124,116.38871932029893,150.71151624475436,119.61353734833585,169.43744447920494,292.27151729436684,110.08947472039618,117.10068640390622,104.74384159926751,177.0134331681572,100.93707680547456,181.11892546533628,203.80799984029153,296.01075862556854,55.86682510480115,125.89373211128802,221.3780970179774,84.1198690591676,103.85419263417904,129.37206983555035,128.5018395005431
realization_136,29.52210168213429,169.57127956453462,87.98458754795409,164.38269153394222,72.15082770481858,171.4559581802301,237.0525818946084,133.50209120075147,154.56583062879474,95.09327835359228,115.5438583118902,205.933534850321,99.89899276525794,94.53924708447549,224.97097701320982,41.367281088786896,154.47464487063718,116.48600787294012,136.95410883890835,172.16712226922,84.87421754820497,199.83273146011348,152.13781603410413,150.65194534187685,236.4091667279329,145.47173153790823,79.38927405931088,127.04382702775868,72.1890083152322,102.27813570659563
realization_137,198.96369711147233,158.322189425353,226.3374933011495,305.98080988831873,104.68728235583876,47.307755835878126,107.87486035242082,196.4086379905644,52.81356134508021,100.24674266998802,262.3433991315249,256.67377171799444,135.559505258586,136.7564076016492,201.01028171735126,93.71162031151819,162.88196050966465,101.20322510991436,220.68485597959568,148.2847401902121,203.40547017107974,109.06900482854586,71.33228268085841,93.44486458270413,128.13822279726415,204.41769438911055,70.11450631461307,162.27863006444204,91.76499667135502,113.67464429396131
realization_138,142.00441020915076,63.09285772565159,158.1510254862329,49.48856917746804,74.3478710606128,94.094728484442,131.16630478881274,155.68132618610403,175.1200313157494,138.07428049127196,92.21995233324586,171.00843231893444,94.97154533490594,131.99339984193523,50.83250063357685,234.9835057470184,86.03422537614618,158.20231367992466,143.02379266010152,62.071896096373244,158.4899099796871,135.3665141618563,49.365657902526806,128.48384754278607,129.19440298344776,202.17986566188404,118.91672302230631,64.82001349052835,253.34709827832427,258.25086278830724
realization_139,145.45011746218097,153.4526294620152,275.233954918028,172.71864552164175,283.1427535431659,76.45254684356772,308.2469643687062,137.3796629934035,119.34892445957813,190.15190287135826,151.56204010981938,211.20320363822515,236.65010420070863,297.1991259154368,88.69367818531443,208.7617027573486,148.52017526491537,74.32912704489073,82.28488715876315,127.21030640754996,180.63041714332508,131.35821739788378,95.68259062877591,123.14438410692085,230.35221710399384,206.26714041022473,196.69263116738261,143.6342312558798,248.96054381241478,259.6031212576779
realization_140,198.15508913597796,191.55921695441904,180.35355539121556,297.3421180252969,108.65399211479851,125.8318186953892,114.48708275344578,178.92809083375673,170.4912143079469,197.34008944134715,170.57278784630006,3.265225444578107,179.6385701424233,149.40729625462762,52.17252517917247,115.23710559407719,105.84541994195213,160.0100046830164,92.15787583551784,85.36890975757672,111.5408778382891,151.0809445853028,24.977037396684963,151.03264312967437,139.0797326703979,142.27626479651926,201.18879768736116,142.05607500883173,226.86317775940162,61.49717091555585
realization_141,215.44261509746335,107.55576330382583,250.30339384865096,42.81628165075538,268.17947535584415,173.28352840671337,160.1468151290195,107.22665514259376,168.35470822370894,304.24333569896106,108.15791809826749,125.06577384890772,278.2799169238115,80.77736852754823,86.24612095832603,191.60779244307315,158.26015671891776,275.62383953747053,172.7079556246383,78.64371306461322,125.37705073157966,221.6679566717837,142.47466183549756,154.24663386494743,146.03735457951194,129.74856133143538,144.4505082921786,260.64809622662426,153.33829676587274,148.5999552455209
realization_142,38.30173950116649,101.54065366303038,142.21657629576953,117.18022417541948,133.13139438119225,173.6786149348428,129.1890623704728,71.45008431787392,141.64181427372122,66.32575328596843,139.94656124637655,80.01599367847679,202.49632879093863,157.31232394042476,226.0505177441028,190.28139005061539,30.839947780304215,197.51837631829073,102.68390155807323,155.96107363908266,169.40488416968893,290.3917810357614,76.79620741855913,121.09173013540827,62.430072471012394,207.39030604937744,205.02187890839835,77.69612611430873,118.756916523294,170.20082095548537
realization_143,144.07035610228948,131.80807553356155,157.5635263017492,94.90661401350684,177.00298282623152,139.48609704103703,106.44125045146117,183.38743435239735,82.10091999348344,143.34384087263504,133.4321903326605,200.13823575950136,138.42869833616874,275.31294391257927,85.37745300140857,116.18494721449045,91.47054067579779,123.74008674927585,99.81305692132796,97.18204686820424,108.939863331281,128.95606603303867,73.16830968511147,275.75394958394156,113.24152688871197,81.16753616342136,56.68470014854792,225.0531454771848,85.35422944936404,112.6834624081668
realization_144,114.23144341776063,58.39803692348681,157.49965097367328,192.54425881270015,45.67114963617057,306.48527115997325,170.38953965418142,159.8405818162978,138.96874527403048,164.62826135903083,159.18619565573607,192.302163773748,142.87998973635266,194.36454830827748,108.70982385407301,190.9647661650345,132.54918387949036,71.80262599440442,132.40041442966637,55.17635823515555,111.62205718858957,32.31312851901385,99.78957271830609,175.34492468533085,111.39623322113694,67.8700695092723,302.28305703630525,115.05458508036563,199.78811754737066,82.98125429068762
realization_145,159.35183231146584,190.75208771444557,250.33503050980423,112.57591971982104,78.55719984726869,215.01650788127301,273.64386569166527,229.9160240102534,118.19070995343762,113.7730640180583,129.69106637119464,37.54739244642602,208.70533732416317,110.28869622773185,145.0808729619936,73.21940243931648,188.94255063201032,128.4702730458194,202.4113150982168,207.9138474783432,152.68535399080076,169.23190626158166,181.187832516543,139.7784816653277,40.991254567657585,73.22581926832493,171.53401858557055,305.97295192075364,100.70857550295025,149.522032706557
realization_146,159.67529156075688,110.49518836893233,114.0654534703285,259.690568377736,244.30610075053528,185.34591095780732,124.2542789984546,63.3472724310518,116.54957162931525,217.5783335010031,30.308524240179402,247.6117543863319,189.31452428162495,73.50025078989617,198.31052952365854,122.55768254491609,64.80726002970744,134.76512379559748,202.1181092938425,193.01652690667572,175.18818650596575,205.84568368781166,236.1479539728992,140.50614453765354,300.8145733624279,81.4840454920669,114.85756069329,161.5059701307914,170.83674661156635,119.32318213880694
realization_147,291.7056976833916,178.73871027274387,194.22786540378004,95.21152979662965,110.27453457217817,114.36556520429966,189.5809339710484,139.69106304889195,81.47851657660044,300.4824087134127,154.04776790083957,115.64509575787304,98.32184259503369,118.57770523781565,159.5798851311941,78.88357473526646,182.81157350428572,105.59061604137784,90.92582765028214,112.97499207278524,73.59008704194972,72.51781797332359,162.8180910811986,155.55755940964607,140.59072619197568,114.32872862531245,119.96716783467275,259.21956627222227,81.12996840704335,139.0682925865993
realization_148,91.39340031110541,91.96299190752387,203.23444105370615,135.66710091794087,108.38148317556607,158.31957490650117,112.83472376008687,103.07418565969758,96.58975687234508,123.77094281244196,126.81335610046423,117.793515706321,116.5432035668364,132.5597695012558,154.83495553200362,99.66401030557645,128.28006072434562,102.12507481256267,202.47066184709286,188.94847537868904,263.8902201068791,162.49807296582404,193.7174739882058,218.31776881610256,117.46869043002052,222.06342523299952,141.12451226679877,157.78395598335874,96.59986309076632,196.43321111052902
realization_149,126.95943550176271,261.9960522249027,117.83195437747062,45.61410563398176,133.96348526947756,278.2808527784625,211.90029580042977,104.45432293578459,228.30777373986655,136.23557903646102,163.71441475476163,142.35466215976945,283.9336872892037,308.8636018905879,143.36499793892145,102.77988004732623,124.81065760227887,300.26360040893616,179.93040242177628,90.51813343050895,144.83333586185873,184.65446061904396,136.05479461164006,293.48431498285544,240.39799219721448,163.23299441910092,129.82182640929193,231.52994133440666,161.57054165140858,146.62480984754234
realization_150,101.60835706525282,161.77172287818277,90.83634395448586,87.06470972506958,119.61429265065317,176.8301104637969,305.9305446918549,80.22805249831625,93.72382853693122,131.78141868558515,162.73846928702855,161.8176197510465,154.685947459988,183.80857946037423,267.8884955106995,184.48903396657911,164.18214274117634,189.9528363322343,166.45972735321297,139.6770875812689,126.98852060662485,118.11006928217965,64.5178522747242,109.44327550028257,158.53975353816196,286.2874104317115,110.36703863404216,87.54211132482399,144.92769411050483,95.69436827153109
realization_151,60.5452331263273,281.95334519763344,235.75835092251785,86.9541281732632,183.6041037083833,181.1721167378746,34.82166241224063,99.75538777695286,174.15524794406852,144.74896019873287,115.35910475413627,91.33405892658494,176.72296240162973,273.6320447380956,233.80023560166487,267.3663838170095,118.10289751213566,59.115074015716786,95.59054240833326,170.10021247948626,157.78245006695258,260.20519063417254,81.87515937557953,116.7317134491486,170.74619281606243,126.52408501432132,202.141991950429,133.84222597195472,109.87396855263975,145.58736169501682
realization_152,299.4196883362194,90.7457728901488,87.01600660799036,180.22876690989958,132.1338102474719,251.70503896573538,70.80244430824186,205.35140736263784,115.69465860398833,139.97865777311407,153.55574340014104,112.63126377874427,137.3878390386869,76.93587322463823,114.09926495668046,278.72633048251976,145.97978701552773,64.95611189544871,55.504524312082836,208.89712727755625,64.88706313475605,169.70808321001388,205.84247360434975,307.39007291291927,89.17611952918014,258.88484225438015,53.09620871067439,276.78623999267506,184.90422121819427,94.4310057908402
realization_153,155.81482582246744,260.19232407937443,88.76497503368758,194.66569547189135,118.9851923613694,119.60059318058605,65.4932362512383,115.85472713749914,173.28123928025468,130.94783498811262,154.3971456963776,78.47429011595106,110.09772189191713,189.9136745070033,163.34641632151678,104.31377277788012,187.89209669911014,198.3167199570805,209.95537082300305,217.7043388087095,133.5410200505867,93.70745704592792,164.30789734458935,183.78505180782244,50.10638828492877,127.91247824413715,223.8863095235156,77.28815032492153,145.42651433732226,122.96438458859933
realization_154,167.1796956434514,177.445938183379,124.23402318042017,164.34995181236462,68.86833761687957,94.72520343073082,238.01336551148586,69.32880206357072,91.83585685383304,90.7938050394618,112.43588900872464,90.24249492575844,145.3222496179709,116.83469221483301,56.43778621614822,81.60845311535225,190.2355152363108,146.72240580694472,144.5634253139228,193.51458771331582,34.82283287200117,109.16710324735625,131.69833660697782,161.65773037067774,118.85317772565281,151.6964912458827,157.64465260154563,133.4372201356006,172.65855358257878,134.40332347443214
realization_155,139.1853711453463,134.3612034096004,121.8583405705432,90.62249147462764,210.13739915279325,82.78362592150539,140.38952804691183,118.37793029135733,128.59832003021492,114.04653870081108,140.88615296037497,125.0524322311706,201.82711742052268,153.94201335332937,221.03386791535664,96.44457808587721,180.6538438109336,204.29051450675937,126.21218086501048,241.29331576921362,218.72409187984914,272.9047227960583,157.3482880697464,223.43923355284875,146.74616418275625,73.69930603747456,99.49308044881678,21.952479149595987,108.87465533664113,52.139804344108285
realization_156,138.75541332067232,109.63304307032959,129.5923364976955,220.0375864397409,65.16016570756263,99.46249786386787,189.09484665014298,157.75995264639033,155.48972211256853,162.50427744418408,204.80840524326783,149.89639300177126,40.52257615029841,213.90850885973543,130.1018813594809,183.30029677854503,153.52649471336545,160.4929634490379,168.9790622151929,119.18336446935238,98.63479624337322,226.50418688934622,81.01002537290844,183.55251472734574,205.45871562810746,64.78289204456865,146.75395211083065,193.90138507963184,17.834165486674763,77.32961679555211
realization_157,179.73630306687528,139.6974764837302,189.7271165363485,192.56760069756052,286.3024957842831,100.37278653315487,105.57932106822415,78.93905912603044,210.034846613531,259.92199465520156,183.33365110911802,214.25542975162315,225.28410333527717,60.511868816882966,200.6803780377349,62.653352698817166,142.14992242144768,135.3787888292429,300.0913133594121,80.79248430211894,116.57538207405713,204.49205842879257,125.0922323089601,221.56322107651565,179.70534340374084,115.03200651395605,51.984059899156506,91.97475400079799,99.01041912155267,105.24570108113755
realization_158,181.06543192660007,132.0627265410206,38.49910631734811,275.0699545481958,94.7644706501845,186.55008332123353,119.2616240393691,133.27392139212265,144.80981251367558,131.1306301591358,128.09350933592242,172.0366086808771,150.8600893676682,129.47094421644778,79.22423611444293,100.02483986885787,151.18815291737252,121.90495712036596,166.20400233784073,132.1929700781505,79.16985371342946,198.82037106755905,116.75261689097269,202.53947750341365,65.94275973138787,125.0289367759413,91.13036597052522,123.39820316281697,136.7632278907757,47.33666278136369
realization_159,122.24086145403538,132.43305743157626,259.12362177317937,291.5848572956004,167.52586360368122,128.66285136078778,101.53772082186754,137.91520488524804,150.65502511860223,153.6117250887453,134.7579798373708,228.1147852358434,130.49838201954813,80.96685240618834,92.93475678761801,139.33083092028684,208.31948891043774,121.71034420903841,122.43237424910319,74.14391126700868,182.7079967623697,120.26220387178432,189.39131992613156,191.1037749010986,157.59170429431416,132.08576280893314,128.83326513505511,273.4175017271641,153.98321846410164,101.70817115983355
realization_160,51.54660247261387,185.44336592032087,295.2399644682123,84.97374549071358,181.7080986594114,277.3773378716577,160.82480051232503,123.32314704789367,122.55681776702069,80.94899198114908,165.97310841053837,77.0051781804643,89.41627605494955,123.7130320618637,296.4180006970713,240.59695674143416,143.4075620647747,180.48795815542263,135.57650768142244,186.69366849432717,105.15691868735308,120.70211246523098,97.18137724556085,130.32413310143917,77.88873650555175,142.05201081271298,88.91453965956514,58.60003569519166,45.23384492515433,279.66119754703476
realization_161,191.55076433519253,206.90499162888713,85.55320567892927,107.40593034374845,198.0860140731719,168.66226135489396,94.54183855044884,154.7604134631851,76.71016401193776,307.45850150470744,199.14286129752662,170.65326123925882,141.24253482678995,209.65500108747966,117.43852024235741,120.79752295556214,294.7656137339369,87.58552404010813,223.31594416662278,170.1220753193734,92.52353150808388,163.26887460298414,196.6744433004626,108.1046489940231,240.79961161424714,73.03423500733803,143.06663465283506,112.70790673161693,184.85509043992516,206.2043572643956
realization_162,180.97570007658362,151.1590476897739,176.93050704896723,239.35395144819176,265.6870214674892,263.74741858478683,100.1463537448302,133.74008113550693,173.1777051600632,255.7083312579241,82.35777500731186,72.0266830708542,250.46106319707854,133.62096894377717,301.7739212375725,193.30314245354504,250.10952736763468,139.61348833807855,296.66249008553734,155.4846251890917,172.38908145649555,179.3545334633512,129.3786068137455,92.40115787654992,119.33457043014597,136.2091783052864,171.93604752900745,215.70523959483762,293.6355814637267,135.75401515339368
realization_163,35.70983777317132,230.28386526816536,173.35406269761174,152.15711363781,135.30921300197494,67.24004508360112,200.52861074682056,185.65890922181467,166.0492824846014,110.51432921498824,79.25435408091954,256.0587906052521,173.84776271109703,135.19531611892188,88.64048721913412,116.28728336152012,170.7278385868316,194.83193861864933,219.38545573817487,70.79717684563127,85.99953157085977,152.25836059823072,104.54084488715436,120.0141822097823,107.21339549601687,123.0681591639091,114.96430640130266,207.82879811038927,149.50196552458277,142.60702606421125
realization_164,175.39351010171734,162.4878936962681,292.9336205273863,164.81818024800543,151.92149702063057,148.77733022372323,118.6676518874911,294.36633157769074,183.80205140047158,127.10590398531257,127.84029202698278,112.42698280683797,222.48427968772756,140.81693505359914,202.77586610021777,175.9874480662278,150.95551646271724,296.06220707715164,219.5674051990215,115.58293769416487,226.04183735478261,13.991844637460275,144.85338671889158,158.81510852668904,143.81920273825622,204.58937835352776,161.67581307067547,159.61915773531499,215.59212922364262,183.3047086668335
realization_165,107.48110565906585,115.14487668902407,60.7546998738811,209.7948379329584,211.30983863375752,181.9613366375104,116.44122040655618,188.3832454274907,180.98400544402458,105.66877993403098,127.87574747692065,132.89582871780726,120.60693345070347,163.30562665255047,133.38526168043285,100.08287728311973,267.4944387260962,153.2589410323451,135.93694377330183,166.55928612337877,79.90486717923122,168.2719111156546,221.97600245321797,107.45844194368148,105.09185191583157,135.024973202027,170.5329140518681,106.08382754220001,208.1621579311608,211.77080634956081
realization_166,160.7083998530614,111.96853814046472,227.94960428233267,127.57462658365552,102.38102242986184,212.10468352601202,109.63532010428742,208.88733488893791,209.44051593890822,139.96414394722564,158.10068323615735,101.38658254468739,16.92492658241779,119.81437248066081,151.01212445660445,141.86452229908602,216.88391312349714,105.97351953719918,55.68505844217359,141.65821395238447,104.93085904136493,140.52770964164526,172.2330160100958,298.87536177123366,200.31908914527727,150.42631192835967,142.66799233673345,299.50907351930834,148.79322070758354,98.66403524183653
realization_167,134.55322220234217,82.92128065623365,275.24431485643447,124.15676068532441,165.70269364656878,92.65949904618003,123.60019739427943,157.6276667885823,54.08871101266415,142.58489802687617,148.64291877605393,117.7109133896294,135.77673680507283,68.41459979039735,83.89101091478821,169.56621382429563,165.16145949799295,249.13213927248097,187.47905513851927,190.1057954674028,298.5848914765169,149.12631198059375,257.19077768875536,193.70006444848516,93.41463212385824,137.6496364459556,86.57823583864031,123.75658067535885,279.48256208704777,216.18999661985123
realization_168,168.7280148665944,72.19062589421407,192.74853194785334,169.3526678009461,216.946822460222,142.35943471813593,182.94383312587303,130.02269279856532,94.22770256581965,179.93500561582326,200.9557401041082,76.1996479217735,133.4320924920936,204.88187513144763,129.39715690044136,105.37266797279884,133.83231724434037,167.35546701796858,165.77797635589903,112.70311348561356,155.16168368804972,145.26193449640135,225.085786294635,207.50458385916025,155.79934497461787,242.16864489841754,274.81928930979956,150.00426375483536,130.3115689110466,289.6302699336786
realization_169,97.56354028363559,257.3750424100479,269.8469523457803,238.76281058154188,131.33938699462058,185.4289999196958,73.42781013238927,157.93886068658085,129.51762853639835,85.93071302922489,90.075196311024,111.89666757598374,147.03329861365432,188.79568250299212,207.7895016404564,55.03098151412592,142.81612909420033,309.94123133976893,214.9896446550984,69.45680514350614,95.52103531333617,51.872793747806426,73.30690786915648,96.20610921737833,152.07408532128665,47.01912910219575,140.23316885005443,128.5792595420698,155.9911460725024,142.56646746770497
realization_170,59.62046701832893,154.40627214106786,292.2642742863075,125.14565626754079,278.6400704236986,64.37344732454508,174.92347929373182,121.9489405170521,67.81403996692657,115.50880184888695,114.4225341190024,281.5683146449836,148.74472351049707,229.28720318279332,278.2606594077038,254.61091607822473,301.79420819515497,66.0347844239262,118.92409584321834,182.75862730516846,92.56391391358494,197.62910529792367,166.55903281220293,224.27687994734111,63.7113493854134,114.24923872682513,82.74627498159306,41.77043179203857,38.90562365533664,125.97710348472596
realization_171,57.81379621087915,190.56366764036062,129.79101286797962,198.86345057778243,148.02471430717375,114.81622101835225,156.65866166195414,133.4856082309338,232.46385131502666,123.55722563386178,102.91399346869233,139.49077291019904,168.14705319412545,177.7815156218249,151.8436133644264,173.05809630707367,73.92016509288672,270.6187093803732,298.20614601350775,196.13170029054902,79.26539220701761,282.95995916647274,145.49910066650216,225.73197335941677,77.24899327288257,200.33125261077754,210.47717786011376,151.22038576467133,288.5165100177005,150.25862036012992
realization_172,112.52924639317513,120.82266298917284,127.68878406074201,225.4336537567163,185.7894298783122,96.73594573339037,136.68375421538747,151.28184409590804,63.26237710162628,160.84095689313904,295.2036391964683,93.39891667320734,259.7312979138584,155.48609468981766,134.33889111444023,127.64314880453276,106.62383111532931,99.93602803088197,190.19616552521467,40.842001150287565,248.1404649746419,119.76100173676959,179.72168672253036,128.92906169340517,101.76374532683307,39.291435462597846,29.09007789653976,306.83970933289885,121.39512637126735,169.1302291585885
realization_173,166.07255541656212,139.81748859486387,89.50584454446076,230.2795278478143,71.25199212956701,275.76211910961706,275.02584806844345,109.38915800491336,109.03604535628385,140.30437238353994,163.92123834137058,97.17349690725612,136.4554534002347,190.63277228195216,201.6839758308305,144.90982779537666,157.10578742813667,211.47329127073704,120.08860385706919,136.17256134360284,187.43859560259895,157.61221935876554,162.73939442842888,198.769706837006,149.84450949229185,165.94549112777264,120.07808273831048,185.28875417284286,290.4439352186476,61.791626922471885
realization_174,135.71531516138975,185.4553127215736,165.56790203616436,192.6061918737223,276.628378618916,158.8180232385565,188.41747590523008,198.09975842622572,75.6859710205633,110.28485738214772,142.76447353785568,174.1219814787959,264.5334930916186,38.49066332059395,185.8517590209433,144.04389925626052,102.81345495789617,36.07354553390464,130.83643326483616,269.98372246956257,171.55945559726678,160.5847909592843,30.864401773816056,116.93518417295697,169.32985831440908,144.9995559322283,83.27500024172585,98.30956293245914,216.35450627764578,3.3065534883991887
realization_175,134.80050168928116,165.16129558267897,109.36276290387113,281.67204642342836,254.59376065299273,116.94852164834174,248.0603151953047,281.8960549529566,147.0322391212762,260.83049222344437,153.25945548312703,235.47146562022428,129.3712698959278,131.30879606625845,204.32815983955703,276.79638679552454,228.30789524958038,89.68289383554873,133.9211098392734,112.78570409517684,96.81696950554037,233.9237431733895,131.60424101209165,210.82678487065056,268.14926910002845,85.72669289533523,33.312983676054145,145.660139299694,102.968629868885,101.25991907945303
realization_176,57.445202397968394,79.29820073435314,181.36616597850178,58.12364814004218,99.75564923807619,64.30437698813405,206.1174628173598,179.90331768239588,215.31415582141753,115.06024419810008,95.92466037983297,245.39106224790714,171.15657387644325,116.91429713716636,200.0131412520242,117.9385592337638,62.75429445455932,292.6968134819561,249.4608688334263,268.5899499655879,144.15175634656987,84.07133925913746,299.87206734593536,176.327890235074,230.5618686696624,95.66977365249387,260.3513944300307,196.72359508501427,92.44389592114088,301.7018480042861
realization_177,81.54969176426812,42.46907019089639,112.02498020530201,101.39938954257157,101.99202775058149,169.45425232048265,229.8555261258672,157.12858594548393,234.60124180710326,93.58189920661826,71.66094497906556,174.7028796626626,135.3803335085773,51.88267392018109,137.71680067763646,252.52021687702094,181.23848757818914,186.7186618628968,84.45293948078526,120.10349234088676,175.69715862547744,124.20832077171288,74.55724768102866,137.82233026821774,117.53745178351153,82.09129354861052,167.08670920612315,133.07978158134415,187.40783908470698,172.6366603323519
realization_178,155.86663261460473,64.78387000345421,126.60523127811385,111.63413436156387,92.98977956026872,82.10232140783322,157.99684020266264,62.75399182844099,129.94533123780147,55.58155600274509,169.04680024888933,156.11218441010425,174.6982856178229,239.07427998760332,147.67959786157476,86.07185138116873,305.0416837436396,222.99957657625419,78.08187081897623,150.30947878721156,181.23060686824374,35.72867055226786,174.31597876135726,43.59751909484699,284.98231243146364,121.08784583333538,294.4846564930195,111.75677905329411,128.57775275137698,80.99062487540418
realization_179,30.9419966950812,279.1758798276222,107.76527632765207,133.75835624608294,90.64342705821194,156.3404877489682,166.695388710714,209.81689334380394,264.86961304997124,84.34999934747387,193.98480675992465,133.53190619005338,98.83230405722612,93.71104300859633,161.62806999754747,111.9975582655858,164.04661012452092,73.28781126684856,39.79012668599667,150.91380845972424,78.70711241073582,100.10304978790197,84.7484602506753,65.28699151109639,184.66860181895865,177.30230268010945,182.0162685585585,115.34024900422034,217.06801484309187,148.55477930038705
realization_180,115.34222097494758,243.6989880154632,200.59922950297837,83.13964874563281,168.98955041574908,93.54079181277594,160.54071438229232,203.53144732143582,62.79406507218185,241.83803186989022,180.17858156583466,158.55623639507263,181.22695884607623,83.42804282093002,56.867021631756856,111.11328414263443,130.0905780963133,143.13454360100394,93.87284454431412,130.91056676730523,87.54944077643877,119.60856969771416,132.3249468842933,228.05825846169853,132.2592027158128,187.02118447263666,59.75296115227758,272.86274781737734,165.7912920949455,183.25525623090937
realization_181,92.0833385737603,109.69992288854235,236.12287509785864,91.65855255565185,135.22740903381748,168.3849591273501,237.69974866274302,81.37000289033182,123.93117412303312,112.4045104424277,101.37839427718187,179.02656102711046,166.70764740385283,149.37619274690445,202.02955561917827,173.96345792033375,80.42316765910566,189.1138110151422,265.3899589145866,297.2357373393275,136.36597330152105,281.65618923496925,108.96553131533038,126.49155538238263,229.53148934052064,76.836659026151,139.1709416319821,85.7315119400829,138.12967643429045,64.57284115793414
realization_182,42.99595060423022,159.4311301225326,217.41871804114794,222.94754571888743,79.89913913808846,106.69974595881632,254.45348311710183,123.0262574220477,207.34246251625066,179.82334839753187,91.3626656290239,230.08524259832416,268.23931604616706,126.08553650146683,119.61299212496525,118.3281445370709,118.81181826579322,134.9523160876271,192.42227449713633,275.34638757906373,295.51185873322333,231.36418835217944,169.2599501524935,190.86810292399522,186.0675947805383,226.86155125537255,68.18924669311954,110.50076600330198,67.19705385446568,97.3616251057332
realization_183,198.74646698968343,180.9391474476463,143.40492774550012,92.17784619399652,168.62580629742334,146.4057226834028,93.83732796119669,197.1666776852548,35.281627074423355,240.540207648872,121.73613160277057,59.3136784306263,304.71130198399146,159.0032067376344,16.92631533645286,116.80367764507152,249.359484195354,106.75277508182978,137.27911148392454,130.91809596196418,132.87737615930712,48.38967163429123,169.4073803719541,98.51892688652532,152.74607069518865,68.65976022857004,168.9878028677988,202.00307695913185,67.09750639591164,281.0852525426221
realization_184,237.56019579434232,155.55858252209384,126.08671523761689,262.8972365545967,195.49179741828635,181.03759480439516,63.010596150843156,194.19518070280307,212.7619130201284,213.16114270675442,137.27361021896945,95.38544315111753,109.17847507770949,152.4138914397456,153.53342934177266,209.89013602330033,109.89948412183294,121.15054908169878,151.10861173025216,190.62828400111113,87.09948116302867,78.07943235747294,175.1170952995918,81.4338307557721,141.45499616247164,244.51032863371321,219.47680915043236,138.42555227296754,197.0135595695709,118.52254631993466
realization_185,218.58469276540444,89.92152451498046,240.01514230384834,95.82784470474056,85.64644911508819,153.04327205519675,126.07723534259424,164.4205924291898,156.42085846868127,43.966321493129,155.23103826918526,235.29345107244117,163.1136532327414,102.22700320333036,76.04528681378454,134.60383589510536,47.83251982936733,225.43630764017175,231.72975681911623,161.46868782076106,44.655511098035205,114.68116221923435,108.67268234922335,176.9066828364963,136.04076629528763,200.96078830907652,72.38721913727751,127.45567149779484,126.3243965351416,95.84750947351606
realization_186,185.26754598834395,110.50030617608871,246.51818600782127,79.4619100735679,127.20917758328778,156.66079819366308,173.93824898407834,120.52613602588397,167.08057198084308,173.91337135085445,162.19551111390024,177.62234300969394,238.05852556941667,162.7785353884147,79.22235316736256,80.15161349642962,197.03194205396645,101.31511489799017,98.25400372232303,275.12521585893694,257.6386183569737,79.53757638167808,116.0009529875969,79.43267185146549,75.25096107198519,156.90015113804563,96.26093913498904,139.80945767937823,137.24982287320455,168.38778894332762
realization_187,269.27629850949427,252.88317491528417,205.30357280972532,261.62441159223357,252.96816508113218,96.616503115265,156.44054518951376,87.0053578915444,68.97381620643553,119.25949275474291,94.10196926171383,189.05678742559962,158.48713999835556,93.60777365739051,75.98140298725677,223.62449494397254,197.2741317723127,89.62820197306992,167.97801399646264,220.45250895416217,218.41868939820455,111.46706877235843,128.12388547090586,270.1731877974582,139.62701958324675,55.09720841110813,142.07270348905587,199.48170182336995,164.74116074435986,217.14224677105753
realization_188,217.01217874225762,195.56825524048372,245.81144226744175,95.46085216794314,132.06988329480203,70.1969831035093,107.76045948685316,157.64113846420554,212.04050786639135,135.08916015877068,161.20308353705937,114.2938969295906,300.399103219623,70.55748202400466,105.44658203166922,176.4838786310788,115.09665167269281,189.70785996894614,289.5090810555165,197.6586512817151,160.26840469181175,157.11362298669385,152.53838027340387,188.50385001370478,119.56689043752631,150.32838025126802,141.9822598618951,149.8017789121179,233.66415695147316,150.72124188880775
realization_189,304.52906879414184,254.3631742193666,159.47469875967843,114.0243926349649,87.89970635200412,139.77223444515323,230.2417813300911,57.672201946863815,145.9780404778351,107.07446335545268,126.97153523753377,291.4278626920238,125.5286891522871,97.33607572979022,174.96781028316602,118.66644392261614,189.5560447906694,133.13139167248494,124.66444803578584,194.56314732857152,241.24157253867025,68.18415274681388,173.70405456954143,113.77364965023669,249.94295392738022,72.90153975235508,112.14243586218595,256.1919778166003,127.21455726059787,183.28897563835736
realization_190,122.51609304674606,168.94558097107412,203.76406580882627,159.48327876920465,92.73891964130239,121.83424049504764,102.2273572708396,163.21929858065516,144.98567373761261,159.89698918520375,164.90822593193684,141.1053007865669,198.6649113925646,134.38294545353773,239.2467402819633,116.74896957020512,309.8269325307953,148.5930501001304,117.04146092875301,76.26213166968198,169.06665523810534,250.34967759614045,52.749609442661175,275.22331485278744,112.60541976927803,83.84837568125477,153.2457727577473,132.10679936426402,197.40926518820854,156.95977242031356
realization_191,178.7733292469793,121.84858213187232,156.4962842524842,165.97017987189315,139.0482412177248,174.3823546056964,157.116312373413,139.36535776143083,71.26438577788602,291.2990295851734,102.55999204045884,129.06089373001453,116.55773980640961,151.8907698337775,293.3073707880715,267.1458647360705,129.35223293410615,49.012553238957864,145.42015374263383,289.1958803309806,118.2414812785182,198.15370816897385,207.44245911475392,179.30611246332614,194.31318436763019,59.479050253793844,137.13405745017624,304.3441306992732,169.7196259929073,282.5929575234663
realization_192,104.87209911894588,45.38682012106342,298.38011894152777,150.10797785701212,72.69217753949232,139.91046048803798,251.7970056838439,70.44428534483386,199.13608594834886,90.22235759841269,251.9749971056334,128.4042398423477,119.8929163885042,204.2243979725272,140.8969604030474,130.77711719410416,122.46978568385522,193.53970014490574,65.01389629052812,108.71824428996129,124.06825122488797,188.73210536837422,135.38279357238747,266.19157953104343,240.83068138267794,104.04685063572339,88.35019449598383,292.4301619179088,136.5241390393207,166.47451555156272
realization_193,68.25148469354028,230.06156310414667,93.00297685632125,86.73048781294565,42.00738505794975,100.92568776441857,69.65884136533396,198.42821996741705,65.96382599242602,86.97656189918823,135.237647154527,181.9870959631039,183.69371421964087,147.37793626814153,125.895475431319,213.14920485879347,189.06665527673172,287.9912325887523,95.44638411454441,300.9448657010702,185.93558321965543,140.8079900382674,137.14953342274603,219.149239302666,116.7558811159307,132.78471386264974,109.92551875076752,88.07133310267648,93.70414269902466,115.75867287379043
realization_194,155.08285847345851,274.48816432224817,140.02632009936033,139.868156905525,17.807847059854133,91.72033049990911,146.48491722884108,153.09817966463675,151.3229303338722,93.05179373707904,126.93066428454267,258.60918267317106,124.47776299273414,142.75015046766097,303.7703573361412,259.9744386669497,181.75235067599058,111.11269636709746,159.5781304771751,277.89660339589744,116.85041911599558,72.75156704973415,102.03877857357665,137.89822385442184,141.30268942722748,118.68228543632243,77.68881138127891,98.67529176360969,49.447289612308055,155.88762860793105
realization_195,118.77459283703472,196.5013630865211,159.9734114457431,155.00720642978393,188.91698270424104,281.923179652881,158.334597090844,44.012839192718545,177.20611189050092,140.48626089448754,260.7915642260836,146.99883051354615,251.76739717198905,199.86771975326405,90.67858736377032,88.76765764187981,289.3957599371717,286.89123827527936,57.35565193384491,87.36668492814411,138.8967231596519,138.83392522437364,56.309418252863615,73.89123087547586,57.054922996712286,138.87618372092012,92.39676079503204,216.8651390008325,259.9430228050753,170.8319748011249
realization_196,183.1045388078701,72.68576813419867,201.9012514566499,122.68742301038515,248.86108261093142,293.53451753620243,164.9348392406523,115.18284905318563,143.78060313874104,109.5809595985175,176.01132826873004,139.4365634637167,138.793063253038,181.24831446296915,118.88150326683882,126.44230263499168,124.32090238940256,299.6238226025908,136.52966435264122,138.20220261399305,103.61230002415542,106.2850877668675,192.38991608040521,277.37215722705685,106.98207164718444,81.37188107643883,232.28813486927504,145.57512811825893,153.6389260555559,133.9596669367496
realization_197,112.56521972538282,243.9597808525212,125.85796342476279,108.5458430364871,120.16299964840135,147.54849144580848,179.4037248623295,31.280084740395615,161.03415429130152,105.645055391363,247.57514414900226,147.0199103346501,212.97927345088226,205.58633901473738,282.1637447093061,63.742887611744194,182.0746776732027,94.340402844236,136.35834771064225,141.26972514333187,210.51291129107975,199.17926740436457,307.21330396453936,165.58394500519498,142.8575979561561,157.3482233594243,139.35665737546125,144.2497056663844,93.59051135303108,78.28194948910865
realization_198,95.95818014147198,107.08974294975329,41.220576347744206,80.89149551875717,80.04409724208924,120.90607923489819,57.02589823557722,154.31215858115522,82.90941551130054,60.65832934852106,155.36527895187123,135.94223682373504,168.1759140264156,183.4302162466575,231.53896152126217,103.25847909599406,142.71596180450896,100.44851109881196,250.41781418770125,77.15612238972085,91.30961666642192,129.81656321029914,110.52656326302801,155.91651245964187,185.65883974901618,77.3492019505236,225.5200611353219,134.9736480704423,193.59085485821944,43.64966598411111
realization_199,33.21838328315409,109.89407980109696,96.71462578162624,198.35619565406657,124.97955549444903,166.72419348655427,149.26621376074377,181.33976351350023,127.90097757544217,246.6503197615804,130.26745940667976,76.94024693216984,123.9550582740572,160.5648715457207,172.358122115707,241.71568211675927,88.89873748190492,192.5135281233503,212.70270561653635,123.80420960939523,160.00901925061703,82.7296553274879,121.77953258898633,43.366674457943134,87.38872738113494,98.94716604137678,149.79175537480864,92.18615528083015,141.62589728676875,141.7742513111733
realization_200,159.4854273782417,232.53433069588593,112.6994104992127,144.98368572385152,137.91658615518145,276.80597638578956,104.00856982743616,279.4986601007532,143.89060454379313,146.6063034855232,158.3597773227916,130.953918211648,30.143069749758652,193.8668412903364,65.71733514317965,53.15539069970734,108.95851929941844,57.5757138479671,123.18487261144784,152.01560364096179,127.86345131122067,245.60380751883716,124.91023801108352,134.4229943503388,100.09690987981327,67.6032457095477,212.9325352783169,168.37402599181962,151.1448645912033,106.95301341249149
realization_201,73.79785124780543,273.40506662146464,182.78562172517968,92.25008859127675,99.64943497703025,157.70412444378292,305.75447468777253,118.71357973232979,173.309596009609,294.8158415638794,116.48718722638057,171.7674700271323,136.2220800962227,86.23932878657553,117.42910798940102,141.16044932670428,69.12447361098289,140.22620815020343,178.0026529470503,80.53642662760635,113.43332481250752,171.743678581636,144.04911458557334,223.19856372107938,79.90160911899055,196.93193978249252,63.69892921945282,209.22699791496143,132.86093440812914,128.34446677459
realization_202,148.42521242476482,142.23148834753945,167.57199434161498,192.90868600811916,78.89494060361172,266.47761646240644,167.2918724303744,148.0862945016132,193.73343766225295,143.824519171338,209.63472511226024,37.7709607695268,52.67268349021543,229.36353758172078,150.80138480030706,126.24367307243706,174.58005031041375,161.97588235842932,182.28990545091335,165.33808364056196,214.2893677453688,151.5922580123914,166.31209826156052,290.78504680255935,92.61647507353341,10.4961237020024,245.6043277789609,109.79642858388877,191.07484015574227,77.65032581704901
realization_203,243.4583887024553,150.85639555051097,291.885586970029,175.6410105077765,106.46913100734693,227.19351567002352,153.47160707906556,233.43749428562933,123.70438074112494,53.48623953542267,208.56823373380175,168.04651212919939,101.92542283690322,148.48828569420098,276.37208022687486,66.88160230940136,306.81974369765817,150.60689025861652,178.71111085018572,155.06815436997377,170.98794888220968,82.30746146565738,104.72670518433488,88.05173072218689,77.4613120709299,234.88931743098723,157.08579838251094,165.80385877278187,96.49229993187299,71.06072269402637
realization_204,284.1299138884539,167.69700076404135,145.0706158507324,140.20446656801045,76.81752505172206,181.90624214322935,288.82810887246785,150.10927027463268,187.59428215003112,176.06349989153313,202.11855990380346,214.71168209153626,205.55475127874342,167.75186563474543,98.11230509103585,147.84042950669598,41.33321457036579,108.24022562195941,127.00845935636562,195.98205458210106,228.91901335240706,276.88323776329975,228.3897505780745,100.11297886231446,109.93996648020617,138.82529204171266,295.1559628943267,296.54586804397474,167.13287018804417,152.2527203446646
realization_205,178.4730661340851,174.98347510488432,70.43416628249929,147.70003650952262,186.69621783864247,109.16253741138121,164.21391284838597,95.16557920955393,88.51210416703395,154.5043697560966,137.36971635086164,236.9991550891964,215.28287497028805,166.48776350049894,124.56869973937167,195.36657773160533,128.95303334797978,57.733452270418255,91.76420897330685,178.79473657899933,136.9695634029413,267.9310016228442,217.9365365276231,130.01422014340577,172.44838622151877,68.22507170982159,139.15256063818254,182.01998937461536,124.81890744032427,148.0493457209603
realization_206,71.1651105282132,239.89947837279033,70.02265170485111,108.4028098039958,144.4193807556465,175.32200371941767,102.23551206585384,129.91077231170485,85.43658366507432,97.04595979302857,53.46791335969861,121.91825813714499,159.73079376774572,197.69993810287073,183.71690038050875,198.0098919094177,105.08465972040406,225.56681933205422,214.6076611855009,107.5044992975544,195.50863982337756,165.00477440308626,161.62645870303513,171.82974899021264,113.53489362836328,132.49772048021813,60.80917120336004,59.60597724987691,85.90694625670857,272.30608107560727
realization_207,85.6761629546762,132.27953007192073,204.7086841135144,45.95065067840591,149.19663824887417,260.4967367019051,193.23956145077352,204.0687337990081,130.0544293489138,209.25838115700054,74.69503309250848,129.76296990059868,150.95320598525905,134.17577261046358,120.90706001199176,168.96942782000318,169.12767622560492,70.04593164014865,121.23916248469027,261.72110075547647,187.74934944567838,205.31815441616953,178.52844883264825,96.77465299002921,173.23729667176198,180.4751442055661,135.97921788616588,171.60095353402144,68.42455009022585,226.50737403212673
realization_208,257.5434711691493,110.57678380420478,131.72097906779265,198.80440912801097,107.56766099068497,245.37169655364195,48.605570981334324,125.77230583869475,101.02286409346422,163.58214089332543,207.85397318305127,155.80902814790022,125.37904915982679,121.45338531652588,305.6321215302428,145.95958203416524,132.63643471246658,45.837308817550806,71.10051952210979,64.82298738627236,137.7684661340062,125.53708594225887,101.19337786462032,196.7367326792238,162.59534071413938,220.44342034004177,228.90054728068935,119.76528817546766,118.32584206227317,136.00855275247366
realization_209,243.30533007496595,279.5969821731709,284.91470250142504,238.07950026223457,244.8491821403802,89.50944644192825,164.09020186191424,114.61552328581502,178.9095323820827,185.99945900118723,95.03252759344656,192.6463036950767,74.43762854359217,133.16123371677062,124.571199618451,54.474698711981745,192.11846270816133,259.8367111008879,91.29758683013273,148.99572054579156,89.08418798458028,112.15880842316776,295.26836877428974,83.3191617234953,88.15192079681582,199.03149079637936,96.31654328756332,169.36374555343951,142.87636496126683,196.82477758172053
realization_210,122.65683863443456,194.626704616939,135.05487128356242,160.11392992364208,166.05519489509322,64.70962254782327,208.8865623846334,181.6337100093816,183.93821899294008,156.45587545322414,44.02676173815756,137.23896259804502,82.91247719957047,266.69551192842704,115.4079518396047,225.55511102920133,269.1782967616224,147.54096586502317,210.75367397051247,226.4328285486299,164.46485872603844,146.3079962233629,147.27181284321,146.89834789473477,207.94443144758895,131.05417814920025,281.479101061493,302.3737609582628,120.63806428923101,136.65425576957946
realization_211,136.85572997248377,97.54982859804011,142.6528462178515,149.99118046291068,203.8639129153602,290.9775668560498,215.12824188444057,62.04133736478552,62.90722508160901,145.90152426183528,74.98616749984016,122.22412667850487,113.56072111550485,109.72905449415768,148.29588556523387,121.15686310158154,60.659365530825696,304.85509015583455,250.418925427984,57.77695470074801,214.91559550475665,125.66655792830362,294.3871390342667,261.4427946297591,156.13354271523497,157.05260210319923,91.2668813069291,78.39507780215047,136.53725000718842,194.82677630664182
realization_212,111.75496815673719,136.464324277301,72.22670111659745,168.42253273964258,188.32844567085024,139.86531657482323,297.77031349938807,54.990583994104234,307.7641911342363,201.2870067560916,117.2082668855126,137.90343959433986,135.42069870374252,129.75510909082473,62.65321360169813,53.91080988947058,197.1392946068452,37.43155400149614,210.9982550710253,127.44299584437928,178.92757353597412,187.2646529122825,129.41814783845246,260.6435678996511,77.2077743583263,181.64403133155975,81.65755533145858,166.80516008307913,282.49263728224616,250.0942819900363
realization_213,91.60591967626598,143.3978059749397,161.60063617023542,94.73258048424398,106.64085748502549,168.81551305364724,176.32805761171127,73.71248110430673,232.71033818432593,309.41943568415485,238.2209309463961,184.55109230195228,107.4328264955586,178.11379670321566,187.12391994510116,93.15353282859974,203.28882695566088,159.21768350399972,172.34274253640305,16.103406228281273,248.36476506179247,182.96107840459635,304.51788110945193,150.31646447578134,173.2225512706064,118.9770853713673,196.3875867359587,293.6597404211231,140.71323349269582,61.917413079944
realization_214,132.5439561724921,102.61365917994257,275.8793605390529,145.81069166452875,136.18297149531637,202.9124930269607,100.1996931455802,169.90743337309056,68.43088474851182,55.477410316775185,110.12333206825159,171.12726223570706,279.96006479910704,256.1045624695306,153.67655846782753,34.849415824759596,191.1289773188312,185.8383519582621,109.68584312318677,107.03428110504868,222.7618355040363,197.01731194725872,171.79347030766928,239.66532612582466,233.57101426825096,226.24440621661176,113.71877857582335,70.73445728262206,174.92728001065598,210.81606311945475
realization_215,150.58167835411788,114.2616955248186,187.06723085470753,136.86126267325213,52.489573927372476,120.7973580339502,129.3944911874741,140.04024376312668,125.22274947295224,218.14818495601418,238.53883659696052,134.4800060579025,142.1333177545443,42.27922766465062,118.3077566712804,166.38377993533948,74.46311428206353,136.7750726529625,216.32201430058672,143.55502557389562,175.21296661495117,163.29052396876688,149.97776292365387,139.7642425146002,147.46558262843078,299.21730357945177,166.54434640854916,29.622119803382475,152.39890347951666,179.22459946038703
realization_216,102.97378127097025,229.09579906574598,225.23350085791094,148.5138378982201,119.2440910893546,138.7307039979739,117.89218871834525,114.03123692364885,103.98787534106414,176.72888987034588,5.609227893512738,170.6207087248886,123.2656380148602,157.12597676122212,194.4078222115991,203.6113992711182,127.21021633994039,277.45438376555256,141.6929885227711,175.31846646737273,73.87617190209974,130.86613086638454,264.1564930776923,94.23622985142055,81.5749069349271,185.22986163340212,116.69129833405543,65.62949545934427,125.8498088180471,201.73469298093406
realization_217,272.3407200560039,102.61267849049065,182.4160829828213,117.18232330162004,90.59181649337175,177.65735870740417,227.92080879523763,43.51149596109629,135.05846717210608,124.79101953411109,168.33007901296958,135.58926383171635,165.6352351286769,152.86424211078614,234.53737392394964,148.76823627079833,154.30015732791102,215.24338696167504,181.12742437032293,64.9616497445449,96.02722324617099,88.90461591096563,38.9744396274379,265.6823922100042,153.02800711892107,41.785457544075655,126.57051339721882,151.076305170558,59.411014115390486,105.44047914681877
realization_218,128.8190652113936,295.2154793389914,16.342100380316325,112.72110890816015,184.53160546361184,158.2076886083959,67.9706441838267,174.61318534715963,211.86644118560574,115.09278429938011,86.46700586305096,192.39253047964536,186.4374141612244,177.96406796317444,208.6322278155778,248.35401706074856,218.5415881111812,264.81638119918466,120.56547541484723,269.2745630377344,116.54503932509112,117.4465025441618,265.6345336186004,37.48452761575251,264.6700470992261,124.87994010222087,174.00963285924635,265.8632566162838,129.18567406483177,166.63489746865267
realization_219,126.9120770298588,55.5007409292385,196.7735048619861,236.12558535599143,118.31110075378035,114.20678468128159,136.47133140594545,166.65694279652703,103.03696750564127,106.07168373190221,127.18443407715255,134.92101256843492,143.7610356810612,148.0937639864999,164.3729626624238,190.4550577154847,147.5385124554861,172.8926673250726,239.31185928148233,62.00912850630136,211.57370143613494,163.2138406503995,84.37928588278838,87.2619622321028,27.48362724147914,158.83724372157502,120.7288686823232,126.84320274434224,124.01620528937319,120.94626568590695
realization_220,144.3177205313506,147.48455405685854,77.20024908506585,195.43931697271347,116.10788049789589,56.947130963835626,57.30211963935098,152.757231172857,146.25402624364173,81.54695776700108,177.05335419553825,195.04626104508182,188.97673898028336,51.77566064391203,281.94851741947,296.4417891120669,156.2388429244655,199.58704939076546,174.86577799737609,205.92938567157861,131.64705348081657,127.57201401389005,124.76066099955948,92.03463222899087,228.28715706325033,118.78563875376875,212.34009462049676,197.97253470230817,236.80051873725176,238.75826613852928
realization_221,240.3392164225052,211.28457076308965,76.78882557863125,203.46600269998592,93.16521103414271,174.93413924688718,152.9688425820197,81.0034896382332,142.17985383822358,101.89021596651742,245.34642008496476,143.20339733490107,124.16058437535992,88.13516897133857,286.47237106520197,105.53110198413452,178.1693433866069,57.76023875018278,287.9830730975075,121.2367193219288,113.75062770790299,134.90637094142733,96.92582499845024,186.11146035495307,104.81401236551507,62.98322838678226,132.2740333131436,225.47441975544086,202.82456160104417,97.55868520952329
realization_222,130.6515970448233,209.7757110987711,89.14865803266365,194.0069450762012,260.6633028382265,53.895194341305576,141.90052896051012,50.437561259121395,88.66346334123403,127.08550484342041,116.93407070246926,188.2340730781192,179.70932027115867,61.37602951142717,291.53002325113977,158.47620456012868,155.18714347126092,25.35319220920603,0.3188014150006353,227.29436098634784,178.80880406204548,205.06485437567125,180.1623980451038,103.19940916365007,129.26553115218985,98.01703444986529,69.73767903672028,78.34043141583531,107.36832312073064,245.3430070707923
realization_223,284.3349875034231,128.6181879439719,220.9604539545681,263.93128178103177,199.3692261843309,201.19881204452142,144.22114535299275,222.24396663325456,162.1665626985467,125.03024578767416,109.84962618959617,114.89154742212509,131.13774397186174,133.16363920004096,278.73904327197135,94.6137732958075,125.19536139030765,221.88818280548338,139.3864025958083,94.02583905785193,138.53797636382285,135.1377516898097,150.38786205122605,88.40124723120992,90.35247936931202,155.1773855918364,199.73837412838952,189.27224622074152,109.13681559664346,180.23182169017386
realization_224,276.73892565243483,86.1133650577147,119.55376932508459,267.859161260572,161.2004227464992,101.1201175834323,90.64975527437194,205.64205523545857,193.7879409641589,61.64715695459606,192.8655361920877,144.13418020794842,307.09073629372926,188.32120656655957,236.38427720249487,141.34957703164443,186.77178879904585,162.3045236462582,117.90496816361826,156.7160895254574,167.2713829721774,89.69391162991522,206.7897896600315,142.47513339291524,301.4712581537128,175.8055082593537,103.08327413756854,157.91951349683967,89.70314868771467,263.69908872580476
realization_225,130.3781619590167,301.73613595245985,204.5510933009492,106.41813568397853,29.6638338420775,57.15954240823697,132.25586141451896,153.96168610578144,125.1313679686848,131.45401866419826,267.28444394084784,173.45790298302657,103.23166823021391,224.72828600690423,118.28627101114358,166.35486258297016,113.11431959657395,129.0346726792424,161.45937484445963,104.14417862145419,127.31513885443523,59.36319533458677,140.36411427233642,188.69501879417638,84.58092322128567,140.90089929393358,226.06212520311337,132.4211205163865,134.37719535004004,198.1456055380209
realization_226,71.71336746239972,190.62902482203427,199.15892910020412,14.530458683837132,85.53472460581987,163.55638161695242,107.37676930570734,179.38686939231238,88.15370492301022,221.6167539916375,194.39443721950738,96.0366773143464,74.06363977655218,215.3052522114313,99.4982319829409,31.667674006017677,113.53609482803544,171.62165291578924,139.130315881588,213.88420310499455,128.24082243150227,194.97884654825629,266.6176212972746,271.2514711670334,268.6336045456348,138.50342621511282,78.42327927596129,176.10143844911423,171.674331618681,251.37068258713722
realization_227,162.43183840619156,44.889597353672414,149.08895262863263,59.756841347726166,102.62877765166394,289.3544747503744,151.71351626455439,291.3689687748614,130.97712928405895,148.919422000988,112.4939759125123,153.71103229169333,94.77192126123765,152.3120782950374,177.6342698677625,269.5406801970998,176.37048000317816,101.11962794892554,149.95958219736758,223.65980637198678,149.71571766456987,144.97581820143216,294.18929362502803,60.07370963828003,86.05443414119362,225.3469287134938,165.54717727665326,92.69637108205089,137.79722264775748,122.78939417982711
realization_228,109.49878341338191,235.07462710745324,148.8657203767985,250.60475034281092,32.256139728486104,166.9063351424673,246.32582822529662,141.77874950395065,151.12534972539913,149.45690499369786,149.68885869820213,123.49644437870207,204.2309156302394,130.96673884470823,127.02746758736603,192.3068211177716,123.57187635514154,123.57080691432175,113.8290520935971,57.91669879111637,77.44462723465833,178.5624689224393,220.77809432183827,160.12242462219592,166.20024459413253,137.43308205025215,203.037080700275,123.38733867791825,150.46173023940617,96.94957083389707
realization_229,125.88515565469581,135.54068020732177,162.85267964201188,147.05881554809068,183.96834148475168,132.97380166034634,174.2692808233064,291.9484114816502,125.83451705886407,24.54570202143166,253.79783940728655,167.23200799371168,243.45185080180786,143.41316364557295,178.54446335564373,163.48764209941086,147.72942820836852,51.785252641623586,48.361528204865415,170.34865312689374,111.12200568213068,175.2370045697822,84.43901882407582,147.88853991063223,209.64188374173895,291.7243005007936,175.51282935629445,93.87537686324774,11.15251534855988,179.43603652913984
realization_230,95.14787088654536,148.38184755290393,99.67845171744113,125.72272021293666,147.2419746227322,119.77315738752765,104.54457982751984,56.20410769514594,94.4349694721434,154.1323432246178,199.0510402343911,71.79653533952708,101.03386450582721,254.57342583795082,61.68221982385614,268.9251759249824,112.50258559532679,162.4122023577534,162.14829556343474,150.01620692906212,151.45350528444467,211.61928688990142,96.82952090581757,275.93678214462096,167.49756262990223,170.7755114124644,177.31101507923637,89.7854295525205,194.11244750309865,106.12715698216965
realization_231,134.59716138313934,78.04290358578058,130.34522676500328,219.87809336027075,142.5886862762351,83.5138055318395,308.81778537482296,206.02043679479192,168.85843018733323,298.7721921628881,106.31851951838765,123.92191040675277,122.7131333820772,79.76455346268583,256.5919565941077,173.39455300691222,155.25296859357627,208.21820461186218,123.5416238916968,224.5003642851763,51.30354415477984,161.90316735604938,309.1445658061685,171.9141624717812,168.62528225541615,169.24982497628497,124.23454093999517,148.53116423419968,141.07654509156305,235.63888375255533
realization_232,299.3303244310453,50.68235673309905,83.93964868808956,169.087367204406,186.93710503904722,89.48595703178322,127.59551386069126,83.53480054941546,112.95261827675836,122.14212979382157,149.95189244315847,170.10406218664002,48.9190497137037,186.04615532948563,160.1785920145457,85.40465905575203,218.26001229310913,132.6265374876502,228.48973970378353,174.61841682603728,141.3804371801958,201.53189815321485,90.74958171500404,169.78152805628014,152.31023233656433,237.02399029381797,135.24408232599063,281.9665781121964,139.4528019718067,168.88082160706696
realization_233,74.86688364093548,184.9239578306819,143.7214056517006,152.66555526126652,157.7399756898365,61.655026893583006,164.5859904597747,130.25013287806846,22.574244479826902,92.6996117154545,88.99755688503862,106.11426419713936,140.40581405289103,81.3858329381543,104.92772323612763,40.512873724880755,309.61219047423214,174.50546327673268,83.81294517088867,104.64159579032085,4.6591481326515805,126.7461951088683,112.38082134801849,124.92941152749395,147.09253019738554,111.39874808976894,134.37294270494525,107.68553385534214,202.36157143195487,102.0632982944611
realization_234,132.78964997000492,206.0620705932074,135.78168742447096,157.68809654309516,51.088503027583386,174.3252279766619,127.81048153275603,186.5219826679902,49.09051480011341,149.7275277096113,182.4227942807293,42.32440786384451,79.84616307720098,40.84782998381605,150.25539663035687,110.03178014876362,221.72705750687473,111.7445455727124,103.29968669568953,256.8935334113228,297.94262587900107,140.85810625263892,106.84086465245936,291.6202949807059,33.59512193269892,243.63527725300574,241.46698064949618,191.33168079544532,114.45654891994779,148.38695672668274
realization_235,194.17531732185574,205.51550518617285,226.8327325496362,231.55235943156524,248.17341921362444,142.02460074016093,59.53482868375401,34.68042813501248,162.51252982352534,107.37200375031689,206.68550860639118,292.72237767898014,27.56610432382643,185.14873032000864,154.58223835291395,168.42010995597786,232.8634985140692,205.57577695803516,145.65566825710306,127.76942665897738,58.16739160897201,271.26222572982704,156.64928748367848,125.34699355178036,205.79062155371915,161.13639163820955,48.8793959824684,94.92231965969964,104.7546694247483,158.4654689025644
realization_236,71.44768050299547,222.84181322045546,154.0855831194591,171.28637097743064,184.77406168754698,58.59538140305321,150.30535204150038,131.19464517834265,118.55010615897808,175.31440944112592,190.1372972321058,159.35171568081083,135.18256545264396,189.2909458463208,188.17591450300014,182.8244428034617,101.77895734079584,115.53579606449091,178.91856683013773,309.2162634635194,246.87551523763562,217.67774433291362,129.7348528194029,151.8202973815489,172.7988629662432,169.95277758427605,102.58369528132565,101.61159368221833,131.15997522619924,73.01829437158946
realization_237,171.14591740452153,210.36018481208572,72.56838024876839,109.035414571953,91.10901534870138,108.3747368432011,176.15061776716277,181.98489588931994,99.44981187268267,126.73809807276847,97.86121810619011,304.8106421857242,63.249954477108275,153.34981458159965,136.14485450998023,135.70153904232353,114.8516581088119,163.84435576296127,141.9609841758363,151.92091886424055,120.20376479447992,204.60591916682148,106.18328205167276,127.59415097654869,44.75219187460455,123.43145652976146,164.5696152291137,240.05913846595024,123.91767331899646,167.47758272045076
realization_238,193.0522272268554,161.31993528824012,127.70053649614736,152.9694674943711,285.21548882491646,54.73825407343296,164.22190491428657,120.84329177916226,102.75588909787189,219.22049045070895,79.47928249562767,66.08296542109211,239.97388409051922,38.67455396649828,98.13569886247174,294.0866167677423,196.3088909418299,113.81139311831116,189.22581979399953,80.32786732906047,123.24281794075642,248.30725869984892,66.32461675194924,74.3400130755763,124.24105370342278,206.18368347426997,192.581158826378,111.01745318837368,144.68081088163024,198.03750284573061
realization_239,128.86951280039688,214.41962264886445,167.63862145147124,110.3753666739861,193.0455257588207,177.0965414711463,215.99244504944568,133.16485343222172,146.03386723784118,154.5231453328787,117.50270174933446,286.033705774099,121.36534739123356,222.7663786143611,253.5284195407985,300.0979817454836,90.19613652298831,92.78691125124692,100.82159940973364,44.3582957785684,91.57678302845395,287.27229983485046,76.03940531630074,130.09018974428045,155.80436421694975,256.1006713913603,54.84878181574713,136.78233552509715,77.81177709555668,176.45042471252464
realization_240,101.17424647370507,162.8176309702207,91.41685478118362,138.80568894835338,226.97446973615132,106.93865667003591,108.43612163297522,241.9449284062594,148.92319569932,104.20209683955473,290.6813914993542,301.4051809168242,170.13009669233938,136.30904812912942,114.14463892089233,103.78374077391423,199.4786677297583,262.89265578516233,115.62911578772736,48.858684938497014,107.24880083507685,104.17716197856294,70.56052073662727,95.8113228079264,74.25029811225717,223.56963251362504,152.7700610396785,88.8420088506415,113.22316382932306,62.07774586553292
realization_241,143.05545433047993,187.12113199082103,287.9003712976219,104.73089604056399,94.24711644252984,115.72584349627252,202.16315435743786,139.79624670747094,105.8953221606746,123.97421391300745,87.11801907500214,228.1530456381204,151.50766471876955,181.26496647439149,258.3000541395605,132.81404391542011,180.8252195716421,145.9380856758553,119.8862924919362,136.32963657592651,129.044631827026,107.86606564481328,178.02671682068157,165.83687539270258,171.60296187898757,168.24225896354437,114.49341589907537,95.28706842654108,63.788633520826565,219.0316349114304
realization_242,58.99841364290624,204.32734340327582,108.92895875811246,76.73143971374428,110.26415227271092,151.50852818540324,260.5896263092042,189.49755542662916,148.0290085179144,39.1414127734366,127.20288991296081,118.24123560837576,136.9920726508685,118.14030435035122,85.23387570833759,211.6928656848848,139.2576950413541,41.17625121179606,116.99754488097237,233.00173627939844,142.67537966790022,244.0534290416079,183.76379080191253,130.4350589914758,85.70189964474767,86.33688807035952,106.08798585210619,80.14949095315697,174.87741662063638,116.72442278349094
realization_243,131.5349227725766,142.53951996827885,97.74830221925336,156.7831890474227,172.76428612462323,294.9476568483495,221.78219151052465,253.7358225770444,204.79520700874735,68.85237238548211,179.0738272197372,161.27746763729866,289.34865328931687,195.30720505532807,121.98978880039809,114.9537783095118,120.04399356700657,93.926140092243,66.18179903081545,106.1744820657695,160.0890224923652,162.07248831652151,143.65423081060905,212.26462259183805,109.28577907930773,138.38354063824073,212.47542228487856,54.544481138987166,36.97106070291413,78.31649843255596
realization_244,145.89847938579874,175.2008658418962,165.5438859269108,136.84383199324117,133.675833372695,102.66437362311629,61.84436542492476,287.1172308460007,194.98038965300458,119.75732655956897,171.56831697960328,194.45393270204093,134.3758086857934,158.58056185914657,52.399381965030514,218.6344579890161,279.83610459394174,245.2725209913639,87.03152854818728,79.34620816374469,187.39608862580909,106.83482086361386,175.5822118600132,235.54084126741,173.42776689691038,251.6832931413348,108.23378080088203,151.10955677002434,65.1658784841795,267.7024595930255
realization_245,44.895568067946016,40.068313934832894,140.4863725282068,199.02296662663895,12.520508029717575,62.148014996540454,208.7156670045363,107.87724456515832,95.39617001972495,73.01248810170901,189.62605456565797,130.4090305270699,5.448178680435092,212.04653055623126,71.7264298037131,135.25821737014647,178.7029607937239,193.18464165632548,126.68847828491418,79.87666193552016,200.23300899818398,129.49520632971917,118.8523432813663,169.64782158229258,128.07188502773985,197.78581940177637,183.96625117345752,77.11465217245211,13.045434489009864,139.68079563733716
realization_246,76.76023443236382,110.43130081317908,54.829884004865754,48.62628917802805,90.5482967117033,136.0027496291256,118.898117211466,141.3536143949265,193.8879085556027,262.2273334698093,165.00240013343927,151.37902140433303,208.99640411565923,302.57964910438454,147.56159663140468,142.99859580486003,219.07893059985338,101.74209453927563,44.669073902441674,164.17098687440728,106.47606147346542,263.95172215199636,230.0670199054877,178.18547744020225,116.68866514146585,193.98827314062646,107.12468753130275,178.03798952984533,276.891249027839,162.3358789577242
realization_247,302.2784259922762,187.72208135830553,281.9962532501804,59.98321053017091,219.41509078033704,260.6075605904814,80.54864236550424,147.4551131773468,144.79828560053022,173.48151247784116,134.27623858674124,159.8916033822908,4.336594366898055,67.91573940751582,258.4861048965513,122.20035371591595,142.42476483023103,137.43577581496737,167.5769400732795,116.35050234392995,157.22184545792433,185.990109923795,71.99994775825355,113.21963022468192,295.51402158722874,155.04564672103191,148.3779768115028,121.05633441170066,122.09944854374098,165.00357615040582
realization_248,150.28390044397335,117.7139712743556,79.59103447846613,154.05240419866269,63.13185642893438,148.12405563614192,174.5881853970542,253.42195803543484,120.8126090448846,163.30165798377735,165.23710312572462,136.14901629089908,215.78672318397975,158.64280926838836,93.63121718194876,144.69479733273283,127.364786604579,217.41129712368252,89.96859905213927,88.9056550753327,148.2102565738162,74.80320720609596,128.3084006310446,175.55666596262031,134.95648594427442,49.24264283760671,150.61286078729165,145.01698341007256,169.4292393024677,184.69420072140656
realization_249,110.87315548280786,145.25628259724803,208.0190522698858,255.62099058083314,222.49780526840482,122.02009998404966,107.64544194315941,105.20140859678794,309.4957506193909,187.14056305976675,166.99682000058442,214.27632905360855,142.67648305130103,274.02568183684906,305.65279290149664,94.90557111183898,164.99701948319495,148.8625042577816,40.64957955391333,104.82516809839508,246.84276758162147,142.5406881568973,115.86544980278565,231.0488724365057,145.55096262005182,152.80650043474864,278.3950578304112,228.74439981216267,291.1378182106284,132.0463077196184
realization_250,157.53551951872865,22.01714340488553,30.903261030612477,158.01040329166167,133.94720500530764,307.3269697077964,162.38690887323347,159.28623351194048,93.41731523715116,199.1105765828213,175.08196533859058,135.89251108437992,151.13495332811343,198.45687158701838,99.09086704328692,51.80122870018533,229.81167500589103,155.1835513852651,79.53098721540096,102.2741766845976,205.72230431462157,110.3242956882269,84.48643601454008,74.06705333033375,149.95330980599803,207.5377141583057,85.60097366985904,145.51941152554906,223.50880971815508,179.3835282899268
realization_251,160.86081608664125,132.54212354053766,45.29045166310693,227.24730257384542,122.11103841916147,84.51308183864454,59.70178130786662,112.5140520259956,124.91840312723075,152.47181550757273,179.31912686764545,123.40554290017452,74.58219249008714,214.94395119332205,130.95274396703041,192.7804148967261,212.97877865041602,236.78359994423326,75.32790464602276,165.72571795837297,106.32343704699792,258.01041646747353,135.1835834417943,94.36918694829467,195.41169926368602,242.08148656409415,35.78552677201657,246.0128714533239,138.70781291330226,156.8606119526489
realization_252,162.19363268719684,134.54764805437154,177.17082750917666,77.62193934245812,69.16029774534371,170.0886151040629,92.09694578877239,103.74563093387476,242.14418582810995,151.77313840798686,111.21057517578626,118.58988160265567,58.757304522877256,275.0495659920142,79.6677292881441,158.27212235971217,211.63150189683435,111.77708288688258,165.49207259048185,151.65318211456525,218.31403552274244,144.12277385782428,110.92885346899754,157.2309399705319,199.79219394507572,70.57204112179282,101.15835471056786,102.14627943794005,288.0289741178859,117.97636636368267
realization_253,181.9459232983819,140.51428747023533,178.3584862569947,148.4266256793818,193.48297845097292,194.07035396117038,186.6113973031361,115.12035718535431,192.77255860181435,124.26748253370053,288.37753718189185,194.49774838508304,93.94978823787444,211.51910396702328,117.40695387063384,196.70456395436946,173.52296017690088,130.8595821551787,61.810456997563065,139.23215073108062,121.39599900766403,116.285313686534,121.92662137455515,229.92309865167778,63.27822502329533,309.67358899927285,82.20295525572814,97.1241850732568,157.95957773449388,198.43333484296
realization_254,103.58849736921559,191.386850748634,106.3759432795571,93.6384252364963,65.30645462352444,206.12370420503024,166.81259000011414,145.88011227768334,110.8566107919827,7.116696923264655,116.38226400343844,197.19908428343328,182.6303592808348,227.88020520442848,100.66101754622635,208.4173813280591,171.19283608151454,38.54377579565558,147.8861577603362,215.0095787075892,170.08062205883675,170.2680234332774,162.929209619773,143.8054322261811,130.11114904022313,88.14118320589242,281.6681121825664,143.04566681249383,78.9960172869222,75.42836407761891
realization_255,141.1196547269074,157.37142169432212,68.60937382525876,122.27767235655296,145.6527044384575,264.3454689878081,114.57993528374081,128.05609871710473,111.66248412228707,105.45510356729514,168.26852576305035,157.649678645189,252.6717694604165,229.01045930843406,66.33532658454291,301.92917164334744,131.153990879323,102.07593676156392,290.56142082442676,60.080947531075566,110.99388829056588,160.433614319591,244.1730056057509,152.58023893730018,172.48797824058016,154.70239812676152,103.23867996790064,138.56422419515306,155.70324486275106,277.89700710181353
realization_256,173.31280374673574,79.07749794360903,165.22254648165017,104.9889680500533,81.00787526699006,266.68399447601837,130.9164619349073,68.60604040786589,180.63112058103764,141.2714158953943,279.17640520542045,86.37536451301526,131.79679802767834,89.3700545739377,270.20788078840485,137.38160708474868,133.49606925770763,106.75080553817975,185.045019273549,145.28684411352216,152.67534998034387,91.51806729701485,60.736347869479175,144.67232645229126,151.38071289444264,203.5521069207952,124.02960467312877,304.31563764798284,247.97556685229387,256.7202674926167
realization_257,109.81848208140082,155.19775300989448,192.04051438663942,128.56269796489173,204.44380711799627,197.90840015205455,191.76939459626107,111.0143995106999,94.99215032700816,168.3729934500357,103.62783579042537,79.73108347931512,69.72157929796278,155.34050720613064,222.65227205315944,282.72386238659084,53.029148948509444,161.80692881547466,125.63378946332236,136.74970992758898,236.13100307533824,232.1773145049196,161.27100701782751,183.22924931688183,146.38823989241126,160.70880795534728,120.69587267440093,304.51081535579607,89.09468125836345,206.61278853887256
realization_258,144.30155908886437,175.22968178556346,135.56425000212366,243.6028101563039,121.0187301899265,246.01724185806376,114.73151431514209,191.4953206476903,130.5328994733543,177.77266484608185,66.0014257132033,52.460587620637575,171.31426461090086,278.1770889378448,204.42639834550076,103.80362944943896,113.4383470681424,134.4931673627678,144.23106660463782,156.96558484997547,145.00229290626922,103.82249512176355,160.7488729498835,160.36446113832645,119.90502924031583,83.53054933930446,176.3475474311029,241.042029620893,183.93586571234036,147.23019606280678
realization_259,177.90182118694304,295.5717489374491,281.05664801917186,211.39058407969088,229.3899108744955,156.07310834863858,117.03758945246537,132.46693524690426,65.1963339352285,138.26474773852627,172.4877328192207,185.46900148687703,186.97252708432762,85.21765445825538,191.96367750787377,150.3564838866058,130.34077782029385,119.84292189772461,163.7885791228934,132.2723368972427,72.45805463843163,151.24120955170818,23.362633063034252,130.72106702804342,202.39694431563265,96.98592909649068,155.8226354666675,253.16653009177907,179.08772812761867,244.79134296010898
realization_260,148.53284353660462,215.99902194736177,54.400354205745586,159.16606073181327,150.36935338276803,161.4764779411573,181.19578674086756,124.26936592482507,58.37564958985937,138.00398245016598,139.35677616272102,111.89626951696485,208.76118596026498,91.16055535672537,216.24921676029,153.48773508981637,53.9538466126821,74.8041872239845,89.44204869608018,124.5755486701175,66.50628286127441,124.02491156740246,213.02447369622752,148.67533444413422,94.73645607240748,303.9729212505492,97.64148807648476,205.98436537544808,260.91274175166416,217.0974581240999
realization_261,69.4966388134744,89.71482421048525,150.87895692185123,198.4725939189127,141.64294739051832,159.19247297624617,137.6398630181196,209.30458080941833,132.73583817991337,126.36155687377514,147.56512463450866,98.7509271179641,89.20216929789643,79.38577768051198,146.97242357595496,129.1262409061939,129.98324384910413,218.41380289095986,91.91339780831605,138.7811164169283,98.74629547444265,130.83230914869708,296.810821640356,203.0626346722122,97.92230252682164,226.40257788787895,182.776239588033,152.74981884972613,174.9882227260029,111.77098243166837
realization_262,183.09017282844326,95.82551978286834,137.16643738741863,121.99830691387282,123.19519022616622,145.76387198623985,259.6187528442924,238.547384541351,168.9134813546855,269.041618673094,157.554351417183,72.33480792464813,68.97374161943837,280.5980091022161,128.10356896733762,260.3444115246168,63.240800282529946,117.15940481316557,174.883352482415,156.71157008600028,142.3906876041842,172.6273509182726,110.6674580366061,105.52557647215005,190.1057226167475,127.60977051908661,89.27494268192675,88.70303683878141,121.12944452086373,229.59834155246978
realization_263,112.80715850282436,162.39850644494172,75.67736068098327,66.37782618613424,212.11365093806043,90.56422773603808,109.71309193125272,245.27042221943225,277.74978913412315,195.12372297703388,127.23182421162794,276.95473735898844,62.45856209509866,92.05550555062852,130.4085192665985,152.08639504187857,49.06409341055594,125.03444196567335,95.83778443098345,78.80211579259444,111.67030979119178,177.90627322636055,239.35595493919718,82.28442976353341,71.21867875446782,190.33657257574356,212.04203763797557,132.8957176785219,226.98970244514928,164.72551297994465
realization_264,85.89461305877455,45.69258716285945,98.51145152943688,285.22300872547123,84.02285916333553,262.6842620566104,97.17498430979737,74.83852072297935,204.18776069182024,82.14828828907945,204.81856898705797,259.31233293996854,118.02558849121294,86.90975387607207,124.64472473382212,123.30883973988873,164.48895250645174,98.67549315673621,151.9693683572921,238.31619914092894,95.41434662376781,152.79200574829946,46.55661798823374,155.15484791555215,162.49783728264737,166.60055552219998,43.52866163001328,151.46247361342336,177.08663601155382,75.0666006654397
realization_265,128.66924078756642,182.79606074269978,180.23199233978008,164.1603093177293,172.94017529401677,167.22377148171552,82.68280729367262,205.234182251726,224.1804819906006,160.25998021970096,91.21556517087936,90.16325662931371,104.211350033446,59.004570969918035,99.37682243859425,119.2800053910975,306.35867056564535,181.98018697849454,116.76185680621526,200.7309674539303,89.34192445034132,239.0498618543608,68.67570311488822,166.74330991642867,93.53208121960247,141.61893328888922,157.60422994827803,108.97221482158926,132.6228652091155,217.4248299188033
realization_266,79.16581038037506,123.5140558188931,247.54840452555158,101.95106893829592,84.80234501258231,85.57509751263483,150.1233047815181,190.39876380776786,140.7460477391363,91.35365446256387,82.19191883165863,161.64830649212826,180.74516933484,154.84210571162382,306.6208843704078,118.23118397256674,199.17715094631316,114.2842100491647,259.10910458265454,147.25384871264004,103.90521246879064,294.7313038694691,131.54540250642697,130.8195063407237,167.8626134692747,142.0943470190697,180.58664142018685,213.21507946778578,139.42023431968698,111.3163178791617
realization_267,153.0589895077422,157.26113467714595,140.54693718406412,136.48519790430555,163.38415389994248,181.84679512612308,102.36496719967546,206.56684371306514,114.93179860849027,110.672288998518,142.4267358401641,98.75648581407636,138.97720463277514,37.940061270297726,76.29414433790436,156.89152608272678,250.91974791779364,65.12800200141425,154.0473851709371,135.36087630136046,116.67408201818307,181.57022820226493,215.70118538065202,143.16943838913224,106.29233452911662,120.86459195969573,124.74300221576806,271.6747746891945,78.41113424711034,139.3601868876477
realization_268,68.70040084044277,131.73076190998484,205.86394905163849,127.67974566344209,168.8534256790948,44.372779760005955,150.7880999571389,231.4602461893437,215.042211484517,185.0932199728677,174.70856367947002,150.27664203975345,187.1580049338321,97.47175083697353,73.34289038593622,90.05772203288137,137.5062567296516,299.3589994681913,155.61713916017644,159.4260930200045,234.2878475143124,77.8670448969838,180.64451696926093,120.94862868775729,137.084698138353,76.81824167681408,139.30812225879976,47.25337456274474,134.14177903837685,170.24282345756944
realization_269,126.19611856251775,171.22773716751462,141.36957067426795,182.2024610120554,153.0211254398276,80.78052700387107,130.7480126656477,198.19149753116054,154.63113286532473,122.50874459911452,136.17982459898323,164.5195267660676,122.09779437119361,83.3224217045468,239.54874835492768,105.89431153445429,295.643236210338,170.9838302272158,58.63576826974134,132.18381605533173,259.4492922195333,156.06570141092607,125.60478819213787,247.21666808654865,159.17207024814468,165.24359176355284,177.37714922290564,157.01569830044488,88.14233723876373,239.1672166433866
realization_270,120.40304111317802,211.20836482577212,151.68397851724617,99.34463776858206,111.01652020186432,167.2387159079694,62.94546456717148,132.606678885262,87.19760334613063,158.82699625546314,131.32165473010073,175.92084765441638,202.00911943964832,167.83235284586908,128.9214219625645,161.5793856843964,87.90522787912829,115.67213926437371,129.69275809363228,140.90781485904404,142.97483786845928,59.82679127848552,147.4092365477964,121.55324675048541,295.22910030067,170.1090770237532,292.555153142108,166.5557473714937,51.81813079039187,104.98067111760857
realization_271,85.76154175766416,184.2111342877596,12.105151620600928,196.38660743014728,224.34756674518508,113.44668577345143,156.78014522191867,116.30640697319762,83.49230238741318,55.06656267573435,186.07490743673029,65.54744811667621,138.29411694519,134.02018672888164,84.70836073885502,149.4376049854086,127.00925968190656,133.95154979902793,159.492004114951,58.78156740499211,156.90157055401556,281.337648581274,114.81069122743146,166.54551618747468,283.17412065718054,139.54558900742882,146.18783118809577,120.95900599137201,133.3700696555976,248.95891127138174
realization_272,123.29235654601624,45.40022363366342,169.43810035897928,109.74162059041691,212.32093525722232,85.460996795813,50.19093750806229,140.1243619290188,119.08688498509437,130.26361838127582,119.98937351386908,176.69747290759747,68.73243362376036,151.17797068921473,189.74796434000328,139.54280557360804,98.77200881222191,113.09128181852158,288.1401730533766,52.46331232790345,100.16168050270542,143.56471285765713,56.24556519352325,212.28024372809367,137.58577229572424,142.062967773292,152.52757595490976,110.56922402159852,141.04827449051598,92.43322521538516
realization_273,121.47092969733541,103.28288860970748,155.40206034952269,200.15018544649234,147.7739919910058,127.15185627911592,153.79428856908743,260.9914473557405,218.77583775586248,107.40950984799835,248.64251587253287,243.25909891233084,141.97139521897788,76.2446683011375,123.51806099175336,160.40236625325832,151.9305547875245,4.206529267383829,130.92485459669092,73.35522689202625,110.80796266472163,124.49983311038841,171.57531495940466,174.0644201379478,9.361547225472336,193.77508748922443,147.38727327973135,141.647472350299,104.28475315034405,145.26637578147694
realization_274,292.65965155773955,238.92540734545923,168.42466034110407,127.31025810935057,165.75095021302707,98.42198066891316,50.78496066861403,118.47424820497287,204.04543387698936,232.17812885914006,153.83485757786198,198.01324676973775,135.88112899866738,116.0814723310583,165.0734772929415,142.6940717905778,178.1550493399306,214.122856400625,76.6763198518583,88.23670293982106,171.82203623802496,119.04354423451112,40.657729605029914,119.59358248894429,184.337206365402,221.81774909306952,116.99290002070077,235.72364431323575,299.62617446905114,37.01641805727937
realization_275,47.16661127594266,138.63036336778413,138.94894976162948,164.22715075580294,70.9785896229026,209.32949662119856,131.71959866689826,66.32103269038211,88.71733611545287,83.64248658396046,239.9391349911719,104.33947057292798,171.51038832741818,177.18980885879768,236.48036974238025,49.37917894850166,220.19157213034015,146.18216623725698,152.75733594338365,177.89946956839827,181.10659735335565,90.78976345798402,100.5893335750257,111.60390712194817,167.86685263636866,119.24166272145624,82.61345099938703,285.40809623540184,154.88982362585497,107.21628203418908
realization_276,276.2189702829466,156.11735062269236,155.60168872854214,81.30850500509767,196.67104342829313,75.18947728653276,285.90524265760354,210.09596486667223,47.71470941887966,93.73370611242291,141.96464184021,197.25146604229178,84.61063047463546,89.55912048920838,146.54357754277515,130.1416570828174,114.15138373672434,65.21972092820171,306.9800382719294,281.1290827008753,292.43623052577306,300.8742040762225,276.4914251542137,244.198046512963,142.2126134658002,193.6947207429823,149.2726905382936,220.84696874698574,109.85320524629962,150.6550949087103
realization_277,266.8048422763529,177.204109685868,129.91481073786596,56.23271382877599,58.85393474653596,134.5038310154344,127.89950854323797,139.50705677464222,109.43460691901288,116.04121708986499,170.90491848566,126.41662069119977,142.86095849105965,176.9797458326567,141.0747383893089,186.9129938824537,98.19790116868032,195.96785727266652,164.50547099863144,93.80610467084769,88.68254222038202,174.27527602460754,62.66862862662296,207.45125578726802,91.1652465819165,131.32482164700946,79.9945146675455,173.56758910746044,264.9741590808963,79.26555829019355
realization_278,161.5893270877039,250.64513169953378,35.35689101875864,58.345131003866925,121.21275028075962,132.8888470746406,195.35367004389897,164.8893050550337,152.22135017235274,187.40999362979292,127.60744757796948,182.96728930702392,89.97059989867365,84.58973570768725,252.54701230726783,86.99987552333361,155.30893293635748,74.56156726325592,230.7492285923468,107.81794285896214,38.14253030315095,153.16504705401744,172.35164346342364,222.27829715379775,170.0578494458248,180.81689025973503,211.66282544200223,195.3231855929654,227.99807177144305,188.11474869175694
realization_279,141.76250084242642,270.4827065863607,167.24421662461683,133.0156358049689,235.81678424690847,130.1755730973153,175.88997344869165,167.23712764157955,29.22208539407933,129.32186635658937,118.62143543767147,79.48651556412705,242.06684740062434,79.75375677974739,194.91527566576977,130.4092100291078,256.78458861236334,140.7654920455046,169.34858058242193,119.31516345811474,115.64821931860534,169.57100649115483,165.66107584444782,232.62918989628204,131.71651213152435,278.0855919929925,97.72385421741467,127.72568291473921,218.7958231450071,58.66403017054006
realization_280,195.9897221083254,129.84017740258705,66.67871885744339,89.83095402334718,146.2868291832785,119.7512770294057,134.04641084821657,81.7845193428495,61.422625296116365,125.15528344682608,244.91675261375684,195.720801668041,131.04120423419013,142.803073636402,109.17852787833702,125.46130304368802,239.11820339149153,189.89453558624876,170.0212953945189,148.5161154775441,130.83430895837517,300.2070799187605,119.64529017248009,92.88173273472417,157.3564812198817,256.6275424676839,111.98131308434456,171.8419121319904,75.98047375755966,155.0593138747644
realization_281,124.34494313067903,151.4711338408054,143.76719840362802,96.5906957298399,196.98670280974991,166.06396653851127,199.8553962149528,104.54855774218663,30.171413755383256,178.47071415147988,74.82939040076303,131.39187344280867,160.85708352489056,67.36211152897889,173.44617462723997,88.14876975550341,140.74994750498647,129.23407436219128,93.56324637160759,150.69755400779263,190.9813047411398,143.51992595751568,156.51407888043286,124.93639907571033,108.58636549615994,68.57913663741934,48.831361495137045,156.36147701963415,218.21068127560102,144.89814502021406
realization_282,175.23313534293754,124.3577091635039,149.7254337647945,67.64298585754821,161.6148506113703,263.9647065067082,199.46163053536424,87.07720269258107,185.2010389957627,180.18877165616271,162.81592169761421,76.78976611181596,208.36348277198144,119.59204687490194,123.13808951728251,277.247628476317,150.18989905945602,256.5276666821551,116.81979642419049,105.97918158262956,60.40845356571856,194.42697559409135,73.66875871727959,194.2705081034551,201.47065362530012,255.3188006432252,99.18513409149196,110.63567794522356,73.49289467566298,94.2184516343078
realization_283,111.14970841748993,161.40967911897994,190.34396090152842,42.08269424978668,220.0548695109752,235.91194727310545,305.0500755685363,187.94654590407924,156.3865301098052,118.4052291793608,132.301172852752,123.72142350265489,296.38683173002613,186.14112313128214,173.05172272267444,111.52274400954778,143.30348628389493,113.57842720373156,119.34876881275554,107.21511708344272,170.35074901439947,277.43133113784995,105.38299877877249,40.872860419014415,121.81732520553703,164.3482178122504,277.01051012915605,121.27683821021195,244.6402825583931,167.93594311199237
realization_284,250.81099143486773,134.61296814086185,169.00347767822925,141.03687569354003,178.6381570797982,229.08415694872113,100.91664134723568,115.71622549477988,151.91755035479025,134.11846324821408,212.73474918794483,143.00492694979752,104.81079811099266,233.00729544114824,71.80316779823787,98.55090909575132,107.65778001409979,116.28735627765796,297.67088180528094,134.33434763409235,139.89390843973902,137.13785895064348,212.1063112061859,203.3005388034223,305.13275104064866,116.83397374762652,151.28905413908933,124.77079800347606,193.54838347736646,123.06680054675839
realization_285,126.70159727518903,112.93392815083848,166.40763844627477,309.83270570025974,191.14415835339474,203.7638366867804,123.32837793612077,262.2517647794929,155.04721982274967,303.43815804209083,148.14179340380923,264.7625089885275,199.9609177505193,136.1573799204402,47.181476103576315,73.06170959419899,122.87336256636411,176.20852893756566,125.45625538264349,74.54854654405801,85.53116789179259,52.878746773630425,265.01926178916045,163.37541284741914,84.24813560225694,194.780036088153,125.78755037312625,154.07896562586018,115.9489116383765,214.64952923821306
realization_286,80.88867409299964,184.1568480935468,237.22073189126033,167.83050202103698,96.08494126665266,104.60960066873103,65.48735325716129,191.22441834157286,105.80904841799013,54.01129592188157,73.77582824393708,270.1574858140192,174.03306221968782,108.29969200164112,152.6723826317217,89.84789895622686,137.82358491045275,77.38985129363878,74.38480916779083,118.45316515896843,189.5999322728293,89.15939500760211,164.2119372223164,47.99201866848846,69.15510603128448,80.77815195473877,172.03801852333612,197.87954879256432,78.47149353842924,151.9573399230341
realization_287,307.59495073276184,87.23343331161848,151.3603555811294,151.9868688689224,74.28609029666379,82.55345315445165,142.36142924163948,187.2590845233957,69.74717997738637,71.60906289492227,88.54105672281096,74.64332973240013,190.12823386268983,303.7142102246787,137.3925681900586,233.38739293540257,127.83671838994472,279.9692453440698,127.06162311358335,151.15727537960885,118.48856266689074,170.96002144374887,45.75394795232597,178.4839115198252,95.551076728455,113.41014219869037,81.96606333087634,89.98758755848877,235.05571365864478,76.8039199196917
realization_288,71.51082466906797,169.62094775216454,285.76965541367844,160.5459823159447,230.59509488615188,133.74024167549547,143.295184033472,95.97938473342981,238.89486779286278,183.89929704112694,97.17185657540803,77.07424956765408,131.5918217404653,187.6679718711109,158.21022562762084,154.66152983272815,32.78361673135495,106.80986499367697,136.20736622741666,131.53209632364343,251.08326854944724,266.1330347679727,96.98039139937842,217.20323011221032,148.87799268314373,265.7095392237971,60.760725969898445,184.8021133573513,172.67644991637414,255.7407754755934
realization_289,156.74200203925264,160.8595041059362,89.57193465362602,37.75649389445943,279.590741841989,131.04533955760422,114.12386049001984,86.04033440171128,164.3723167408524,189.86447309006934,131.215025683932,64.99427457209575,144.70439915258703,109.43841832827954,30.60110927484724,156.10101399557894,150.3591091688489,112.75233356911716,246.00005635304518,206.757172894046,184.1180310746567,75.32298152061291,90.84170974751665,140.87949936270735,123.72470556555795,55.61522173982391,78.77543887146165,244.61570816759246,97.62476306000298,105.90928329705874
realization_290,144.47245574605435,198.93246611333825,182.9847110502359,240.1119422490617,158.8379494086039,131.5028451228864,149.3399690099478,35.39137295762552,188.9019691438158,78.09070716327777,70.88594550198776,192.39010237466033,91.03169754791082,127.6574786103503,191.8906331207994,186.97427422652228,179.07910791694752,160.21153986702984,177.74264281998623,150.87291911524858,280.2289314212573,182.0211347734828,92.70516449477344,182.0899600345992,230.47310313496536,203.5391389124465,59.977262074255904,254.2955224500144,232.78920251323473,127.3486160025302
realization_291,192.78093997907604,136.56363416331834,48.24449386721568,129.9354165227801,140.04866513793007,301.66025066002675,92.60587795524049,242.04326343059665,87.64397258160804,71.83016864628448,109.92665493262385,241.1006989046643,140.76633639661424,122.70524467390345,265.73886251416934,120.5527286865755,123.49711760843033,158.44387337963357,105.662476994848,190.47466790254654,208.38326261651744,186.66318919168648,235.20319179165324,109.75695170917955,213.3555798929776,108.91601931793745,99.6775079911361,100.11901395840908,52.502399524346146,63.02821532349672
realization_292,118.93263856601916,107.70793898335678,109.29222916344702,178.32187497663404,76.55912156953377,185.8965900390454,165.92799708406588,82.73638900577508,128.2487356827031,107.15481601480803,170.13305883012308,56.311194320273906,265.32632984152144,207.19433344049074,130.2439411056995,82.97083668650828,154.14046291273144,132.70308903854288,106.98811890598171,156.2128120111407,129.81071098013393,176.06310934553142,251.95904776662425,94.00404672925619,166.84067601782536,197.90779952061507,86.02226552791215,216.69491972049573,235.5612276961881,129.87638700368763
realization_293,151.684620173871,83.44709348823446,154.39866338727438,50.66310081734232,159.86018988715608,86.55789272498859,109.56949875335546,174.23306847007478,149.0615537584669,66.20290870802654,216.8246774031734,139.91162511792024,275.97932044633916,121.7826030808374,125.28747163350724,98.27303061751985,223.54033652177904,118.50675192812649,120.88976398706139,157.3883477656308,121.6004382461448,121.56288685666689,256.0754726015709,282.74330662868744,253.39457367324377,149.93302688200393,305.61348873489953,116.65713005475592,169.32655203853867,92.1672708282578
realization_294,91.350669969703,151.40693211610932,141.08841678961048,77.53369719352297,153.47591432080378,159.01486068559143,193.6048582826547,114.41948540235349,208.20631468579523,73.27463836864564,203.8213840974414,259.9815053869826,98.7941216262999,145.76593209957846,170.40444414689026,168.31662545922623,195.18042250250815,154.0189362207806,62.23338488580428,50.501546683246374,176.42774612232822,67.72720159931069,266.703306952734,86.40021586662412,189.40609893414313,94.841811645651,124.98732504046833,214.39136637728308,61.08990777400048,76.66924635433895
realization_295,119.42119986995223,55.67594068009646,216.99339813291937,213.03821876571288,131.165135822552,82.70566948764431,83.36149663529353,180.2328682401174,112.13422081208338,80.33091535364237,234.52240478723803,218.36430400791477,167.20133498250433,156.59859387029718,72.37054808675931,179.12630711309333,157.79167567804566,192.16077108373,152.26413004576617,239.4881415329935,140.77486513896463,154.35888623694464,149.02544974407283,138.7101934054606,66.11483844998352,163.074455259853,234.6138543623985,156.3145259352019,121.27669131261275,169.1374547445585
realization_296,32.21579164851793,201.36334792801614,50.61948098753542,218.30173162587405,309.7043352403108,217.0917410990802,116.07598038472442,83.27102144186915,90.21919166275025,102.32651102885227,166.33279660693012,133.54377249334587,76.69061125914833,57.77106542381131,122.9275530897052,214.3919197984013,110.89954827147596,152.79822071880847,150.32092819082072,181.59646309340752,124.5036334629996,187.8664435929574,153.98705656789062,156.59754613234404,204.08391094162496,110.48419409379078,145.6334443324492,110.8226557314157,45.12522314869179,249.993351074726
realization_297,116.44088578580858,204.5688590956439,240.0755126469183,179.3664856842366,158.25667460735406,112.26933418891562,82.13786120793569,110.73331898332722,137.39647765268577,299.38344999454006,135.76861777042896,150.37025635886224,82.9136662755755,94.57950457059874,147.83541527020296,222.23230493982754,250.70293313404372,135.74171557106317,131.54947343123808,216.19520889746576,75.76710390433067,124.11587201132704,278.0650268607027,59.71661265691796,201.52156722630508,41.37038024833932,172.3151024167179,174.2271548493895,204.2213682699203,96.27470343802403
realization_298,154.36944972121282,51.040819535232224,39.534645678491486,163.60907241341528,88.11748043336321,86.16054474183929,108.95301595475678,128.08711983983642,74.21844033873147,302.9926652068298,53.70629999820682,87.90269713631943,145.8730324328518,156.2694584480716,123.48777383041136,137.12372174054212,100.39678218798377,47.57993201174952,86.29727077177455,81.20401208043707,114.47442445620638,87.59668786955713,19.003204903708365,115.91570605731175,132.17694745183346,80.14423306153986,220.58254722559872,216.1262050655194,144.0854614011311,136.66655145376544
realization_299,240.49391489618398,32.890000809349814,183.91408011476267,237.98458182907825,202.363785707202,230.13511143886274,282.07833805955477,230.28183846146484,192.5566899400358,147.07429655018083,72.3181927988633,167.6107195340545,132.68924897739646,173.27503257826626,92.69292823707609,83.6146147100704,177.57873976763102,149.12916529425004,58.968431976169086,12.47479884407069,166.7717515007402,209.65932590335436,173.70716865142197,227.19034249846916,119.2594711794167,200.8381675343652,111.9541524281671,160.38366505793923,113.55889708924565,152.88466516751896
realization_300,108.63253963336521,124.29276629353012,183.1245945924832,204.96266760173663,169.5505165994733,93.28924113266002,71.18278499529973,54.94926054940914,89.26687312170753,100.70342433181787,103.44216430454328,136.12088549245,188.5451589991114,209.2358409145849,205.21672566676807,68.42638203834173,167.04288976742632,127.76248796567941,114.07461643166518,70.14049017338519,59.71217912930375,101.27865999250949,134.12232780442028,65.83753763153052,215.7781060954764,226.29591811531182,234.23375570809048,125.27807230967079,214.0213598623295,135.7188394752312
realization_301,168.58078550633618,254.69344110777473,224.45389767571118,110.27804011185675,128.70920226761515,296.62874632171,200.71379509148608,80.71162826433508,214.6435293638287,70.89977324876048,86.91786102679558,186.1731006476096,280.26668156059185,147.64314004194313,56.58300856833065,107.00106497576289,210.0311864981418,112.40820383080285,139.1081044736258,159.4182778492447,217.5596288974136,31.14247200180297,145.71765248802157,309.86818830315974,109.3502126247611,11.346151815279825,139.86526669113186,220.67535488836688,192.91882048831104,126.67360353579323
realization_302,204.28198360083326,233.88740719391473,85.31855827392222,189.46538540326296,261.09086781059216,54.16766508061874,83.22084400247695,73.6967090221817,118.05931020307708,85.77091980574565,142.75655989425337,127.77981243367759,304.93397158477984,114.60497712564177,125.30186531721833,182.34245067500495,89.40666367185884,123.54682613237499,131.10411033072305,147.9350321287102,63.406704619855844,288.69310902532516,123.65081250141604,160.6472144465223,134.14978292920503,89.37658700149913,127.484943439553,151.46619090331777,82.74724198359979,198.09164512318793
realization_303,292.53678470086527,67.05937619766361,156.6907800351975,111.90068360480599,262.21932241967465,251.6900179293227,119.87958225504534,59.62332480060057,85.77673839348867,109.00318838627535,73.53114486594335,119.57807245294339,165.4081754652891,287.50066558155925,61.6422228116696,122.86476778328814,141.95443437154208,156.49779530353817,161.82028553718692,256.4824110256503,122.54471257946771,128.13031816671807,199.8577872277912,261.9691485545617,307.52453169840675,183.43948916138336,153.4407325245227,101.37666376102351,182.46896382670758,134.96761579279925
realization_304,236.7460113507751,171.15039802915356,195.35056009307976,282.49049450153814,175.3530341020499,297.8810186274843,122.65350102217893,144.52782323265163,124.89731222674067,74.16697854799384,210.79746195618307,196.6432885063071,134.2488463228603,151.9234715197664,145.49205824299102,194.53289346779053,229.03400109747895,269.8483403754129,119.76344952363701,308.58016866858674,97.34854434139316,109.93028402240141,84.0316548981338,168.67116769714892,230.32129317270224,130.96553684150223,188.85482947858156,246.60937801152255,163.20365380888026,53.51945877965695
realization_305,183.38717390574004,279.40876801510245,50.77381799790975,141.51388489077775,104.30222010988932,195.9698563540782,163.43126167674467,101.2698511261394,183.36138593052675,225.47818672270034,74.8265854593131,226.75481404646038,74.83179924545126,111.12874616447954,32.91162551993461,290.3021085883923,53.432888053818985,170.54431629266944,183.1474789323312,157.22542280322827,300.7585784803848,132.95181422515074,295.8978676224717,149.25970499516654,201.97295009427984,168.02678198718715,222.61906804841212,193.26263117667864,191.8441531244489,212.30393017431274
realization_306,295.3456923333701,137.62960190585554,153.01095676626727,181.5230098328817,164.3854723220169,260.25325327202177,290.86040184141996,167.8209988224559,194.0281953800674,55.802312120153104,123.50080311862519,82.38477259079778,257.92894711263654,111.58997922703635,207.15572120747535,113.0956781734915,64.8907045842237,212.40562596978216,173.36064080424555,137.72443993927797,141.20947729327452,100.7907275262898,114.8182634265008,80.34707955833935,195.88483470402062,189.12779318714195,222.6081785312135,228.38815719172135,140.01023029213536,31.444815174901947
realization_307,184.5819116690019,124.95379606729384,189.82158948839663,112.07982755126689,138.91978351660237,124.62731740740686,106.48134390644661,159.4820166078299,153.28100379652378,159.49322664955798,57.792798735967345,77.19946800189527,283.6880376526104,207.49210906439006,121.66225382886208,176.70293833206986,146.28005114409223,210.5656639618594,68.20225253694676,153.73351915555736,117.62265153773862,150.47656869152297,134.56065091899876,51.08067266699129,184.62546404063096,204.9461539707136,108.33929337486573,146.96880613153112,106.35704237592998,113.46189106666684
realization_308,107.70925146450362,107.945746239735,302.52194507804813,178.69652027552547,160.64369261503532,217.2171382216964,151.31357401637692,137.43995214605488,107.43302277583497,145.49147546826674,223.78342982722097,107.48652447161277,122.97017876701914,162.7281898476339,108.25472853724426,174.36107424659934,189.2678903249427,152.42889980634425,142.39077272643053,131.3192320646752,62.16175640032288,235.3409502816454,94.25390230144387,165.7568294178548,142.97469287083902,97.77037724910818,259.6811575835795,161.37327366701356,37.830951682539066,85.97119619317142
realization_309,54.77588274900327,16.825504491702183,65.06354250093504,44.87993473270206,194.52280388326554,226.98024104114845,97.58374626270344,98.04694785397996,177.9753646231125,57.88844531506222,107.77363738764811,127.1483777608932,286.22044880893463,65.35977542729769,137.4753929294839,265.12542033613187,12.888386428330392,215.39711574731572,47.90490528160953,215.2631575738799,77.49274184448885,286.5518610704804,65.86911605896981,113.76898019286376,99.5587764840468,114.95362211825531,134.65353438532748,255.5039700968822,57.90980117160122,168.4425595509972
realization_310,102.52365362852836,113.63614763330624,276.933445121972,144.46000367707444,141.96039218395143,251.22230615038325,191.7174432904345,171.50274356239413,99.61224023996358,186.0533232046688,97.46512843161901,126.08542733293106,204.9674617839241,32.72379350924906,203.0475468527253,171.20570736405006,119.01766289072698,199.88924921910305,155.82011383951604,166.96366038526338,238.24687017598103,149.82709564449937,265.3002325747989,117.64573727990934,186.53282175343833,130.8731192834242,170.48155483503936,143.65123113494485,148.19525485777325,163.10818356889328
realization_311,171.84722258364852,124.14647447122394,167.21054357667944,89.66937091090884,152.1970171657303,219.19616676342068,191.6019499134045,98.33718067147107,163.37222966891505,177.15241592100423,50.652741414061815,116.11783912828356,194.4996714752234,214.45882185531735,120.51103654287661,95.74298713346559,107.59954777582224,162.58291645760116,113.82008342400965,173.6560094137279,112.62841496770727,220.35003269945392,191.0461114408797,137.97409357514388,241.97072751013627,158.78875087083568,103.65244264332641,307.5390143414838,138.89784153355873,119.07918340078756
realization_312,129.19296704371885,133.41495154707468,170.8004000151211,271.66588474403886,207.92146436236223,118.00249466039192,143.88873788779205,228.40199711551531,74.68899799967683,139.82107489371734,172.35972484737763,150.0247635344734,185.38944543257685,146.01153210547423,226.06011127487466,249.60681591766422,91.4529619869535,197.81033006847392,157.59583284705607,270.43351813249313,94.484972044621,68.85178626170914,85.73647540700573,308.5618462208597,214.9951434226751,142.48117334184047,66.87200168042042,77.93937008668226,157.85898005559108,249.17180588893603
realization_313,102.89957109034388,184.75630126410456,144.879056831805,141.2098358010758,269.8927569153953,179.21221791063954,208.6711465563291,160.60836300239546,185.43441201143287,182.22771590418438,139.16810750600658,82.81719983028103,46.51922970696422,235.43077059428373,127.17910160081571,122.71674617619695,49.154891177741106,220.9284655135723,176.49548362415254,88.34930911271701,40.673428071047624,108.22163104941778,81.2127768085711,179.0479931479337,279.20525592771725,221.4074890897182,151.91912757797854,138.61336132220578,55.02987479491524,109.64861636438856
realization_314,154.7951509923336,213.60205230054447,108.38872379299696,39.50650573388329,245.63505583152,130.44221256283473,243.70673772703216,167.2224212585966,150.50145062836782,38.11472355515641,150.45241278582014,207.35502638649666,82.77332203030834,94.12484402347013,258.8826235511826,155.55322647598157,223.94413231276428,173.9577883494705,92.80957380806828,306.9725496745944,51.29841438249612,135.24678232299527,179.60308297585033,138.46671921310195,213.71673976069457,89.02869489439585,63.997650043835684,143.55139747220628,256.19578868465106,244.11843085116462
realization_315,90.88248052679816,265.1928990251717,106.77212903496407,99.84560273538027,228.72367451238756,117.5395098696446,173.76841752480587,209.68135582392753,57.9331290157085,128.43351800729909,290.6043097301134,197.191503724559,149.5819382649447,90.83810023580867,200.43776300816535,115.52967253104792,50.097736221781844,107.99054609966646,194.37478063389852,115.49959744531517,120.5219943966284,118.6893195397979,193.9245604549472,182.93255892690894,107.69187998973483,137.371470017462,116.33826469620601,118.2354725844614,159.85387938199315,298.77085593789775
realization_316,218.36193626717554,123.9227230598714,10.809747639067162,209.97615131039336,103.61813419455618,120.160785350652,118.90327608447842,105.34313388824536,151.02300748195896,289.98399917439195,138.95848086960987,195.60834766012857,192.54492270127594,159.7066833577157,89.14762047705952,277.39194718822955,236.85961929589615,201.15602870048224,146.83785577385873,95.35543360126272,124.5394768774522,292.0849622198705,98.46920129758233,125.50398860281662,166.22689579137355,112.64786225060915,222.12835254887665,163.01120581584203,214.6645586688756,155.56832040961126
realization_317,195.069256159478,121.7218135839556,309.9048111289373,108.56015333596427,223.61931567581854,75.672669671431,98.39704250612087,159.10940022089594,148.65052094061298,102.1001669209898,200.36685018891487,94.24283135891827,122.9931092755737,229.7156573682024,89.14578845523565,110.61323439046402,98.99678150504171,104.19204833214988,55.94965665359112,119.54269575715809,225.3573311643651,83.73123342062324,287.6463164206606,71.7936381341063,142.42536928966186,104.58944383987505,225.6226242721811,142.69804367412766,250.40896285028387,77.45366788668565
realization_318,152.536456512605,143.18684820228768,134.6018799348128,284.2881370977507,210.93656800738455,104.60768776606848,129.8126841473137,139.4412139560363,227.96153008475534,37.95723631947598,241.29207641668478,50.40195097350055,179.83839051228932,120.95398550561617,147.30858813611945,56.52634122829745,176.71420489837465,6.396145469650925,129.24233928275927,101.05593400578377,115.68216508868068,198.53236027277197,134.4428725911865,87.1348164846946,117.4202838144408,126.80209460942604,165.5772196927932,141.7508411096266,163.13603272046743,188.4879079415787
realization_319,95.61282821952506,124.13224978596092,183.26900279823204,95.05682732110847,247.27365474658947,129.50496793482213,101.60027990214111,127.61137855045574,155.07202799130292,162.19953873403895,58.76595299532867,135.98839872833614,215.88034389649366,187.27723761368665,86.54982484555288,166.98921887211662,135.85336360247248,111.04226691489693,12.135442439558673,103.86460601510616,149.4067406234493,191.20274698011605,100.34032932722934,116.24853136539771,93.65156993593376,58.75580190714274,91.69746868360659,70.7305744350468,300.4075853898465,221.42288545946627
realization_320,97.91988550805932,127.95854739504527,174.51316130222497,183.397518391073,106.3148767272024,107.27023278820243,103.77327834935531,92.29139538190059,160.00974249806316,228.20965853035898,116.66737457096353,106.70729798918833,261.54121947024805,183.31486532063104,117.32667710290383,201.06134856925473,226.7088974912618,86.4248368268469,230.72201168523048,282.6300252291938,131.44109565520776,105.54499604273816,67.12944278694384,110.65740761071172,70.486667806036,59.36590991367794,131.41436871358425,111.92068126135939,65.86111298920147,102.34067953803842
realization_321,205.15139467004434,197.03289851843812,156.1739280478316,285.10581914981935,84.45205895226525,82.02724363367055,154.5619073738749,214.22704256791735,95.50891100692232,292.9418264829504,143.65000743081717,88.27793437490587,36.124651630781045,175.425009840692,178.3285683862248,133.08148542197299,138.06988385870886,139.51843333418276,272.2121695048282,42.84453243122615,133.52817897253334,78.10720163995717,186.05729672280194,71.35703700521437,44.49799511708918,251.59951007307143,203.94438685605627,113.84534837006076,285.9664668609782,210.9324715977011
realization_322,129.10959980923735,135.79933089988089,101.93219937445808,68.61576574335663,234.76335709630482,221.909955617658,135.2971149443167,183.66097914306127,249.9675062783215,139.66621381453956,154.9377201230484,211.6544274557213,306.7712125533861,114.35671540219636,201.63900088808543,79.26970077798123,130.4679228250045,123.22497899208855,184.87494403300045,163.49290661865246,176.8391062320127,188.2813811954789,73.13021978366834,35.35375536673073,113.140951329392,152.94014772043974,190.59912214095797,116.57162172688406,76.76526987908068,113.06759791901015
realization_323,294.39819065784735,97.68983735870563,294.3154719463331,129.9037593813019,178.36217677244912,159.172282440782,173.2174743218598,161.2067285925302,92.68298997504614,170.51156121294093,152.91903168892375,140.83249930982282,112.18094677746942,31.2164176567952,47.11802499923057,166.6140129950918,116.78509466624959,136.24327471346606,149.4134045527822,144.4619542367376,219.55998828141497,211.04096165959817,87.44219074410252,226.32156906922336,132.0633365000707,173.3267147303751,114.73304889261536,152.41652793077824,116.05685606560395,119.73272598674801
realization_324,143.75290622866856,150.60837765461116,124.95453223085869,204.14196146636328,170.35894701478261,139.39630827362586,114.28635815187404,240.03967364313667,116.0345625855147,106.29075173346058,176.97166667692971,115.66999584046593,133.45624587402875,76.81430138828028,105.45025457413142,46.68885837648695,104.46751346810018,149.54921347373252,160.3729123551554,148.17442008613403,103.97190471288384,152.48769726185193,298.2878464723179,142.09795747794524,190.71621280413348,204.38126697442365,124.2292435748253,79.56324938681558,81.9942342132995,150.48304305362024
realization_325,41.43680263216084,188.29051089587762,179.2349518811144,290.084626233285,137.22526410699584,214.22857707307918,121.248641503767,179.65391061493833,92.60557439457267,142.46210174842741,113.06464446223629,133.0742909288953,248.4420832504489,170.84722761106872,163.15506960514404,229.04879916319635,59.83824513541124,208.76110607727793,192.48315791857902,121.28361570844493,70.84656928415305,249.19099954197154,122.76812927179942,69.81214391809107,200.79685830292888,259.018276875501,162.31764797164405,159.6591813851653,149.48602071334705,123.58584189735234
realization_326,187.0955618350095,130.86237753231157,194.09864334442244,164.7803932336858,127.60262202536119,62.28781492976342,143.26146804631384,94.67277936325901,75.8685762955053,158.50281446581275,55.62558522260028,81.98887332319435,68.28195554049461,237.02009925476057,104.57620687144043,157.2980787918804,142.98254485334775,151.6219337433483,146.39972039634512,34.6902881558654,81.88987010676584,73.09620170466835,112.5783929799244,97.9366841443601,171.604870510757,173.86506935373663,230.68407044604245,158.99614480578902,104.02605802138294,165.66198968458474
realization_327,87.64307435441829,199.10178730094358,119.6097671098893,162.04193665690696,193.86786122276672,100.02388993389265,183.52586913716712,100.80613756367322,308.47758560093035,244.53883916242202,104.04007597371196,115.35203051450827,155.1539806650101,44.73500124608192,92.7644223894428,89.99975188790685,161.03796250800312,54.94787391422814,239.70750338748098,180.49009698125155,100.44692993037759,156.20008322851874,221.65798556034866,272.67983371956575,174.8836403416305,274.1580033484108,60.640934634079336,156.41068481505846,129.48329209862422,178.71192896605928
realization_328,187.6679094720912,111.96859124058068,97.71842708658671,171.85105724654588,119.12631034595073,139.23698432608884,275.4208395445752,301.0881090346395,267.683318255087,126.64215126001596,105.18135450155721,224.69124233310438,71.60623600430259,276.0608422649317,166.98961243956126,224.46843288258373,152.00757581857482,107.15835740747912,144.42605969139322,50.50720312992447,103.6235321989689,292.11531283103307,64.175888818183,197.2300675774487,279.59890585905396,280.2843227755666,119.33909719813207,98.97488397313673,80.83461278019797,139.5955646924275
realization_329,57.072439261190404,216.3864740220301,175.58704705184712,163.51370191391456,84.08467285705076,82.9680070059315,65.85566688700841,204.83778089844208,266.7441254060811,138.43726107689025,98.39268395233056,39.568922756607776,53.670656775801994,179.61592344291188,65.90471085053346,101.56666607172451,114.41196145138069,305.3819456843491,181.93758443222447,49.306966104528264,99.97211064653355,96.23856512604061,115.11795157911209,175.56342258311744,128.48909370417866,230.4808613225104,273.0087161100888,56.076725487133544,161.7643172397847,124.0762218872099
realization_330,56.35315444656362,115.79168309452396,45.644346056690495,217.28254751355593,177.06361826955353,87.25917446731671,211.20348641961218,102.31568364349428,291.4122640018832,128.4502929221761,110.74971667606818,113.64861162780025,111.67435287788786,132.95145601599793,133.13799954602004,154.80690963485387,58.047507719036005,117.10542319220114,76.48296516821074,86.35832782378297,144.5399367209382,138.36654695064993,92.95628860187571,115.97399319208711,94.81947938526056,158.40464166670935,173.90517405192574,181.42076033269967,217.69623477795713,152.5787325492034
realization_331,129.3447592029295,95.62809339508846,117.9807421240917,220.1976041478772,182.60854135164087,262.13716209784985,105.41586614760281,44.04465941743514,35.28734897616536,161.86552062078442,19.42605963598706,165.94261193987077,186.56492215961234,184.59228423077548,178.97035103361537,140.39327937291188,126.10091196895164,215.5798706491986,139.79041703152967,140.41194793742008,159.0062584776627,231.7195807441849,168.56318806969136,159.72956153389208,139.21293502819475,138.41914965239536,278.68290288303643,300.78973398754636,125.09018774323624,56.53964910437722
realization_332,120.61926426425202,114.98403577606041,156.69372333402046,200.81878918359186,275.93002548583456,145.22015151111847,140.408761822897,64.9770668229156,164.04987584897256,178.89085061143487,197.07474900890796,50.31940862879047,168.5762297050714,290.7819996863103,166.39019317460748,213.02529400999322,149.75075382876912,104.14476451898153,90.88877690707946,290.08669982141,117.96771659759654,147.03852448089387,112.43309955820881,47.680313821382526,85.25184803114136,210.37694046029233,197.47882923455376,87.80886344224338,247.59836812207615,91.80954568766012
realization_333,177.73430158049482,136.69989163093632,79.88712416991764,189.35900393135287,118.15403123760781,206.9464280553762,234.16993503158446,125.71686250486545,114.69104842368748,136.77547478695334,304.8604254309283,246.24826914425927,174.46061340998153,215.8854997345963,209.17467579721801,212.13582980782036,162.0445916035784,105.52427728762527,225.1658432392311,306.5768499755622,82.52894080625055,175.79137125318198,100.51548618862282,235.7030811720329,160.39509898660643,111.56482627468597,133.25610934437717,212.498998624166,184.04779225020238,121.27891566112069
realization_334,175.90938189592086,119.13454221691251,143.34261472565697,155.1682390856855,107.8207532218244,102.59608266877254,235.36429294415927,92.13060395946098,288.6990670578533,151.1381848558142,161.5496237001766,96.740732831585,2.2592653100839044,130.51887475354744,43.41228651183298,60.41844683280803,188.71168009053963,133.71015611648366,170.7125528227035,84.78859124993926,107.77471334482661,250.84158709897181,262.5624516397302,123.62413252819222,137.10592921706552,108.38008868542207,191.49218384587374,169.89372057105405,108.48109444316893,76.75386927009171
realization_335,170.9254713603032,188.33044027211568,189.15057606448073,161.47955898967973,107.73792894768478,157.24988274847826,101.59385424883575,141.6747903695579,210.76065189652002,172.5341777167314,171.74190978763835,106.9065272358876,243.3502575859314,112.78418052644159,156.00774449399495,101.0118415546344,308.59339291926625,140.03088154601107,97.04482492817556,171.3815942119514,262.97457506516446,307.9860803429063,106.48363865809793,106.65294291464555,112.91487979538371,175.72038092302492,99.1218844356634,271.8255572824347,156.63513520961948,210.69320781972212
realization_336,137.4852141385118,143.0150051918394,32.270429500023326,217.99628840178485,119.76599895689887,149.85899615789526,266.5348311584051,156.35061581063673,133.60320913321567,189.53398488497592,127.62179220511916,159.04392810755417,281.4715681599819,88.13085280330759,144.47054798412148,126.2741911048458,237.56315731522537,141.6084653932783,124.35692428332034,147.50123742733038,81.91425077037474,260.46063291232315,90.6885808933542,217.65282888286436,103.30885726064552,126.92844357277713,60.1605571593549,235.332376995928,225.1938784760137,140.37484810619063
realization_337,305.2532184031599,241.09572112747787,97.41095326687967,216.65562199469719,184.85711437813117,158.59836447096538,97.69650850367177,116.62418423762276,195.46518221650925,84.44336034074388,221.74056168059516,189.0990511966528,76.7493359127031,130.28664594477485,91.51355518596557,62.96706443789958,142.49682381538065,68.73468650500466,129.41366160357154,241.45858960279327,181.70938024599616,34.21950573863404,199.30056649400058,92.13792905650973,58.52647405918839,115.7856006585148,288.9366078210292,144.4548294562797,174.1177331907023,162.44890674578187
realization_338,199.79570181401618,228.59042765345012,208.33715993261842,180.2856019371976,108.86437523044114,125.43502157746633,143.12558768972772,219.7170212878064,127.69619510205132,146.8755989464872,87.38472107648042,296.057472231112,280.61000187062,173.68331432762534,154.32918983066608,115.6762554202603,182.08589541838984,229.1412244383763,181.13010750648283,131.54943731626503,132.46016851665624,107.64361820778427,124.20299191261495,132.25566038249804,135.31188258094318,4.4375726666558535,134.76147847034403,228.9728283668947,34.22011248321009,137.66210029320763
realization_339,243.41940985306454,179.76182058615854,107.70374301461133,32.118468997832885,137.16039504976325,136.8338958891003,239.26861485470107,73.2372782333803,152.06144214712984,129.57012015876336,150.9854849367183,160.978729662258,99.43783125667088,84.41259116294987,123.0717964676784,186.7695177476912,211.44275890965176,178.8360216959776,149.5353795818225,237.06245548055804,153.33702404578244,91.94547599567915,149.6706493036742,156.59840202063256,137.95078973094002,92.19999881134278,177.47563650944983,185.06896872735862,162.2893813963084,215.59528674462123
realization_340,84.56833967803124,141.98641515710227,100.20612958656528,65.75386646978438,5.956051416187378,137.9332666277387,103.63602153712549,66.68907972979125,136.70099096374744,72.45638056399595,97.21829476933864,117.01539626978754,144.4112030737362,196.59945660144362,77.26830950636597,109.1074152210218,99.57394372677967,77.57502521880392,169.5345884754634,100.67842603897657,213.4585789801679,189.0681375906714,108.99112698813367,248.55086337795626,75.34324054072253,206.7704702845715,134.6982733906362,42.41888245928749,180.1096901830782,77.37518735805187
realization_341,127.61085285839607,47.07571072640355,113.66743948267954,134.04991811743278,75.33269908180984,135.4079429996575,250.01839503889565,204.85979967698606,171.0801797964981,85.95372870122304,238.8237792925073,274.5423665851906,189.35328847013386,139.55061100598587,131.2720822834956,148.8395397932072,121.61986969381195,143.59102488974,186.08849323989494,272.847835233792,97.01923921571716,262.23502649955645,259.8660275565082,208.3517366503021,48.2435088647673,119.28870294616928,196.26234131513368,131.5032541674227,44.69327065189444,181.19263078937314
realization_342,272.3612662878301,151.67008771882075,172.93529377902374,181.38570226149014,132.86948408365123,131.9652798624341,149.82890341530214,205.24268953665828,27.772010781684855,89.1455776847217,165.79756246704326,135.04989224596642,114.04144087019951,123.00102906518845,174.7425260246608,48.34195403720737,146.9594353222481,141.836228831583,153.84984886082302,173.16521272956516,78.62465406585186,183.96677434965196,204.56193606280684,277.8350526230059,111.19479661875623,122.73599395978482,304.26352032935984,164.72782410543712,166.5802659811076,201.59232313707892
realization_343,191.5458309722428,203.76320300474163,206.1420767547762,87.36986697434443,157.11118052735725,215.8143234713528,222.00144388626654,101.36780487171357,246.12063316768285,217.9535393340365,123.78147515811355,200.77522886507975,97.12023102069854,209.49699102402914,268.33142957995256,49.47303841838276,146.395542168762,85.60350033429793,109.10963112782142,113.56870489055407,178.0467963195846,121.38218933394504,138.10680923910905,76.70708197649081,182.25177333931885,109.32794048080135,242.19713440348772,107.49783432400994,139.59056757709385,184.35037580104157
realization_344,129.9012636156349,229.37334082945898,303.39356723628913,201.85945664999758,253.64378118606214,145.22943873183624,148.94844725315835,189.38546429169446,64.51445181336913,124.90403280269705,75.63586852085449,93.68125959560213,128.05130885356374,104.88347095585183,152.59002605293645,121.43048004303735,115.20783975595359,146.16378776819627,121.40288458640516,122.60765120832568,151.8321548300838,174.3002357449928,158.03346475408205,131.2353746286247,190.39522369073538,223.2085404774341,194.633179023183,233.36856222692603,157.521896834193,150.12520027991368
realization_345,303.04298873708376,159.19193413587027,191.10327654536275,143.7174195320871,217.82172956126664,113.96587501851967,197.57030026932046,293.22380409191516,155.284864926409,142.28308212882587,300.9902520785459,123.53176616618762,84.92121486364451,81.21037046757041,113.70492795428662,91.88505842959108,135.23474794000833,123.33943963986317,113.04315548520415,163.00109300042763,51.663132100670865,148.56553531355263,109.53866105749937,166.91957738163606,226.8337480104439,141.35178192075657,180.11749417473374,138.16364702191194,129.67903134086035,108.66842828232402
realization_346,149.74792797345378,194.98221676927437,80.80385721690814,99.25298589559998,170.03246362873833,214.1110962770606,198.72286692528735,103.41026619906472,205.34224767284363,149.01714534376592,204.3816341767615,154.80914533849946,81.28672318675193,235.79231938643613,202.96769328168503,207.808778509479,214.8658758634731,195.74110990088494,124.8411269575105,117.96907116630813,79.98036344120138,158.07541874696312,173.3256822205646,120.26990918603948,105.5398751153252,194.12245432868747,188.95671028828195,189.85616385161217,300.36676691702314,253.42521915488777
realization_347,121.0457738857366,104.9933312894432,183.62630504038336,170.47956282882043,120.60329821339568,128.30429956305287,238.24072374602707,105.86855627015338,265.3132037300233,97.52306852869532,189.30367972095445,305.6674490349504,302.89129980212175,100.45066699971888,189.2736477567234,144.08935473653906,24.023737379211653,85.98007803497838,78.80343823711875,82.04722574623776,281.4237317287579,77.48284922044627,276.13855376251144,83.43702899509266,147.3945492828822,119.59809797974053,146.60113623127478,132.19699338237226,186.29291453796722,49.53463263820711
realization_348,85.1807188434167,197.7113518028225,148.52566247302923,75.82061441004882,205.48098812548153,154.10638006577835,115.29364794558239,280.39994465941567,160.76353182017863,236.85795144533074,75.06796034445739,127.01519928543016,153.78029167606792,190.36874433372083,145.7333805933764,108.65915195148206,93.55560796093593,116.58981855585652,105.49577932868547,86.68664853656063,259.2648129321183,102.73186181519031,112.20499709025142,34.351115080784155,248.1713763810927,109.10184832079112,178.69156111224788,210.5462711877413,63.79320616197877,115.39765760556516
realization_349,257.78514286608845,43.29511899791247,167.97000954346262,218.04747750602704,223.95274102524658,235.5201304668551,191.28170038469983,101.82695771471771,115.11041226319439,61.7298921461985,84.93972660543434,93.78371991581865,81.53940449547736,155.07192165608762,93.48254173797953,171.61991225134267,121.52132766495527,88.20017396801589,177.0066178139306,155.61572431925103,149.78058222196836,207.11307452479966,88.06900648380193,126.71367783159407,155.65952247995278,121.187233442621,243.56690509911002,106.21529006110929,164.53301339165728,105.55722274328997
realization_350,133.78682337095407,128.30621466991215,100.42656826834948,114.9243518964997,86.11449967933444,135.08421164983426,245.82490612639634,172.9729972873169,236.55328925927228,131.16249796434914,140.21911090506444,218.87538497269253,138.9043937070937,183.49112801766705,203.01587786258835,154.29100231523037,69.33567471900597,102.61411409981571,180.28573025249275,115.89031521450514,114.51401190488366,107.57210651008128,256.7351631400038,214.19864276855145,161.05767522472266,208.4532835672172,37.62196009202616,120.27286651606795,129.24214516587404,142.94498784122405
realization_351,247.5567837318746,119.41621320624158,96.56893914138078,177.2427373041956,196.78577911904694,94.98585061588803,103.93384413827425,155.39503808547408,253.79349514337446,124.50859797427577,113.05253331848309,116.34082951568254,111.87113570939866,256.61445693493005,149.44773382738097,60.04530042659906,114.5858415585504,99.7763045494321,58.55536770835163,107.9271601839979,69.61266239120228,161.41646457216055,244.4875430853278,24.391762711506487,176.0156962801041,230.0436072361332,274.2314008842265,154.27057378224237,281.1314898995102,143.05713047987675
realization_352,154.40028620193604,204.80165143682103,203.83419833694938,111.68086900430399,167.96938791114295,76.75948953152344,150.54495841961537,156.3788633348019,282.8502174499086,195.38399678004492,147.9188832560921,92.75622956547744,103.26353956614982,263.5202440357438,172.98076111969058,205.5746817990042,159.0790243618389,116.97414117944264,118.47692106290236,131.3735437319451,298.1998903541432,41.82669690627223,118.05052549885657,139.5441614845215,208.93531083985073,291.0610930022964,60.819826506519455,245.38551125402483,259.632732246949,174.8497102152253
realization_353,97.30195709645213,131.69368365650345,189.8531712135394,111.70194764197953,216.93408533254524,127.38825475677844,70.38614384512223,134.23879867845844,62.56697587537771,117.7620543978544,140.53238050651697,172.9575875845526,87.77079403066696,112.1049642800701,68.1854817911739,251.39345854990717,202.61549609079205,182.0701497791245,80.36992071760943,33.20961178066065,87.1686697080535,81.70880024128934,158.8560806762652,128.027325304097,161.26794550470254,156.73500019551537,67.0082115121852,43.85352555159136,186.5012072593246,220.00288353347636
realization_354,157.52220851984774,162.65862090685178,93.5143470297932,85.25887533354283,154.06841547703345,102.47869510079379,121.42111242748085,197.58558114539983,308.8454949218173,304.95404798663407,79.89241905155566,123.57726144904203,154.4934530313053,204.44597904216778,185.27722337196528,244.13633179795707,116.16320237396302,129.50454533969494,87.10405526611765,187.53165150393338,143.51279826582396,127.26573520842629,141.0375467601777,133.91055072405834,71.57070047077093,289.52424924545903,224.0981805423092,175.44287485800987,224.06727298299054,165.15488247370388
realization_355,167.2084988087759,187.6608948472203,206.68443118794374,87.37427866710846,33.22007873610467,134.3805176579047,134.04833540504106,116.92332193700568,49.52340642898132,43.73069790234869,141.56019243449924,102.17521491840924,135.69620772906222,59.40232111438258,147.30640156005498,175.94703948252317,160.82753119465525,198.8844658070484,55.32733590637459,114.22865565759564,114.97555195747981,150.02997022233765,206.6463358300362,116.584660024091,170.7525120367042,192.33036361688042,186.42833574938143,253.5817022923427,202.22970590108304,167.94448739465142
realization_356,197.46891449980527,83.63441680689306,137.49371812122843,207.08112772718536,118.87491023634672,50.07584944297324,225.74770859417382,192.52093987269657,142.49890481307523,152.95902357998213,268.92599412800985,140.74454598560445,147.79664197023948,46.17750556943148,276.76694665435565,154.50394293072156,283.0414549123388,230.6976637322552,53.550679607480966,125.98324349839477,103.34946562206218,205.60400869035647,8.896146165240552,65.45129328079408,71.66084612932458,170.9851236776319,161.80035826848624,179.8642066122259,235.4602501625414,7.332751843627747
realization_357,138.25461143198098,85.50523087443938,176.49490702872905,149.5720670998691,166.22159875955958,94.34854323217645,37.39019709342354,85.2996859818568,114.84150818272393,93.97822966309487,132.11631003898864,48.41136015357817,137.19904862856583,137.9595400601065,153.6190926879909,57.18448692068951,174.5421325341929,51.667851031570486,128.13652923170488,18.81045686542052,79.41074495218609,111.74961409347542,169.53506542939425,97.50755415346444,210.92240836785635,65.3252564435821,178.95194949793105,113.63183551907383,200.45092093915585,120.74173007936187
realization_358,183.62623703544588,290.22438546253437,257.2490809344463,69.42590242842013,193.34107370463698,144.16597040072102,170.05242652445995,145.57498930976976,133.35467206657867,137.79002960153525,195.90567100423817,112.60377579948111,192.613201275063,160.69066464219398,150.28650554689105,139.57149029357947,51.32814881164249,80.49585977801672,158.80082723555464,175.30133659307538,165.394255402738,180.40089079396404,302.8239929375551,295.6010716129651,127.72219960609354,294.54138897869194,116.04599889775908,144.5169914052429,73.17026580684686,166.23445883193543
realization_359,103.83521945110023,143.52129323352094,200.00589581839722,117.71844216775092,82.94292260877607,166.1278096319703,92.99233672588674,304.489986068295,84.95734615586495,49.44402257954503,151.3908974161241,298.10751827413975,180.96068642569813,148.34496107044382,139.65495671844508,95.02196992811233,285.87025336643245,51.85434097009184,144.67342321221048,51.99922547707071,267.1101800682525,115.55350737366864,77.30154756575776,148.14439438961804,107.26719837854466,153.40504795113316,103.8841878103379,29.921314492699253,257.3985704520698,37.899750288063615
realization_360,120.34413517091255,251.4536505257774,289.1474707679241,73.78860753852365,188.56808146969453,81.5790858512064,116.04156008268117,182.85053053643583,168.36867051694284,65.93166315215242,202.23504161336217,47.87578304760851,245.1096691498974,147.53130505688642,45.6180697568209,144.8660546230755,241.49794946028075,82.09495650085745,241.51070272114356,197.1305883387626,90.36815406149839,116.51011783637026,136.20470173177608,167.8120272557564,222.32059772544608,51.93474703120074,127.86359719100636,165.32722417920348,267.98471887578745,77.86828159122874
realization_361,238.77290010038425,170.42455921402853,124.45288292322434,158.93289700139653,213.5115585657068,99.7781152470309,78.03810268680823,194.8551478531606,309.8593884380271,144.7321795007348,132.4610396610009,139.73154792742932,17.269406221452293,28.516865874042722,146.64871450094938,153.7646984149807,180.77997448682902,83.75521122749038,289.62799871750605,143.30645965504328,144.12084429074707,154.66781511786238,108.9825164382344,273.314124084311,167.6900802090589,106.05134490213769,100.21899212388433,74.67500553547536,143.27165155670204,99.57104363054184
realization_362,61.37211142558755,74.64019754840402,75.8087837872897,62.37563282933042,87.83409020513437,162.44501752632544,91.04337013221041,117.84102399023206,170.00607246656392,202.63206160146362,154.9995342257369,141.88650413635293,101.20561948764447,141.83088195501335,136.62640694955883,89.21701338254786,94.67439485248495,147.30192243668108,90.05274217887849,263.4611393766056,97.71962316273807,112.68989456300504,65.81882694304383,305.4199387057589,170.326938374691,90.37585728229605,148.09136918571087,212.58165101325724,138.59048561287514,63.68131997568532
realization_363,200.08234417471402,303.3127712368341,264.92405972275515,152.14438956338168,258.3986101888622,97.77959411542383,270.5053354456582,126.88275205284285,219.98349924813076,178.9612083085074,225.74628355228703,160.95360117224052,239.4183658854644,116.59875097756309,120.76054750459909,205.36182226459758,103.37320734848268,122.70449563785645,196.84333741225842,177.99828073229472,58.2559165359437,62.053711712374145,85.0214608243253,220.51666318802182,123.90135907608423,107.34943472331476,198.9191505421883,115.47394402395852,142.8321286211944,186.6590517857047
realization_364,92.62425343614586,216.42098521664232,301.315032606415,303.2008866234219,143.30483423283533,188.28632614671042,88.89364744623741,66.29174043279296,168.66037566061502,212.56930474885314,187.85541174762426,125.30692786458282,123.95949146289274,117.36736816157938,73.79167145599445,217.75998505174863,169.49171274810806,45.34745452751963,232.02375108198996,175.35165103484317,88.70428554914906,150.6742627216117,100.0200396769505,126.32465788116605,193.09519919336955,53.45019683180367,158.5740066217983,137.74122364242066,64.32647321999885,115.60647077274214
realization_365,171.4737905249795,275.0701647930119,287.99667606888653,182.76666766404543,233.78658796576002,202.23087194396274,192.78669768714747,79.56471534002094,224.62727069553958,135.57313969249307,180.38644228439583,111.27843085603968,57.038096585039135,169.98838829910864,99.12363188901824,186.15676890902535,204.56487950292265,98.89024404372682,113.58563087114625,218.25395910919445,200.96992567303482,186.24371508214102,71.17448430889256,155.155479679905,53.24267017238252,222.23881566918112,205.0774413961739,76.0889107330064,251.51453260709505,184.7553674487988
realization_366,156.05250996211964,201.03202075607607,154.02584645284776,47.77540630875517,130.75216467574916,288.1206510280743,304.44500854308745,138.79243804954243,164.5114706855886,207.65964384215025,79.6452119300831,213.40400050326105,135.68647554448833,208.56966964419854,166.5126654763227,118.11835438236412,228.9256029596721,197.08592127693848,58.8151913976682,224.83329551306127,152.09574673729497,74.68255597985365,163.66019900125642,130.62080327635044,100.73097956796191,136.1843655438363,228.16576587195541,283.788111459618,165.15085021493846,167.7134752853857
realization_367,210.7670636816434,86.21298313454322,146.00802317447173,150.83888623406864,68.69461960692803,143.5114508655546,303.5666817485009,144.26296513031286,257.00422236347254,182.8918718566538,89.69051122876006,204.52370094120184,207.48154565820374,169.9251379374004,169.7394383114397,183.179787780361,27.13862096572923,110.02811012789005,298.7122228822297,195.73316307400557,194.53191705694397,100.70878976895867,292.52638388190576,50.07842563084787,117.23657583776733,173.22830170504085,127.1564897959576,130.07714854472846,112.3025694534312,298.4493806368076
realization_368,130.38110424292734,112.17782690433239,236.66922077136445,203.29438408567339,302.53508498029635,229.85308524996384,222.82633220877412,100.60133948489718,272.25567092833546,147.22404367246986,204.4430527041904,35.63602088033775,158.970773838924,95.45335557231095,297.86581073628497,121.33268383597934,113.84634489641205,145.73897478659381,102.47854752600742,271.4277743951214,201.40044553966982,156.81661128525033,109.12811275329855,224.64044357690125,75.0527180358011,136.3940724436495,147.06890427530635,80.53849220590334,98.04787273029731,192.39259962649422
realization_369,96.64070610370428,280.3070569968191,145.23678917945625,177.23116897621102,224.90585284690326,135.2798503761259,291.7404877888188,73.8230302879628,184.57685494582785,163.3954180887348,121.48870289458652,114.68559603229414,189.4778246111856,265.11637357443345,105.07934802019379,139.06842226452014,80.73574865262137,43.398587018460276,136.10321325962119,130.83640464330293,93.11485406716808,109.79600468293197,223.01799119702537,161.48721600622156,67.11570064047028,59.409259497107094,242.23521552541172,120.58367568481276,283.80770779565086,115.59949421271995
realization_370,240.03450398074347,98.37167457437684,68.27538890102561,288.7583301554967,121.60134970194372,99.99533522348244,113.45750046856591,151.88335951870414,113.5854266477487,123.05232012237953,112.97282735379713,303.11559450805845,214.78311837949983,246.6291881888804,222.63880642775152,133.81216114257765,198.57979076555102,101.83230240712457,91.98568420185539,119.49824338271762,185.93270309232605,164.5394413625939,150.77509107207322,83.52917558112838,132.56874530978746,241.48983025995312,189.49755203038268,54.724620857016966,302.7287095684853,116.20302244383872
realization_371,87.43788632472688,130.70289391866714,59.48433809269936,112.85942538282379,276.01926538818617,191.5226740643389,101.80763458773548,78.12930657871674,214.04464544305003,177.48178008059762,121.5586681467678,144.96523346006592,120.47453289933986,123.34782941738588,265.5520222921808,296.5069030004023,202.99988382410572,194.5559111610133,129.69653190641634,125.33681429660622,147.835231245998,159.07411924871528,114.90496217394966,135.7206121796716,151.84919852743857,153.1462561483955,294.3431916380805,163.99661068232578,174.31300724984882,114.31506672006273
realization_372,139.29043815457257,85.78266269457765,160.36156099509407,69.5224505857081,170.05949168824844,56.880712675483664,87.63821662235472,102.2659723550115,99.15364228706002,187.36376920085377,100.40958878716214,77.56925850779002,40.815669233566,302.3661748273905,77.94007815617172,94.56474504167925,111.47747169665956,91.2715260824513,252.2026556926436,119.413257406947,161.07873561046165,83.36324229408395,117.08346840465815,208.9415998523736,222.04182207467144,131.71146326230112,129.4272635405223,199.66148970595933,131.73531793156369,161.87327807161174
realization_373,120.58331107767229,305.2759835997445,225.11830921849466,247.78979494061684,52.36585843542461,87.50477057525853,70.41940946327658,242.154819538783,280.69501243784674,150.7739246418747,207.31882054929434,104.2581144128191,107.73722214943635,100.7049904223817,128.82854693953416,185.09445698408413,112.41266459547197,142.82239578041475,150.9625880676812,281.6892680803275,155.08011892644348,273.51621469085995,117.62113726643881,73.28127462407491,90.8569539648462,111.1801927724826,223.6721931536349,158.99973271643975,286.9485322189378,49.47161417119767
realization_374,146.45700350849378,62.04396037033699,169.67244569989828,83.64968686429052,131.87812475108433,189.13537834253773,134.1167222840669,112.32907095497413,143.08692558738124,161.59236294787232,186.60120910833473,129.45530826839575,59.601729116118335,78.06113692748401,45.89777560066299,109.07755311738723,82.9673932091164,126.12946585246542,126.57336780027211,117.30540293924048,163.75341383050016,138.46116891201459,251.35805030540644,137.78449859057002,177.35062154694887,194.30731109748416,133.07801363667656,129.42246391578823,225.89120795573322,203.54001077690634
realization_375,63.08854905818407,120.86805099541215,135.17077398580733,132.94070196514338,129.70240723377387,254.48423458758157,61.30024796846285,30.900224284453635,192.2565324562251,17.93500856856197,24.162452675372414,139.46358180397257,143.98270274314729,152.79027530057635,88.67030589497321,99.10658292322191,197.0261009459741,72.1374586797789,147.52840259251192,145.27634065893795,293.9128502947242,306.40346040027566,268.2293872971752,188.69142031647044,132.89222766892584,171.2351364462496,46.85479312999857,58.209974883133654,97.42398417390582,121.30836230870902
realization_376,113.06883705621044,189.81868778027712,264.46347940092306,127.02779425611965,158.7918896583985,131.57760039851635,84.15456207356094,176.54080143907495,70.10541681014706,140.5733515104138,135.82265398652228,62.84108703713693,273.60696470326207,75.51722309105222,152.33223942473296,106.49416655165929,143.90942181763484,186.36809824088346,197.6472136692622,61.695849779489734,186.34879430095864,195.72958291256253,171.00560784235205,143.7268041539367,218.4323800476392,124.20578099815222,140.73411321387476,109.57795046038277,221.38905331837833,92.90452097816517
realization_377,119.07179616855083,48.8806512742252,20.201231962976458,157.6845583070315,123.73937570518996,143.54653549622205,309.1257643439593,169.7464183882277,115.09871635140374,137.98922531826173,51.12702947323824,180.84315339091353,117.02885420709529,136.87622365029486,170.37822646989886,171.6789488506898,115.08069515347803,47.675173525641306,200.6273868078436,112.21519546830984,300.44162916850746,184.949547987559,186.3406759335919,129.98660075505313,106.03373373993357,181.71704257400074,107.02417104000985,116.39034856064531,259.06251267100964,135.41628013573492
realization_378,100.03167188492154,168.57533479992475,113.18297414502825,148.34458104128,233.75908007427398,42.641802407616616,209.8694541529384,134.14755311993372,104.74858906784166,86.19048922759498,117.26556100871727,99.59162841590798,126.0336350584802,174.7836949701386,134.38517095047993,117.51798834954448,133.80875895779997,74.22488224763224,101.11842602864265,120.34169067922468,212.56323013512045,297.7776799319211,127.78528533739168,150.43107338312097,305.865585929244,133.74577273168563,108.64531202373192,171.87313682110687,176.88435155620118,138.81354508486154
realization_379,162.29086681674858,61.341779715478474,270.32932717450024,130.22244129246317,92.00522982497547,187.47535016553067,106.76220540783567,157.61540689617516,181.62455499372976,216.38634680328326,159.34315858778191,217.5383527115353,86.59018094497715,200.50165710270198,183.30851701341624,164.02917329838527,52.806567630214055,163.02463669898694,158.53535705130759,170.62582541591738,65.66329871002824,138.2977575064598,117.34691687782913,121.6478414478038,232.3842804927593,223.33597031205585,149.07719763034254,132.711873921517,177.42853341626687,166.25456117551607
realization_380,134.87256069084887,249.80515050906652,250.93972924289884,113.11262467586785,33.96341039141028,209.9860136567615,133.300936624358,95.3986580665474,90.51245378378042,139.9820771386332,264.7965504619433,183.99495947325101,184.78511399109618,144.72910387716806,133.95285697386748,104.47111871731666,184.4540590933962,188.49445162984972,295.689005620197,124.41155602426485,200.4941239675548,227.26897876426898,126.99708947018195,157.39445672454963,108.16203456900263,179.19368810202775,116.78086685458854,138.37248879482274,176.87333147540645,158.69342920470078
realization_381,174.36565176380822,128.82472433916357,101.24540491011672,153.26610578118118,225.39281738586547,93.46082446025116,80.05119208730312,154.30297246049366,132.44674060771536,307.78866649364556,109.90372053957766,119.36987700714712,283.1825415132191,108.90140364680103,303.9782883219197,106.82631625778343,210.71370934380087,152.60019774424427,220.63649504973668,177.44636238249535,84.08722117482918,89.03020065944065,226.05743682495384,145.822399804415,95.99322222009295,184.72259166934043,217.85279893761043,130.57176588597721,81.23057618371857,118.70975085115107
realization_382,182.75993397000997,91.97845354803462,109.35073025160715,65.76905112304797,144.9342159132143,155.9068340587816,121.695961959948,126.25791965057006,291.7544277322324,117.27661023385171,146.46115546521682,275.50958199394114,208.02737760963404,285.29947671686875,142.06913719744006,214.07667743234524,168.7384839251139,139.69269403440643,50.28679348372266,115.48977597325519,145.626095981337,118.402172400115,170.54800392464915,259.44973994096557,87.8584053569112,143.54743279862598,252.42798403097132,137.5924632081568,172.19363038587238,271.3294760399877
realization_383,91.27436329386279,85.67256700466818,178.9699501399303,95.02135724772351,296.716755754691,94.92053754414806,94.1581850437484,197.2936833219921,116.73146952941323,260.73261864496027,125.48258798290007,87.94470906317463,174.0630629703788,144.69071375490051,181.15837309154685,246.0233561220082,242.80132571719523,154.862775040179,102.49519020216756,147.31260980822375,98.02822850337556,56.47594282317461,220.52734858151817,121.22061190984475,133.28790364389758,148.28434447397206,78.86234652964907,299.570554606648,131.54768168845672,121.29696076188924
realization_384,223.1619409699873,206.68829728044275,132.49160960206666,87.35425242557451,84.5861298025335,183.27877889191018,132.4468461461924,77.02679198372093,291.88265962381763,272.9282708911356,137.41038693007178,168.28182485297265,237.5421583636444,19.284554226549268,71.61426885154239,149.9828441821727,15.8713259603417,207.51856566440742,204.37287411310592,74.08047713746008,192.82982989044558,134.17288430105435,178.04703003884362,109.61044191003518,137.22804378326666,65.37141622611533,102.60919493936692,179.74946198179796,221.5074032251113,298.26080553647535
realization_385,134.9098565062255,79.3451966665314,229.43257543340573,184.86507117557142,184.3401482311494,230.70666812761868,112.69001595486142,97.3974022451405,106.31600999209871,53.17603951057551,137.9031537222109,105.0854559803482,197.87380570130034,262.501437395066,149.75820334479738,201.5666432168329,122.03518373257997,87.01673273307053,273.12166506765755,126.72748515941267,151.73271282332206,74.43569384572194,190.67769451627805,87.49705972657348,307.1070336178677,115.74182765465287,205.0982030269568,217.10967837002482,197.28073074260504,81.64266327987838
realization_386,152.32060370621954,139.25385600582342,227.70700355687907,179.7068345773073,45.77844779079978,28.679835129251984,198.2438793336225,171.81367590549962,52.01579910096475,96.4488135095286,166.02521755125127,208.48399692385732,256.6477744283999,73.52483462819609,67.8117655449939,69.2042581818459,207.89649941030038,238.79585767202195,84.23355148180642,10.048879463631259,97.98815079473748,52.291432163879975,142.2957499286841,65.60211901362993,72.44738486435065,99.50914121307592,52.820778459940186,150.66792478863874,171.016430543306,102.7767885100169
realization_387,196.1711371595665,196.32832693045583,86.33355547152601,206.9686012876002,149.12904248934004,182.82016134809416,123.10269223273917,128.33941773693053,297.9983087490576,148.13002779302417,205.57526719107966,162.96524577393942,137.79743588955134,114.02307631678553,158.31387517723985,187.16668455778736,102.54213361981061,116.11829139513364,198.8983877265207,123.40804509212566,100.43576131022229,40.79353410686322,109.94458106355353,154.26601726260267,177.017217347073,115.3856645621605,119.13678140687286,119.83022568089508,291.8840159169036,190.3318859573538
realization_388,96.37705026485001,186.3501176609687,145.08580358211813,124.62454344862289,260.63984539134856,170.25025931262414,125.99250509675798,148.7485886768622,167.7952158767556,178.73522230791858,112.18370300038328,133.2498815551035,88.08071350562194,37.481523325831795,57.07585674779337,166.58156072228735,47.11806135269126,115.42299661384493,126.69267867892607,216.68972625280244,271.6647732232172,84.4961039688708,66.21150321435303,133.89537993305132,167.56254345469574,156.58265816637615,153.08603854491827,15.568010467992835,128.47612551079118,97.77604400308573
realization_389,160.689270867127,166.73015624670734,65.78265088727369,192.8730713696886,132.94429262404483,151.10461705627085,123.00052595425186,219.89994386990787,93.91999622144797,134.78790165115396,164.69339698201725,151.27157745989786,78.6471995860521,47.72832698769286,211.5858973021879,159.30977255880998,178.47593024142031,123.44390652062613,86.89125310653878,113.04369888620397,144.45475194357385,211.52720392304474,304.98752741834267,118.54663899160597,182.92297746872956,137.78854205966545,157.29675163910736,184.14175299701037,145.30098038749344,87.24006925752842
realization_390,120.98225485396699,201.02172801262526,84.64605343237179,86.88754297362749,121.34362298011746,96.7853555685715,249.3726355870044,114.33668625040582,105.85878735786336,248.71327173174265,64.9585944350608,166.584443363062,131.28704465575333,81.60211539585242,199.0435446262681,212.19554039743096,144.72396486417642,122.907045227275,167.50124990756822,112.2928769441979,156.04968386063388,100.67943505800648,67.73028786300989,145.001567569327,261.5280573485677,83.63135878574582,125.19799674049433,270.8431266222074,192.4299761709135,139.930609848611
realization_391,162.60011188501727,200.08565367008418,110.11527369094614,222.6704496313215,140.87469280852852,82.847513238161,80.39645542708647,104.868739150869,94.03497489225829,83.2782457096595,115.44704824199925,269.94301611161393,197.71615389586282,97.19315817996942,192.95797828218326,151.42716547023238,133.89913551754498,171.712535170506,184.25141470700936,236.28662539550095,133.1452103531318,94.66058750447822,162.14960353005375,200.77041991763917,113.21238852431708,83.22977765456483,279.9969005712475,211.4955264991092,231.22928915653972,96.52705123010792
realization_392,137.1344242895187,214.19405425946692,233.06887627276345,155.88489899937747,164.8501714143632,145.66246556453657,126.84653282371468,175.288893167068,62.40525488160169,301.3827493531489,57.23262275997038,123.1319299735551,148.99923984715969,245.56395968956275,125.93977781969116,122.54946235781556,107.08999143875526,123.39279508292522,40.08170711954483,186.33578653855187,166.81607410660757,97.9062756344085,166.111259231852,89.38513057481242,73.28570774619035,161.300529189997,281.9242937894413,306.08905777660743,256.53176514868625,187.0380923838989
realization_393,215.02808267161817,116.58568813668033,179.10824219389855,142.7699116917751,131.41235361053737,186.16345228469962,121.71805939134944,111.18329182797768,213.2513499493036,192.72869372601238,70.20154059709657,224.1074840774134,88.68985504039524,6.276793805357805,117.76528667751668,85.20610547085658,110.29819595348692,92.50226712903729,63.37498363749366,196.4314883544776,136.39414395292894,72.07092774909363,122.36830840139292,34.64494568273476,207.63600367727685,113.06912050177836,158.70750933537022,180.1050974146287,70.03665815808469,94.04690028807684
realization_394,96.34423804816689,160.95853834368432,304.21452290050496,57.56496996943206,62.535521791815796,300.9464965714985,230.92407407111156,177.22315500463867,255.14401533656894,221.22058905832273,88.91921199379519,304.4826288314128,167.74496297284287,232.0607877425923,204.48554512604247,135.3963663820459,104.79589266970041,185.19423416598408,112.67765131920171,98.35694570039351,97.02100475848616,72.24356565225364,86.42553227841171,199.9147205368263,144.33993043814928,137.80392998199363,193.85111228931754,114.24241573639993,108.77366259994714,147.92075309506916
realization_395,175.10046359299545,291.70815662004634,91.98184383362765,168.981070940174,271.030891464642,70.5286869011877,103.32579564485216,176.56745256834517,133.8784147478601,186.09834831670878,87.40571452882517,140.36480227354198,141.41695576930317,157.27178288828713,236.17015107051049,240.40617652134026,86.36583133897109,46.558018155444046,162.31414248360022,189.74004931246,154.9026565929979,174.36646646826904,107.47200265079073,183.32816870104298,250.59899308992962,200.84985848008998,87.12593014401709,86.93744558142998,117.30017440622633,115.6804480318128
realization_396,135.7791303019591,36.7068693717827,192.47214511412017,147.07353708399688,215.2204352146867,111.83366365900669,198.36202119428248,45.57011621367664,142.91644308892288,154.09278735569976,175.79053442201987,136.0646672392774,155.784629954908,282.82619446047846,179.59190901942944,115.08229019579768,255.67979773663515,128.14604869112682,211.6343837917108,78.8937852992829,135.6897682466084,57.074015474628396,119.41657482162475,124.23332008016548,151.12837630814238,147.3975358898827,237.39056977330813,164.22685299783976,155.41430973057086,143.30807193244937
realization_397,125.40249471202215,70.37630053265256,108.84890055053262,162.65507461003983,120.23671982030659,111.4926397673619,18.975012749341488,93.12137088899975,214.20071531334537,67.45545501297336,139.98407286869826,287.400723618874,97.70977343319849,125.96059055540067,71.90462113489383,189.4558731270575,175.72912871499665,203.98470196242107,122.74362776164847,123.6475199307663,116.46569692209536,102.40324586544958,198.89607345550232,207.62429326979432,135.56945800882903,65.53071850284837,63.927609018725335,89.05546020675344,167.57502482804043,172.82330810780914
realization_398,90.88576352781894,216.26449222904657,106.68174331749316,253.82571421146156,100.18969292138013,46.2489206638199,202.04154558021187,213.57400616646132,253.20037634896448,190.60456447459615,88.14760724206991,31.24691312344681,177.0988808912129,108.22474810066892,27.142702866464667,57.758523869821076,239.97781200923754,271.05270569261495,123.50610006923922,264.77307783155663,180.38134950055303,146.53803930782553,226.3019221569797,131.81671559574778,266.0710307987112,65.8306538701689,160.2640222410153,82.39585021816553,139.18309278231746,129.34955714839091
realization_399,147.48560937343444,77.91788358036338,139.08502906146515,87.23148975128774,170.5832603899255,85.39956356236354,163.0412542733883,156.73510515231996,177.31335280700395,299.4038012901708,78.07505930946259,143.34052476168017,64.51231754828376,89.99562543178955,198.47087448097136,89.88700253166543,139.28150326016353,137.87780052410267,67.60132767225541,168.05711931491788,149.80794643351538,33.302192625676916,150.83348068274518,173.58698544401477,74.75291553714793,308.8912439385899,165.36922484617628,157.4477098781977,146.61124031889358,222.66169321093957
realization_400,218.60279013587277,95.54658383971508,103.46855894336342,102.80226544636366,131.11125353423898,272.56404855348774,124.65077686695408,97.47618359696398,87.63835120314458,291.0936309672987,139.15051970003518,166.64442716475196,228.476288277256,135.31350179602373,262.37439968759736,129.63687198638786,99.80578135195869,143.04640609193103,169.97390212901243,175.16279431450556,117.51607525189138,101.28685700220821,204.7087948595917,79.68681767774251,197.73654369639817,263.20807628751544,128.51987871811502,211.86709697346765,160.63698734424938,299.45125184176794
realization_401,130.78363678406274,1.1588468113750707,57.36492620582059,188.28394107369814,68.53223766038342,214.6416829865464,161.50873345570082,132.12692979292456,215.15675434625103,113.55926509122887,301.9550425131255,174.57876156300063,65.8356268132742,249.65279897383752,170.4557540517414,128.6518716107114,179.53597732709875,97.40077364158091,234.73908853786858,292.06058866693087,219.1946003135939,126.88244404781183,214.08635191953837,96.0070215577869,106.1589701433482,281.4287512572836,72.12076298677967,187.3178133504269,58.01343210728523,195.20680180944308
realization_402,260.88299203757623,275.827567465444,225.8527681691794,220.91839584491592,123.62621608046885,49.45115711200377,93.6041695273451,206.29131417976237,179.29916891139175,153.48310125268534,130.25175951070904,150.90793823982972,244.04588529144607,249.8255971313893,117.45741977494013,186.37977139640736,145.4244403481908,98.97989839454895,167.19674046188814,128.8488473641602,216.5285850198994,50.0584467061422,147.1105353180956,232.97568895818978,170.41784872396033,291.99268908060907,120.73833966040377,155.97002833146755,61.92671219259828,173.6030411543286
realization_403,137.80993743793871,156.96358608583347,63.3677546356585,93.8942183970625,122.35892209930782,174.70995517776134,138.4192906944659,52.11898389967622,153.2982536272221,104.16474764987647,34.1539385418712,231.2095219391106,134.17040333175015,221.8774796590527,106.41771211901573,177.52619815417057,88.56018060675622,176.08494278195855,135.60893652667454,66.73666893078426,225.2754348239111,305.20205326641275,121.37933302584145,71.08076107246173,100.82161291388489,195.53970285335248,140.90980797485582,212.01069792643017,144.32722056315114,208.57923730199172
realization_404,95.54615303012798,27.002439214358745,116.09950779776793,101.17729516232683,135.98849988164227,136.98091414142098,159.89662199042587,71.16264124603718,93.73414071849263,102.75003830790453,247.86936466808768,51.23311685666873,103.75417513154983,204.24117956624255,110.02941274643075,101.97497267854183,148.96202348611416,122.89692574922637,232.80454506990978,284.7436330218848,81.57947964552116,152.19040222963716,187.45013455539842,290.58168205527215,70.3749132671359,60.501117798073565,85.36338495235418,93.00502131549827,62.214869387607145,111.91320801104482
realization_405,153.093553832795,105.19754210715237,115.78758890548626,59.33182237389056,63.713081878111495,215.61465739477902,113.2406419792656,189.7841072142838,164.73544096279153,31.917144326868268,70.35122727195649,234.5732791509374,239.09714635990548,223.54961655247374,131.6134562090583,156.18901200929847,170.71265990500623,82.01032619648102,57.89893015906876,182.37843477592895,153.07849173242556,83.52206858876082,130.24924552554376,192.60318598455254,152.38300229999476,138.89462546730311,97.75607806218706,115.80762895154348,285.09728060214775,162.212465979571
realization_406,126.08562973938488,176.1878614966839,136.91161685959253,71.00499088148958,123.83555574912137,153.47227659182857,64.41646775325817,239.9081613085517,159.56650828577355,111.61628771119773,300.53775348883187,226.80216464969982,37.58806004390624,160.9477638143152,210.34877118047058,252.24903772568044,73.84887934035586,160.57037595052466,101.88459990776327,125.33707587845964,268.145055637589,147.6619292948951,131.43143530879937,109.8982434965935,130.3890561797026,179.71535023538956,147.6919655269735,206.10881418116048,299.6287426816573,141.8103255929558
realization_407,221.2213440059207,225.08401262584908,102.86095927828535,295.0388557038406,149.2080484136289,279.4492887420253,270.31114545258833,114.79332067794907,65.67411655383853,123.98123281551399,141.21097611696197,187.4886677464393,121.33285625498803,102.81537059895956,113.90934767836288,157.85658121248514,187.35512732508602,77.14539120235753,79.2559592895205,159.09131551010267,123.74298849690858,200.75294037863026,160.77472958050447,100.58009873673763,47.37034422297577,114.82312572024198,127.13855115265285,130.61856907290553,229.6318993633046,32.282349890380104
realization_408,93.8797853114588,47.14643226639368,182.5844415497179,93.38655428685678,253.8316494801771,116.84363345632774,50.660170588780325,115.63468480052592,120.97387089466454,154.8966642106699,191.11143538148383,84.9316410299065,204.94008597869745,125.56894788080253,232.83584515842034,148.0754208235065,135.56437241765204,169.48320823487654,108.67649682808346,219.078871007464,227.81847003347863,130.16734426449278,54.832446766223455,266.4245889256275,80.7290229027746,78.09694074569138,168.26495204150459,142.00982947375306,99.4432853242165,222.57744093578512
realization_409,102.15549685073213,164.33974177365226,182.1171856797717,105.26493661652022,197.91960316913364,267.3930120731968,234.1951325971735,82.62395874418925,131.22247511741529,111.5157750711686,254.85129731924303,52.90665366044783,151.0056314824373,203.08430734227488,97.24754701861701,279.2010378737682,195.9295391082137,64.93374787875439,110.1304423612741,283.0335964107921,126.79295379193137,235.98447512450332,282.4583829732067,52.97246030982035,88.54010956346855,130.97133656850977,103.412828531568,135.00070976414088,122.59531890020622,56.1308323351978
realization_410,187.04321220999748,108.89507942638892,75.87376460796524,197.32563828811658,177.99596633544283,15.822821188710236,194.59868512349107,307.1716515556813,125.67173203774256,137.199554638651,142.7995360332303,85.5921461712904,111.40954142256652,172.67942473097213,97.46747581954648,185.20481092046316,219.61968115551593,136.94004862692887,223.75373004364587,214.1048103672328,160.79539712837686,161.5721819521983,198.9702927750801,54.22411340639814,170.0658776555677,182.4903997020593,159.73853940791062,265.4387086179383,120.07491544374,131.87143125142995
realization_411,116.76242453313769,149.5138013358735,180.2662733917422,203.20253882729187,114.66528412505596,145.45364679760647,170.57299703241617,271.7676726564235,93.60633043378175,56.96783186987198,135.72392594341824,227.78054683045355,140.28229719528807,79.00004094674458,104.36744876584369,112.12183482645897,124.81262144563735,147.12027154717862,119.0898607861948,129.49622655610852,135.53737873297624,147.86236149237072,129.45214627528247,120.03456824850363,294.0042368327818,227.4503662852016,99.64292213690544,206.39503283343052,135.88817284293938,309.1722225713777
realization_412,95.75766470933358,122.05042731108223,141.87993599601788,130.04029977297955,175.26753574088391,105.38305527692583,190.88236136164002,127.71561643504452,60.232714332720235,118.95853931692017,146.27212536701217,195.47597346619634,115.71003734961182,200.9352124386827,174.27800958888147,176.92770548299094,266.2205381412267,141.59290367800858,82.01606898181741,115.52578239977774,204.42304149532504,71.26264989403857,149.90340444951585,142.55742554443415,153.3164621695893,195.7288832016234,116.87831106696449,163.72853554551415,114.8659005255518,80.40164118070962
realization_413,97.65109407133605,108.72646426015537,137.34610769460636,164.81086529462482,165.60538790927492,158.12394829315247,205.17907018684997,287.60907714695895,83.26756526012326,162.75219253278271,77.47871879759734,149.2231648928983,146.11843638457196,153.3197480419327,158.97340148035812,258.20579112011757,160.92606433110862,172.61841329816994,157.696207640744,159.85568449737823,244.35128868022352,248.31510273371424,76.67767744620753,97.2478481832971,188.06410244706186,147.92442964048217,155.28871370011856,94.6830678314789,88.90656666248181,181.33778203602068
realization_414,278.4250724356864,222.95486334112928,307.9456745073294,145.68574341806217,148.26289328348054,269.14200654527224,50.31784129877971,233.5229369060724,210.46317003624372,280.0673120311059,306.07991222642863,126.50997665178554,97.14708669615415,92.88921707954323,192.45475900044653,165.3749591653617,306.63597069481955,264.78838197046787,216.93754877089577,161.39827539507172,95.87524617757757,36.80116516386262,129.62600429468097,139.8501451681547,303.88243202522017,89.65096201980731,100.63465934308284,198.26764889675974,168.1447820046003,178.90785307641022
realization_415,54.10993472927404,175.8899444570915,274.58045170438095,242.19110073007073,206.18017808883295,301.6895231841832,216.54497489675077,104.3054383697219,83.55591459747042,74.01276887515694,61.02683172813913,259.0127153410293,202.7773810183193,85.7951041867659,137.47941112185774,56.74377195694648,106.8127300833458,158.0245984715938,116.55643639102249,48.08101258215204,149.456961175446,213.4222108542517,179.85642357830716,118.10358986968805,132.33464665479244,138.00707982880508,118.40922474757717,125.30476448185648,298.6143556995877,113.39951698443006
realization_416,233.12613259455,108.68244230649728,131.518569354004,195.23344172165156,278.7871981990926,132.35679678637987,96.9641139258334,52.34071621078876,121.07380614101174,145.7664377811504,201.4031275600277,223.19829833072276,151.65477071793552,130.9036483188767,103.3708876503234,175.91392430662972,271.8489523792995,98.42463197128015,193.13542622603964,212.84684646463737,116.61626727168196,129.19080277924036,142.11812983897573,224.08592529323812,66.99466084205771,134.16265654373714,160.33264711704254,60.26844689052715,104.74578598194537,193.76463724061702
realization_417,300.90103144002245,130.9084440472015,161.6695250857465,89.71041019902361,280.67979616357974,188.1193763748434,139.24182188897632,68.4799178643404,189.73515846149803,86.1092139720395,112.94894648196983,133.09958906889173,301.94328947105686,89.76509483984695,265.09982840053215,78.42891818127816,251.8453589765073,92.75746992733684,126.5463045526279,58.320437672005895,172.39964616314415,130.0941159357215,75.39640626980065,160.97525961873174,105.92855767253485,95.08869786489504,75.44002715624843,119.0596557198619,131.70800082318112,232.20907645459067
realization_418,80.78211319734757,146.1686820332336,228.55778554213015,61.3814448418352,78.31302427427343,73.1992908103056,224.41570417943421,271.6535964781275,223.02805876834847,62.0513109427362,83.64053486634045,259.79730334545576,73.56717524419747,139.71000620752844,194.82978367955388,208.22922976166114,108.01197773721077,277.3257946767539,148.79505594913178,90.39562599912423,81.6825074145042,90.69701988681527,117.2269865387315,130.25857946076314,113.30296999066752,287.1977346898256,102.81000669475023,172.72090551936395,132.63367746420994,105.24771956270192
realization_419,99.14507196811455,157.24116770377768,271.9059388228926,132.2913086746441,123.38019631705673,152.3572669500073,298.00330314504475,161.83263352375167,112.48805157890678,101.74530428306876,192.05497258287446,111.5074084444756,158.6029723332455,247.1085779440318,45.14031284312375,159.1195557430965,203.6015505603614,102.2723793312352,208.2628871603852,194.95008151195825,128.81983607902083,71.93442356292304,51.43865557513096,247.43935959093068,158.60808484965608,145.28695283062,126.06286555731482,136.61259146772989,177.51787210889822,107.91963445491908
realization_420,105.12202026011542,204.17511003838587,81.52926762422614,74.46448837287639,112.3563824167719,155.33146883418192,171.49980826846954,133.68521666268708,242.52447158202528,159.78331572796574,183.96436600821156,69.41497994074328,167.0155682236061,128.9773408421683,211.15364224161385,176.4502433308721,213.65161700696822,293.6111230734595,141.82208669862865,126.92924972524708,271.6266918017977,179.20752701490142,200.85246035164147,221.72872561245285,127.25533664606847,142.05292700937267,124.05388168524841,67.53434473551033,61.59344654962385,88.37354438380852
realization_421,308.21451619649605,172.5659957918678,235.97648079701858,207.95873124107823,138.4507282152639,140.79193395126998,154.36644330467433,60.36481670778021,124.01567364321681,58.73535681779629,152.34129968298745,261.354892694208,219.0924949102526,106.9875763306502,138.32016019742136,131.02745108305803,235.62687857334956,158.5748650572076,159.78449218506935,261.22069445554894,109.03854738640678,86.82980918934493,36.34675608962299,23.186830784574425,216.5787230008409,101.74049224264039,150.83562923798254,51.39946205903564,182.10502554236876,77.35981517396957
realization_422,132.99366966001483,98.38649595118815,148.451054330352,246.03386791493847,307.95719813297427,98.3194411848767,145.1857730734576,287.1625678928493,177.11714937510698,121.56850775392579,234.15541519919293,174.54456434702402,202.82773084696996,112.9380315711619,184.6163926174791,221.03422949213228,84.21830782275462,135.33537565206623,64.52607545509332,184.1472257236664,143.13622377469517,214.11574395123728,284.5501473851586,111.6146937128681,99.03296280093178,99.35385960610526,158.08510257857594,286.82982992939446,219.22535044892783,104.06055275777395
realization_423,46.49835656611967,85.27787756633813,94.4607551702156,98.64143624763831,162.10748183546409,110.44739592006948,61.11195678837145,21.723656929568747,199.788565486467,176.6271105382863,90.91384183425396,123.0919325527831,194.48860868570057,100.31152627548987,188.19539369316223,56.16330129221831,191.67521096466726,243.87680385287396,149.8666783370258,238.12779113770003,305.2094265009805,196.30165386374148,142.37170107837272,201.87363630549567,48.04837832873501,100.94246737871579,149.64089639582397,183.69720902520157,148.059666511119,234.29547792289844
realization_424,272.5070230197624,88.31466197778825,177.2555748720286,74.54311784811327,190.43160197893837,164.6961982722982,209.07174852438558,117.39843352726196,194.69888527452628,73.47281506000208,137.07134891427813,24.370443042078286,190.71234566894483,104.628119517396,232.43301784771896,148.99365903222417,229.86197051185343,103.1482777000453,100.78141683521707,94.53047477343598,272.1734466335479,69.36079761669112,219.2351684955186,142.8296010983469,160.91331959596795,176.9006575669238,134.74097876144668,154.39908625135055,230.8608168090244,78.26411988889244
realization_425,109.6024613017998,144.56269105157185,240.72322411939984,96.1989540116581,168.99826696405034,107.5896594199897,260.75694287769596,149.52176239886808,95.8119879317045,211.6301746218202,162.02406201850033,116.38043291309847,249.36223614125274,109.59159166331484,138.80056863724917,195.26021657887605,115.88737515129911,291.7367984221328,272.55676643856805,119.17640283430637,77.35689151468968,256.194332130266,86.94794443844745,154.71170360544892,110.08862718892229,151.91136717346978,58.601653709704294,166.51327096455833,225.3189590608855,139.06468508800376
realization_426,98.99292593009703,161.51273778124354,221.48252046824342,192.96391011649052,120.26766053665744,168.63064332084363,251.85440629002903,205.72489219785405,87.696105653187,189.5254295543907,184.15648910948505,125.94878580510499,224.0722913585439,131.90980392132676,134.33450584510052,59.955865005729635,259.693397670181,281.0402794004598,157.57344508966287,214.0635019934041,133.98918907300524,130.89461310160576,148.32450995127508,184.14347687732473,207.70558854130522,180.93435182808813,141.3839008421891,118.25049342524406,134.98462102211187,109.73745602580875
realization_427,295.2246062321528,108.02091868197851,93.02476481846104,58.35227673152367,93.68674043056951,114.29371629674452,32.61325538592587,97.71868302276667,147.93491837691582,157.03890504781813,116.61522559229599,87.54589355734355,143.8917283508502,194.55611260370205,44.427660634072154,183.508944470995,227.06865667308574,64.88164587019743,69.5028123047255,172.53517333261186,173.10962695865865,130.1856974903077,139.7264245469813,149.14621964059094,281.3212791281184,115.928514586414,100.12562542483393,96.80173752218315,51.18403135651114,242.23968064958098
realization_428,184.62839890826615,74.7242061241345,43.59842008125541,116.53709176239151,144.97117805301949,182.93522365214278,77.88318893160991,198.44110082751902,98.66998798629379,121.40913584942992,191.12426332903158,65.94635150623367,1.244147526592485,235.3491572873248,191.82912346101932,90.27779372311774,70.11978333853521,304.0644225399877,240.60529480237156,173.68473775203316,34.92637970065995,140.56340910090336,186.96893604234566,217.7871176782418,105.8121734128844,224.61840221332818,150.79038781143103,142.35074534989434,308.49870012999367,140.83451567380246
realization_429,76.45783216655238,60.99888779654841,125.97751205943754,171.92193784906632,53.81101624575969,150.71982542758013,116.10625783974436,59.741371962829646,176.16090216749797,212.37416489181143,113.42535320121192,124.53467460630672,158.0336910271597,191.0432949842478,154.6245115241168,40.54267061026727,125.7287961275672,123.75680348980168,153.2989184380841,116.14031867187447,191.69999285267582,160.16805288131366,70.63628892225397,123.8713078995815,254.11819972919443,64.75302061711061,281.993200387277,120.69381853260504,67.89697487119014,150.27722847502542
realization_430,186.95995082197086,183.0765470367239,36.70829055651848,24.035431923242243,216.08873194864148,120.3422288720864,136.78984362978497,215.72810341942161,108.26490631626133,139.1090387084922,168.43598724151187,216.4039022744117,220.0741529497885,57.05668506537667,283.2503544576789,62.68714642135128,110.19899383910777,75.66547253853827,87.70812793027561,92.19648206857511,166.70692569939024,168.90549120273204,101.28751560238828,99.28063978122961,57.457059813560434,79.2424727595742,261.0835196916772,269.946381846872,125.42735541703142,149.71959380668295
realization_431,232.7898169499088,171.7868276384527,166.86075670263895,108.06004604651672,204.61747049047858,203.027122093531,306.4898929972971,83.37541069831934,102.46838295887937,120.0271146429989,143.45783635498657,170.8066802104917,218.27264190241812,83.6952450155201,63.755212697478825,141.11433652150384,118.30729853178804,128.62795843783348,289.6094546546769,115.49915252590822,55.9064368896977,133.23527768319178,121.77350392419095,103.15101409487231,109.71790897005073,149.27208606379048,142.71115649501422,253.44236566617658,136.81353219608357,124.86079157612906
realization_432,136.2503960205991,153.00331247688578,194.49239188519823,289.13630560228546,126.41789681485622,173.39411060763922,153.1286697019674,279.4956267380353,94.93943883715582,179.3860329236844,239.72230377129503,139.50656267992815,122.0653591545573,181.04912544223777,250.75965302318255,211.48873537954844,175.45703834066083,143.73902394139637,135.25332774079357,131.23740115949116,83.29299252210498,113.26689957238645,303.1928051677328,131.19734139614022,114.7247300781939,99.96459293032336,93.77568950014458,162.634140495729,12.345588799332646,302.25590604758105
realization_433,85.73166786660381,111.76624904617826,138.43211254419253,132.02578951338825,93.30594060414472,75.41401117609344,162.9674566007414,117.69024287730714,272.3632650578405,105.53320356752732,283.0814007420117,123.26484581476984,124.30802668583709,124.90682250053312,298.3082494642921,78.01167139090374,109.20445657833898,191.5446699335682,127.08457201326257,84.16562572869137,156.85423125646344,105.0073259976596,17.594106441151844,119.29208356976862,115.85844573883101,151.51017154426148,118.48132402362748,169.17329487729197,103.22300972429882,130.5711847514445
realization_434,274.21585941024506,112.30766260341895,101.5688804160787,151.19946810431333,188.25205886694164,179.21256451663726,152.8809220583338,168.78171285491152,306.68391684630456,137.04559901649924,272.44555091124573,170.18944285997603,142.94278423074604,154.66782985023275,243.96567114973595,299.262172099589,178.07612054516855,222.82338724529677,131.28244903537853,127.54156928576697,107.25457722024102,207.97300584290767,98.02286921629877,243.92647943757333,151.1388957798391,85.41554449370925,140.19576549625702,116.43885423880954,255.09515058317734,85.56855392708256
realization_435,232.96036658382718,147.7476406156265,116.01317147365866,138.01316344167532,265.8211700856639,160.035937626073,188.14888167563976,287.2207351950993,173.622031993891,64.14151517503936,162.58921405298167,143.5380820580499,121.99485785258166,170.40539644566508,260.90358429638314,103.24354830772845,112.23968771169159,174.791566989276,282.95368185600233,99.42709752536543,47.221951606174414,109.67455083893083,232.06602072951523,103.88629014968231,303.87629681838985,180.31328682744947,129.3213842385785,146.57856025228264,69.38897060014325,297.2158553955703
realization_436,95.53988337139761,92.67502415346499,84.7734812059675,115.67830610765736,162.03206593928735,247.04949622387818,301.43941287542606,66.72615856685304,94.87030905372129,185.25385974108357,75.5305840523518,168.17035221062517,104.94590377698121,143.68734709733815,45.661667895002374,184.98354727060774,110.05561722960014,160.56344862781248,295.55768480043463,118.35662447205881,234.4665105712377,194.5818958865146,243.24370216049448,64.86597176961021,142.0351534835176,158.75981430259182,188.8636987612964,211.59494589386145,272.8435686219956,101.87006863433251
realization_437,77.18167261142426,141.0728207105177,108.35378259493646,139.9024121615036,147.151870727765,205.56458236426963,282.23038255720155,90.85320270297525,173.96983766043903,226.63665545411507,309.3502467855179,203.8887541821531,161.38315435454808,150.62514062359674,172.14422137624538,119.54238565827902,150.73780641047048,86.60091900105796,89.47216913464234,148.94003917931065,140.2801230022153,144.8826641009133,84.85389034492508,63.188006760898766,92.98201959288598,109.82261705991522,102.3543477234909,88.31950899791566,288.77330694800344,82.56279795376464
realization_438,130.620315942603,16.41116302005385,172.76461289632445,104.89116790410824,286.11026819829675,293.528900786176,201.56167353946194,247.36485658134717,190.54720960062537,79.84498597147919,185.2891007955701,52.5006113653097,211.6148292704875,145.75740767459178,97.82218809263732,87.00850726226,61.48974622321663,173.66848267077154,42.846451006186264,161.2199792345115,294.85671474303433,112.415658433394,141.34408845716592,158.27075806548171,129.75650213594128,201.30860407351702,141.53469691404024,181.84299629707488,227.9490342107401,124.95865318941651
realization_439,112.40954017623437,194.28755339030738,250.7252133028149,147.36803893104988,40.24672884775997,254.36729596856205,139.47487089197952,153.2491908090565,131.27352184651883,136.6352505551048,188.34295827163794,48.261914140708605,119.86946050343676,198.6777693454778,117.72077105286554,135.32897288126034,267.6700528944728,190.7581137490118,60.72030199682921,171.19030379169106,175.97467892500921,103.77021608512356,147.3689585002328,46.12758082839041,100.27723427793242,121.34051814900633,166.34334351412937,61.73546765393722,182.58355961357856,260.9592888729892
realization_440,143.55902210931606,211.62821317960567,145.34807246530013,286.1144248588129,303.62768536983685,114.70086870312561,215.77343984175377,111.82895902282287,218.6471135998333,309.75009451359347,198.88669554970255,153.13170717917984,182.07092106888678,142.17827076423208,291.0575457125784,137.02911853541235,291.5460342613572,100.95593691904509,142.5808429954492,64.65771513019445,204.4739667920262,118.71913607364932,117.18373199950281,166.49309850907127,94.05031760722248,115.13062537621602,54.21887136564693,200.46874786862944,256.9487897516443,201.13549186296748
realization_441,148.41335441826925,286.89372629534876,148.72223692205046,125.04599688987967,198.63723662266568,213.19976185818075,70.25181562780617,50.11301759462681,94.05674997929681,147.45412582563665,88.45839541806998,177.12089326244458,110.9167559368773,211.72808070024624,204.09582473412297,126.55994420770526,64.14468672916729,76.47673966932908,71.46418448168659,106.1286649437765,177.10827293305988,161.29931032403704,164.13167880015337,102.94303030974157,88.31459674294868,51.713638498044304,166.67065836720636,193.31384962430008,147.85677408297926,156.9591647311435
realization_442,124.25656647924613,115.20714777923347,160.3869513479929,177.09010389812866,91.30364994602537,177.78347989255303,89.25204870607627,100.33452150318833,118.72014684590444,25.86627559805892,155.96152561401834,167.937502064949,262.24167444584396,98.89896795291102,65.56649818970675,150.82000608515406,173.73208217582015,258.3629851784829,111.57806163437553,272.2582838421869,137.76451492164898,144.99585755140464,191.84357700452503,127.48312729375226,119.61695784153937,43.591066124777385,272.24087746106716,89.68830333643416,68.41571194836511,114.19456998004434
realization_443,105.56352907681088,77.7757415835145,252.2820304395556,83.56216801607377,136.28422564974028,230.11925140986781,103.60809527899468,19.616432357377988,91.83100098699396,202.5533286780719,110.2864065556141,97.99125471849375,155.40819198694695,111.34675855359784,68.47262013497487,277.2793608016365,95.32110360785236,58.31427979495375,161.62696814509863,142.1152944879318,219.40505068446834,198.92362186719467,155.10462293448515,80.2682074929299,176.46247576444316,116.86360419169688,38.6017244438888,115.05074990522107,94.17843267520364,92.72943143762565
realization_444,156.564219339297,185.52611926948123,150.20395201257236,89.93229688289492,175.94462701996076,182.85356793777697,96.38320869178662,87.55343682396425,209.67623710664697,121.50352745594462,129.97664069458492,140.4614920692486,98.11305305685137,133.89919191732443,159.72774088149464,150.542986707889,199.4769991998297,150.7820774991855,251.2045307199541,161.83259182875415,146.53262375776785,192.7052916096641,82.17986025610355,100.71620201730192,155.06222533023245,115.0475189273964,132.42363667317866,26.785914687474104,165.76139369027072,108.23715356366992
realization_445,143.0109465852209,267.5167346767497,278.65546432911754,98.04001315666302,123.15813961875216,167.0521623211319,48.45936406181286,271.2601697998723,260.50448445059595,98.35963023053668,190.12035268318579,176.46236814646375,177.50155242269923,229.12718612949584,203.50949154832065,271.1668079376191,85.50293221912136,174.67124590834635,157.30515404038098,232.57632333101395,184.08806497762913,199.9197786304386,247.50747413041478,276.2192501220776,199.20935028633122,100.01253992364676,109.14870828268202,109.3767977004518,99.05053018944056,214.81208716886192
realization_446,144.7284852056252,249.99635438460592,237.94255317971445,169.80820371588132,51.97218519252485,102.7407151660696,80.9139634459488,80.03645937860645,204.58198543437962,71.86919081194853,168.48412908015806,283.54902835793536,110.32674232272487,103.89349251750258,100.55444253076016,129.17007044028045,157.711926646565,93.31727580297142,125.07709215980252,210.13524639951854,79.94486596270926,213.73553626934228,87.69265936788658,198.09259240804843,104.37843342314736,147.58978021033622,103.24725003341241,132.9547528381273,285.3582789097187,98.34432447508249
realization_447,135.5603107224381,156.96521474539307,199.9160197530548,103.51078157528408,176.9219773114214,261.9850935103352,57.64900728008239,114.6555931483758,248.2853134343528,124.120473372915,143.19342598848647,94.08428229585547,194.24605228505015,156.04015611013338,62.42904123806322,84.6992207312077,61.56184641537669,167.25505059719842,279.11544682679494,96.25236282041129,95.2856199453292,92.29882139274206,147.06752621694338,65.38675454096948,172.3243482193516,94.53757262694579,102.4626589490135,119.87751683048674,58.05118359680296,108.04108792451751
realization_448,161.98054111396507,58.59998359894993,146.35562541803358,206.37925012899575,139.1336928472771,258.76871918005094,252.00055724648163,112.73325643511028,142.27685104294267,106.90117199014148,59.669507511821166,138.90464299108328,112.66973865668874,109.20464076254673,296.96818773677205,240.28799722513307,180.70374343312892,125.39542952593041,63.736702263861446,134.31856428668485,193.2342629850986,171.4058074222288,159.53919743335854,59.441790699562645,157.55966526317098,121.69272950211243,96.74714687126166,59.29051846629834,131.76203608695792,141.7511606003696
realization_449,99.23567066032984,136.58384813990094,123.52677206572724,132.10969897001473,204.57169797112593,259.5012191694765,143.31476718516922,285.7278448461432,305.93083008074797,159.3900389659942,161.6167131622285,81.31490170430965,136.32715573503998,284.90888925063297,195.0048662882258,123.71910099189903,190.5022634339441,106.27291642283208,135.5880008622878,129.47855319174712,179.53873406441497,180.05531405051522,78.30274529146647,309.44604136378933,75.99937096460908,154.0478340646112,194.01913700593425,232.460827996997,90.85567686954526,212.46602690916816
realization_450,139.6829121401653,213.11222441300689,218.88695994657516,229.4521073969165,225.7064747714046,170.92699689393953,89.37705280981348,271.1093415054255,238.87624714508914,114.82515513375603,270.9524789545574,86.76845665998806,139.65490243297293,77.19914597803529,167.4842109590195,119.49588691796536,178.42759853677538,49.75112689830435,77.58733209983498,214.28551669245095,44.56794473808577,139.73156998423136,229.96386576285786,56.36417969558669,140.4525810076783,185.9816385013843,162.7409138037024,197.40341680804235,82.94267857640801,112.6676775852024
realization_451,206.07634975395666,168.3905820246861,158.7940875661332,164.72245573107296,148.29231707925987,139.78950038382135,71.9279406673813,217.7411556177278,138.41109307628489,73.45002134258786,141.04954464041788,123.6488452899583,184.20218461455994,46.71861350606078,171.5427240859422,126.4778713486242,113.93377500477584,142.70785525715897,140.2242441428566,25.953412446051246,280.6768667402089,239.7666730171145,124.00761447360972,131.82362077778856,67.42960123699993,48.84164755336547,249.83583571406848,143.24415797915583,150.81433884940245,218.8071139911178
realization_452,100.07357738002888,198.76464116608838,142.9851274654131,99.88973650806297,109.39542836943669,170.75324215406297,26.702581364903494,57.106712009165214,175.32779152447753,145.63307863334333,129.3443964775924,161.57054633451634,211.67740515389073,132.98231665959142,201.48354859260667,94.07826741276352,68.6966388828052,114.32818243462938,203.07922861780324,135.58507368906123,165.21083666087657,119.84134736205925,102.41980568790811,42.25939357096201,250.75683135993327,95.04118628316964,179.1774650180685,72.72144713063635,168.75210467695092,98.1654700777631
realization_453,152.66993791335702,104.0867879721675,114.17171741584197,163.91604903660132,184.87752613197483,134.46313363102476,96.80382930330299,119.1050299303465,141.42275852830312,167.14697986745153,127.84743443585933,81.74776230134688,68.63135466689305,131.17791611511547,140.1706782605906,305.84175891965475,33.795279013097854,101.8748577768888,148.669176939555,147.98030284245354,123.95704768826415,227.41359406939966,218.97983760281753,104.34965637162686,103.10955965845402,74.02504986560275,157.58178927008703,152.4321542798332,165.17852114740472,42.15954429580866
realization_454,287.1068226992766,104.1051760247301,67.78796418674833,91.39751998263108,178.42109183690786,116.91572691151858,121.66197304440895,132.8523342338012,134.64300168114877,286.6853021937851,121.28312811891222,50.72998335725153,109.6480311850554,86.42429860973274,144.12053984150847,276.6803850475771,308.9862733360252,156.8079748208247,149.74976075595833,88.76426371984212,116.83672592340272,164.2452956144736,90.8775628824915,108.64265458890894,76.2970851167268,69.06777841786231,255.92286095643493,288.15650697884666,266.7275655056868,281.94175360511014
realization_455,83.63649901001163,159.29974033934494,158.72510579371382,111.32370768973281,306.68567258910343,157.90934065372946,193.23921449110208,172.95782023988716,35.72816676610934,99.49053765924472,195.74869627215799,148.55352673681958,125.68253272496126,108.26126858653002,104.49109653030196,144.75182389318928,300.2722168658757,181.32562713605157,177.4499106958555,162.36313407064378,213.90266279623592,124.16064984528683,154.2468368442525,103.08622201362881,157.9367625213026,73.72911894523406,148.6579890538479,265.4907669882574,212.5384647406345,107.49973157334091
realization_456,155.5783685800486,244.63769175069575,77.40452684761901,81.16213924964632,221.5272859315809,111.57153374257331,269.2129763519466,174.27108205098256,164.15867351443882,135.62128234302088,249.45124997373756,155.2141584312388,196.05986412426432,162.4164442546113,81.2992983580684,155.4984330274507,203.70698840414974,131.5770208889055,177.36776405368443,209.32996831539904,47.32704553036744,308.96811723525184,154.17755698770583,106.48221826424879,215.4308412268559,211.81604567333085,164.9996894627803,55.85229312984022,123.09573974693126,92.67861869646296
realization_457,113.55437542705623,281.83922677409345,237.48956273875748,114.88211743191646,306.94001336305763,69.30034867346582,123.29906249847662,208.83272667115781,96.0254129211978,179.40945271478773,125.2752048482703,128.58871025475932,117.66351176333889,209.845508354471,119.71620732910479,153.89583830470903,46.68008976781742,301.02930257934435,133.03351487235565,115.81374431879497,162.52868544286918,118.48913470233069,56.378307290067205,137.45605698282336,309.55154402070974,103.96108167796856,191.8040939890979,143.68432578220938,140.03137795730257,309.01797994905536
realization_458,125.20957933028026,134.9197822860802,74.76473841442127,48.512256004454244,153.3528699541627,151.54108322128434,136.04473323212204,100.9468913432717,179.17338483485744,115.29268670106191,239.89605327381176,229.08578822159896,202.7910399195346,174.05405053815173,147.19443725022097,110.44167664949443,246.97511328533093,137.8791421859336,130.01430875763106,95.62435728575494,99.47642262630774,67.68264854256049,140.7478903026055,59.742126855343244,153.9851511986038,146.03535699625598,147.37071974670184,137.3557009092102,145.19282408804523,147.45064276083534
realization_459,220.62221839469015,129.89010614496615,88.59462472441827,167.83070780566734,86.70709657963806,287.4302945277385,198.11930959425888,221.9186030960456,89.4553137129285,134.97992591349376,49.97012462300653,213.81594449191124,70.37910774480899,42.58266232658019,152.33266886415169,131.49960332981712,60.151132555267225,127.72462072929208,219.5265435486693,153.246638207758,161.58996397603195,218.8999321357286,137.53190144762567,254.56358472111847,244.39084094015413,254.46120181606292,94.69240474081393,113.7755762978479,56.11813048130703,206.30205431964828
realization_460,266.65339670016544,126.11662394949602,56.312393799757245,274.205723631355,175.4115982900871,154.91196618041224,89.76034058847809,194.28803225914126,75.48623931893968,114.71048751287954,79.36333998537268,158.96341540238333,163.11839955291975,137.50420334457365,287.7947754857252,151.15862545590153,201.41536609193088,85.852469268506,98.09637499961025,130.32575885728804,165.53453688235646,100.38393471904836,232.29869927469153,147.23339969143177,116.34066505065631,132.36692957711367,26.250613116805447,166.5985489339643,161.13583643266338,82.70467883467457
realization_461,143.28293142933438,187.8280731315307,287.5620056343957,150.2543308013604,146.77338180319606,187.8919944127726,110.78928778557142,115.81526468620007,145.75105585217585,151.9470195799385,112.77249367766026,122.63573069213678,196.63113248287542,87.81205830245608,185.3127922664663,138.89581804794457,177.8656659675441,270.866346141949,129.3240514027622,41.09235175830648,75.59737523343229,124.07471550921036,187.3538442963427,256.68762133933103,134.4290182264425,287.60544911064034,174.94151472778856,121.26576985350803,122.2005655896895,129.45462542357114
realization_462,60.701706504090666,180.2816236696882,306.73709235913947,128.55937897270496,280.95250044301326,98.47341002183421,145.81830159312136,164.14650684237543,179.55213366357057,107.14616675523772,112.06635948084228,122.45461516663185,137.44714804217455,162.41151703109537,158.90978029550973,303.19949120772696,194.7048409263086,179.19950968386692,207.00224281402785,265.33759836640075,102.14162158857678,99.13845196461537,298.53016559027583,135.52591600474756,151.4181033691523,130.88411001835965,185.31369069371397,148.3170778586144,241.87803024042512,25.899922034655845
realization_463,266.84759202451426,160.10754037367198,162.60425600317205,127.41312002712647,67.64584246521835,74.62674869413956,188.67660184663185,222.57573189803958,226.45138803541712,139.43577201102562,134.01741601722495,133.15921603094887,163.20510416149082,113.80949937248393,133.76693729016623,286.5284837736015,128.51690133177172,141.3721191853136,112.83812864401317,116.56727509459499,143.53129791574187,96.18036172062953,175.54155743573557,173.32691163613947,167.92892956376795,139.7586402692029,185.3599234341033,231.18032991447913,178.15229304111287,116.3303035243809
realization_464,170.32997682388282,303.3200505043726,104.8152364263504,286.46209003367153,141.17195926709138,79.96866563943848,134.64823632544227,172.26866262898966,159.37825000051052,178.12640896795304,114.1071688171134,133.52775001785187,222.59271287789204,199.59818180663996,170.1999204101565,309.2820627328631,90.43975543521023,148.56119807200454,205.03346994113463,118.17940721172519,309.2068164106499,189.73585744360952,223.20739957290743,138.67738768466202,140.45909656604897,79.1648075027548,178.7201602774777,137.77269910690785,223.87167522402024,52.884163560819886
realization_465,113.79325430389912,93.50201878243128,53.842839514244126,164.91688061325624,85.28199520300264,192.20837915188605,161.1441601627619,237.91243785742267,139.72858089259898,115.10480870642806,132.83826737751411,117.90049014540097,94.98370940344178,104.46464514360663,160.0180328238437,91.89509223616683,140.92622533214725,168.06911233529524,75.229228830581,110.21722440333353,158.08099328602148,182.12715778367752,108.16311104306415,116.11272090326337,162.52633194181468,137.72571724401385,285.0626082876566,173.87935759443047,98.54806845516173,92.22548590007894
realization_466,152.50576416845118,189.83295115847338,149.69069291790933,169.56305050448344,130.3070789971804,302.3383617351764,88.40701414673997,266.6097523887602,108.5189331100093,97.5039636623529,307.0361870991376,226.9950700799128,167.2958395955764,158.8241727356069,100.52684575961086,165.03196826053812,211.13597425252595,198.21582029788576,126.93353322512915,150.71635775835995,121.500819423439,125.59549144039221,94.14076137419998,147.1296003005467,154.37246413188055,259.72637469965525,279.6586586954363,295.196560392035,81.1361354441031,211.77141914557743
realization_467,116.88410360752562,75.32786859343662,141.93264988445767,188.04220780440534,143.20389090919682,93.10011165859689,69.93528893002234,149.55764858755018,248.87349897980928,117.88028409680481,145.1433366808278,86.43695620238793,137.83541976535145,104.17035487555015,207.0866595429622,207.2964751732224,288.2710097464778,166.2684621584634,67.5153969404165,112.52627319968519,276.8228201214393,254.888994833644,109.13860014856556,110.69842293250355,242.8958808983656,206.99126186846598,89.43023295051998,245.80827033962743,149.16748030708283,212.75111316666113
realization_468,147.9439636462477,113.26616869863419,55.88359737400137,174.5388098655116,91.84431910052817,116.39225103257941,190.56323749446443,81.23540799442111,57.48694036641251,194.55756608910488,87.98460373436532,49.99508967790736,168.15470410459318,127.28160939605083,111.09639211654124,211.19522609021536,99.57206716116958,285.324862339177,171.45381308310706,95.52648950687092,127.78921540032428,190.81914130443667,144.37132135480468,117.55714104972097,297.4296794906202,113.96067480918644,126.53944368815466,178.77401537948919,120.49896068691685,161.60613351253207
realization_469,88.07249297443215,181.2795235959857,184.49209454865377,199.18028399818522,78.29732642450927,116.78702339798656,280.163386178922,86.97428266985891,83.82499478014972,161.64360545749693,81.2400743745663,279.04420837713405,194.62997501937357,110.73669660473898,44.99679866068087,179.1638061750326,147.3998895268749,308.30562887472826,141.38815401264253,103.34365284173778,65.08598980691386,106.63997122142486,200.07506784468703,96.66581522408987,113.08057501637862,269.10532221237787,134.70342244552842,248.53682722353034,177.86780720413896,89.25161548964559
realization_470,114.22235799148216,155.05666039912018,110.3063908059187,145.2283067629426,120.83348892172937,94.81293564692581,251.75819797515635,118.71275250174301,102.04645897627901,132.30115783256542,94.20104737719535,106.75338754946421,244.82835788714078,177.56225255867133,169.9927498948806,287.9578384886669,295.489806443999,9.733528362641799,83.59028456642135,176.12123630439964,111.24930039857512,131.1871882025177,124.6405003299966,122.15481524985645,175.08282893637707,170.20284274650777,268.9409467620789,208.3906694463285,36.09239447441503,142.0769708948218
realization_471,237.6296251880397,218.74955886859226,104.00461737733072,146.43213410201025,59.75415408286294,224.6472049559993,268.1129567299892,92.76240998623061,226.13719526361677,190.55446657836802,213.56736093510102,120.37030168571874,101.60492733767013,162.6547372028918,154.09788587899845,162.73813811512468,109.45215713784067,163.28715770027335,293.80429586507233,96.28347650928703,162.12605911636106,183.90914115915737,142.4360339071075,100.36804533239692,104.95105349446098,221.38772765838854,158.66845264481435,109.5073698784968,174.1525507125027,198.2411516445399
realization_472,302.2629572813562,119.12568606343534,242.5098600702692,49.915227294569306,207.26309264453155,300.98809516098,123.45604398914368,254.21054939981394,206.96760301989823,120.29933360264832,113.63216920354827,243.94536793904453,119.84047183831211,203.03564445944642,261.95345358129606,162.5498390615718,286.63967230427244,190.88463409512013,144.18667346628808,108.3941167288885,302.96725155405994,120.4770063651317,43.72189220405843,280.3958967248877,141.86224675173324,177.61753942439583,54.40181039285979,125.16781493700735,93.16171065594388,112.5304403486248
realization_473,76.59387263555931,260.40982129941267,80.32098769982224,195.95458820237536,90.78487876832286,247.48553869227328,111.9944692826889,62.49432070382947,231.18959823034083,88.22254316746911,100.23484873051382,278.42994589874286,184.60068110089458,183.92356674348557,116.98225184719453,146.7431078119394,119.52124895568926,195.12183577690664,205.87423799077612,86.79305474065367,71.42517883163953,285.4604647725298,178.60411559040656,83.67960638953744,178.10668605024324,115.98443711336542,14.229908384443554,275.7204049751504,86.7705001665662,106.48770491419813
realization_474,175.64927075995993,136.97840760262366,97.70935621315931,280.6630928622518,99.40933913986304,89.8747243833335,114.61091020269438,154.95579023770458,95.44822854741894,193.55286588372053,127.72591617425418,257.2265170570217,177.847399993507,305.41363620032564,196.3085695271659,194.79133663782463,84.19546030042386,216.11067713474299,205.99080689742644,90.76833944561852,31.69850899429197,63.805438012196575,221.09273534985132,109.55798023146357,137.02701154266094,71.96252779561645,156.31041791989156,106.16866421436247,230.77986388580734,127.5826490802364
realization_475,144.11824325628183,64.65137518296679,112.48144440304426,158.23288186177038,153.43715834830928,150.4783278346297,166.33948968609312,85.55781072486666,105.35957465291119,152.32904514790064,196.10898700873835,257.56424573395117,92.6718185068865,187.06295324603155,85.18916131575388,180.44347299291286,218.7627213868472,87.40004996496813,112.09820115840984,293.8023392112479,132.2396667095979,195.37646661314017,227.20394467273996,71.13941153340807,177.24471221140345,276.5703388154352,177.45558570573687,232.91040512491088,301.72969659059817,151.6373830607241
realization_476,65.0257820466512,225.36528522958898,154.31991238664426,111.51575676122155,74.95332375696461,130.13687901945252,224.89117246405377,32.08437890593253,147.13493090746937,103.36773796842436,145.8828476462096,135.05780865070085,149.23993751745158,170.48362945836305,134.6359842632092,213.20176355479805,98.92070810463511,217.48681362609932,82.36082884523411,210.67504818287821,165.04418935974468,86.1854887416558,136.5882963869905,59.705204309818605,186.83966152870786,63.38861511502851,285.1292756860154,84.99269184852025,237.1698645436586,215.40528825654468
realization_477,153.642413575442,143.23151210622177,176.06590863091415,128.83889179302938,126.2241250331906,176.02058067440996,309.65660836350605,97.98889638482072,277.45958113387144,179.10998281355694,206.97001329976678,174.72601805458652,95.76198304687935,91.80234641675749,113.34131705894903,142.55382730094428,142.6378971353821,228.6888656739276,202.61520817956375,32.67224500373329,296.738598179201,129.98981955494315,247.7464382872471,213.24721018194427,105.60863000097953,120.86841408635246,187.409936088629,300.4744666761014,87.21507812867654,205.37149813987142
realization_478,253.12800214877655,131.05705531766904,100.41379691958375,164.94801364794753,184.35406503706986,62.447393087620995,177.09851734597015,0.8650405919438668,168.00892521209192,221.29390747263187,60.83796561110669,180.42158205055682,175.63015634213417,213.80789825474733,265.35291001399423,190.26832186865892,109.88095452419958,100.02703357825045,124.10398513758977,225.47295142069368,97.74040646972549,83.43006033813357,136.6621343443535,164.7111256191771,200.5308623070663,232.9695266801232,219.97269104143982,179.33119815906554,113.79196906529812,183.79566617253016
realization_479,108.46989235613964,214.65298850974105,173.93534464102095,123.37858648524754,278.43695177368687,175.59351521576508,210.4577676535942,100.33980685198172,138.17519811885356,73.77967621175175,93.47697362914974,192.8470191906333,82.43846617845344,95.21830247227197,85.86037324453015,213.97523840799317,163.65491458651803,195.63153336464774,297.55856701722064,139.35844075615614,135.92062171857643,164.17290490864727,149.324228154523,150.06072843773532,184.93950953241807,105.3446947590889,268.18698436837326,134.72393796758297,44.694283288566254,167.74657657841726
realization_480,76.7847148773659,202.49859673182257,120.35693732203792,119.71589683921513,127.58259156327634,68.14857453375026,77.65194080302874,113.53133113054321,83.21330915228333,182.3047375130155,131.62627444254218,166.06994520492822,225.1497888779797,107.6457409840891,149.88400177945152,109.9217751265558,294.96993090604906,259.321944998731,126.20179599116051,84.79474792014094,105.59986034516182,275.36966940861765,141.7274385657812,213.2602382877863,164.30696310181523,167.1393852235192,174.12962418676236,192.87298667251693,123.57810317538423,146.6907386867834
realization_481,82.27713903693434,164.3639053270716,145.26667520256666,234.40828832776413,34.59986754509232,140.96094619365937,303.21512594236674,77.3619630586947,199.28929148637485,106.45039299869353,85.7276827253207,183.41657344737416,157.12129988858072,43.05230942774854,158.41505911635016,102.08678571170518,168.25133788079154,97.14492492579197,138.58783885388195,208.05745770912566,220.471862427003,180.81822808853047,123.98699842051602,130.87139544967175,156.99340746947163,126.4013230286747,168.76931554506808,115.81887732491056,151.39220013068456,76.80443910894628
realization_482,210.24714190593093,142.96706654351283,133.99863660470515,122.70277157753952,117.37419485164895,87.16831726289467,256.22799210274405,163.17653374166045,217.42411361316564,134.14868721642787,104.87302976724159,100.4118417563599,213.9068472953561,151.02425152594856,205.77530776797983,276.4761642698568,150.3715323645273,284.55746997668416,198.44092717578675,192.619936400062,127.8521229147308,213.97143342613268,108.2015666210725,187.62513735038047,227.11382093480015,145.69580342243034,161.30150231421095,85.82199250587026,65.87641644528826,90.32012051848288
realization_483,139.82795008913195,226.80174668071714,238.54235221532522,150.4947139934563,137.61872985573362,162.842111961926,82.66127083817157,64.47046613792267,34.00752680798381,91.89336503458928,183.33045005430827,118.84186727472823,65.58538692276669,24.72343546876516,206.33403072999775,81.70150015042333,192.54611703872632,143.81829087532455,194.09578381724495,289.62840329719654,199.00895563813592,166.3621006296872,153.67829495197077,127.13560927864748,125.282630589923,136.92223403916964,183.7716471775833,118.7242166643414,74.37125019419243,304.418615848071
realization_484,166.61771890441966,34.6100401080454,154.98052761642768,54.8575079511636,129.9147262157487,20.9503795538767,171.07232286100157,101.0948421111726,198.70424961623596,116.88315193954814,42.36236773183143,129.83071763562694,71.47475186737638,254.71291832183584,90.81932161382815,153.36947122416026,139.26547472156713,144.380887986905,55.57804521655086,228.76734093990066,138.55132491998353,73.53279366358339,158.68365693520587,293.21686150671604,90.07291706265198,241.99294898961648,109.91581509705638,134.15156743044778,154.21947193198355,104.78865211271263
realization_485,84.96748454404943,175.6753609847992,119.66589304569557,201.33559957509394,98.83662608738935,173.61574429823224,148.54818640580504,155.71832196157717,106.31244017089713,172.761628474639,182.72423157448355,115.64841026153515,111.04842466751487,141.7527865281306,48.281376837318305,293.2115412389592,208.13592271180897,162.16185758837082,111.31004140170383,221.42632417796705,135.26604125581366,197.38555996795623,196.6323825222898,81.3112768235554,235.1332791412036,205.94115457691456,125.65278513664684,125.58879120507525,99.78365546723218,205.63977493140663
realization_486,164.09600754617404,145.73638635814896,239.98727914178153,294.61675558467493,166.12309439672816,259.8799526590976,284.17759496813,216.5445775433755,83.57731458184409,55.45718376879462,99.68855763856422,128.2248230131674,158.38043231433036,103.07784436119321,83.56323612315249,170.86691574888255,175.66368265538875,53.706652204776574,97.89559355912482,64.69674571490124,145.77481930843328,143.82579799002488,294.78426037124984,203.0035855783303,91.60981022155761,105.21930055066332,129.58814729227072,112.39559956051818,92.32638266088878,136.886057723072
realization_487,97.52639518768333,105.01444241822712,166.1516604784145,43.246452080433315,85.94799128060988,134.9928352620766,165.11922688825763,249.09144004124155,179.9029256296163,137.32978641584177,184.76360684937157,159.38465304508014,129.7015677556976,53.07039420444612,113.81271809237784,217.4601947093923,282.31892807403517,40.117902533200095,69.52667321534041,163.50739379522926,217.93619415273068,94.30175195868377,199.555828887432,139.70266721591253,172.5381314673602,52.579595615720386,82.52674552732209,120.42895854570699,140.39233399649495,150.45352200917998
realization_488,111.64224737994726,5.599839658894453,201.85060373710468,219.67037991397197,113.7182973163109,216.62137791186552,259.0232198438091,109.85572461446534,125.79332977976462,292.57237070865887,145.61170532503158,268.57378787798007,51.120705117826176,131.159821989465,67.06413694833496,142.03750485000882,106.60992173010946,124.84514149543051,175.7584093539504,71.59752167905927,136.94571905880974,200.62815755187242,136.0917984026888,292.29911536523866,97.52151732007749,184.85634431789674,102.16149541167195,219.13499420869692,227.48441157939482,196.7420325625442
realization_489,64.91567989807791,121.35353726438463,194.45228046530855,251.81195881389644,70.32085786422664,58.378944592995424,256.7253795039801,73.79653084373518,194.01134259760124,200.28731235412081,126.10020939065173,114.91470062854728,132.48016707189097,121.28239337233961,186.16924635332487,155.70001506841626,185.21920485949417,127.23985461071493,147.04290586256298,128.63381971533204,83.84577397521197,48.72612747029734,247.8677733464213,182.1902849933823,258.3708266104158,178.64952797575467,123.51193933033957,133.36372083378856,146.10769747018952,174.94933568591102
realization_490,114.60536141957525,157.74374519036257,288.9370738403084,114.76344393556155,122.75291213638492,144.00485087028838,50.50369597168352,128.7447640018096,94.65166427152232,207.40556899805404,155.6992617688366,184.1489289639793,273.37397167927963,214.0326103060954,89.18352951509071,58.92126984737661,138.07970268866032,168.596794364532,137.64933592238827,208.18346937107654,146.1580344329403,133.08971344657834,139.1382438383856,126.12190876546775,143.34059751670125,130.98096833377426,84.15605574265301,153.39743031997344,140.94580295483374,153.6430002839486
realization_491,92.97214352672941,138.99121470986103,142.53232329244457,88.66762503006169,197.69239501601032,40.57886533471406,142.57904354359053,240.30675105392567,101.07765598389486,83.06039098633975,299.68064560594473,91.77160400387851,282.70468317615035,126.5590393478814,190.05867130790438,18.59971788123869,183.9896536153494,259.06051699874274,292.40821117433524,84.10577082323162,218.6211725792627,250.40093687478944,157.131677815431,186.75106926443033,63.47358734005399,83.8452228983682,307.9672897509668,166.72377368868212,157.02623293316955,163.53886430669223
realization_492,213.94594380880247,114.12595510388184,181.00464132296563,231.54283568429076,105.05054378412605,233.57103479435597,68.56123244711719,161.8648521102638,139.59048740136433,80.71843085519754,131.88698007063192,185.13859727745302,166.0653833095805,156.69650952487956,305.32606190035676,94.31129836109409,170.25942553612464,100.88747789909863,95.96601570836269,143.3098943436006,68.80901080228597,203.7106482861847,145.53045813693961,224.21935538522203,85.73086938373454,197.6060546615314,199.2295621460483,307.1809190837211,201.78163012934,235.26538798532067
realization_493,171.37746225575765,164.90763643843604,163.76410650125985,146.1271349332904,99.35371711905827,253.45641206854512,54.10560287031951,143.91970806813157,119.67285967165961,132.0590783035653,107.5193171773501,209.12726259278708,75.81571418391437,153.08309763760172,202.20250621297964,134.0015624616002,161.81725420968456,164.6212876125999,112.71637263245843,88.58338601356179,155.46977192581696,59.55149439746817,125.53336247434477,41.52493066916628,88.9741778661147,165.81387071576924,73.56820061499172,57.538851792817155,121.35335905973484,71.69796378277773
realization_494,114.29845607448267,135.16847128871956,149.69637401090037,56.38179791613007,211.0309869404743,164.27401015335306,172.8849742931479,165.68945166927537,81.50783598648714,147.31859027966675,129.19762586214497,164.74662174586723,220.39172815399922,306.4478013535986,152.86511375193763,114.49450223944008,216.5743203544543,102.17008800643191,102.95691329129703,180.63082947943712,111.54040061604347,103.78884313485052,134.95695915875655,203.0185234440652,154.07419754853177,196.37362773268148,172.2509617067758,296.42937756695875,84.1379795425644,80.17730121793402
realization_495,179.11819657948763,192.54691361084838,150.78860633426095,279.6717973991957,115.70602423245202,273.89579769217323,159.0222065511703,107.44658346099561,153.40573647732174,77.63945683092969,289.9712535584213,151.33737737720216,151.62957513638383,160.36500641524816,222.52280688369865,223.72626459320614,110.58187239206003,204.0460218739342,178.74346951642727,91.32552274986304,251.33378288661973,165.60557789280148,182.85793603608977,143.09747917636344,122.79248356231511,223.8868425489806,81.86501351087716,104.4940093550258,149.17627209488094,243.04867168243288
realization_496,225.7544185408984,93.6723160949406,178.9832200768065,127.87641642569413,203.71170435443912,217.84301910504666,107.99007874939004,173.27644394067414,288.9961096873216,108.82860106317614,150.7348032610416,189.08566048854846,150.5227240707238,309.60187187192963,220.69897991639203,151.8559163816109,125.51906032434373,130.27853317909847,189.60803812984008,134.54602085005487,132.01226956491124,63.79664957491299,222.58198313949373,108.82586003138508,170.2288854300537,165.59144111799,185.4668306056425,54.150821120919765,147.25029726569957,216.08660407986133
realization_497,180.7028620854068,83.51773544952606,106.35523037937452,98.11744394732298,117.20408865808757,170.6685739771022,68.45333319039659,200.23939736792155,127.16979982095556,119.77945868251548,159.19312648964825,169.14733816709025,124.99903428569452,157.1572779654828,284.5261728513626,195.51950371539465,184.81647769165076,135.89966749805367,247.7489772249212,124.22989810103648,77.23179165969428,78.04958788211957,225.23815127924846,75.65480425096081,295.79874133206914,87.48954067381534,113.50875435328473,204.39550104562528,248.73144948591502,142.2116121337925
realization_498,61.595458957394186,238.85889292138165,137.9866914163127,222.88781405227073,182.79700591603876,211.23943780387344,131.92887575476075,149.7934846363666,275.89986714576264,94.39646428028922,74.31807056776252,177.68827021841645,145.83061727416327,146.36927514753108,72.12843376263203,118.82982341965575,129.20365778880048,119.71361179024454,303.7099022311509,167.84246564650465,116.04839495630299,194.51610089782426,99.264237899216,121.77742136450217,118.7483742944285,217.52593384690587,120.16663340499994,128.18899753811422,154.09718467363678,48.3691732146885
realization_499,179.32255529339707,144.0884337721562,217.6626283471237,163.65669252512146,91.44159607048304,101.69480666581703,68.7858042235148,266.236904063889,124.87409017257576,195.09418695788736,48.83797607925105,146.0693863032712,193.2360884800332,186.22782165176352,124.61825508615941,157.66705013140006,119.56082787805076,96.92848612939727,145.90259115178628,84.54848521317064,109.05895765980509,58.87467655965831,128.40208351234287,144.76236128579913,139.28193292404418,134.68140391525387,104.74267946996437,53.27932000669402,190.9083920021561,69.19597159203887
realization_500,142.14827923113455,222.20036231186455,183.1703880384345,187.05038371052638,209.94398712761705,269.02713391654237,158.1979932063972,277.14785510297935,280.45024623666717,82.73111185599745,59.437815864190966,164.31673925745724,18.944344256182433,76.12963161342542,227.9527783841509,263.8567553075898,141.6983280188254,194.0369757556061,158.16146177469878,173.04169854843587,65.94431614691877,128.90766259107625,99.95920431386944,227.87362398017672,149.88678900071972,119.60536487522721,182.532072685349,122.6622645009048,26.901160380560697,303.40268747069456
realization_501,155.4293584742314,194.53481493617255,141.91234159735384,225.31575419882216,153.55935037232004,174.70996301914906,205.43823145628917,128.30515370233584,173.02773297079574,138.7456228507276,51.032604674152815,162.2342311830527,83.35229866273221,306.2140873121143,117.92802088291877,39.36155348019028,160.5513114056076,130.73459376421474,118.47081949544025,114.59204055641416,106.09983390545729,98.08145771996709,144.2411692761874,106.7385266475859,134.23391631095544,115.12770519063218,308.8358643286546,153.37791049363813,58.00254490596646,138.0007641512357
realization_502,119.7690091975123,161.1719694381766,103.04217570219363,151.68561724222022,167.91869371152973,108.5293458702527,142.96576811668396,186.49410597158936,148.67106894866833,91.51459636605561,68.76187585958922,124.57621675468407,140.8828571974372,156.8510167261284,193.75454527564762,91.96567053583156,194.6541153392329,145.19713940267565,5.1917103282423795,156.3397376977484,130.33642786628363,221.00479412610153,81.05570705299324,151.65299150096942,131.2783851616466,54.896411685503296,13.344028371909019,258.8401793624953,86.22893826551939,192.8350928502481
realization_503,203.5877326858209,84.76293288585762,134.32188807099868,56.47489971194695,170.0444678482168,148.36007213653627,76.38837068938537,115.75845156010537,173.11087139554914,112.3741522060979,102.66534555072043,220.7887240325199,134.15375386033514,142.37022361082046,154.6902991190811,89.2902965587849,264.3075143493671,202.32855396632655,292.9080799386186,115.90489549412324,297.1112228158742,237.38122103839092,150.09810531125646,102.14420798695848,139.05389381099968,57.41932441714929,92.9792762136563,159.58741407565105,231.4093070890142,52.19613487346908
realization_504,191.49571240848815,80.8996027647528,156.94968716547558,165.98007078057654,97.95623860337054,130.92657687563667,149.40736079090738,156.04990874283848,172.16756350023599,216.961895982616,83.01297015259324,113.54406692457154,188.26985484862044,155.28598214363137,95.74644080868529,128.9786769942884,204.8778943150942,162.2357900729486,34.53772086405426,206.5764861333612,118.80592086024512,188.06295408743773,243.55265543176463,211.7908446280159,146.6288412238631,156.83790533930488,194.87050333472902,190.43902101097234,191.5980905466902,104.763611782415
realization_505,114.78270223034805,72.42226364669278,159.61958151064403,136.77749127759583,104.66602767920295,107.64777079405525,163.56501515846918,286.28182657329756,277.88876694490386,137.0695715396985,81.8757726263009,263.3523789455873,250.49968746057755,139.4449281861587,121.67498686019857,143.99561921294708,206.56484288478455,132.88873414707982,137.9107631362213,88.71555527285767,108.05500595313383,141.8363413808441,184.29825083425183,24.957992371916575,242.62131325411445,91.58134085024221,114.04120102084201,101.13720590243304,128.1635748344665,153.8905406926889
realization_506,129.47799085762568,51.20859466725608,119.7782267816572,61.164842946892115,126.39949970408635,188.26196245966145,296.2532265161359,157.4167422725348,65.7170507776978,188.44373965899177,53.42542800428506,121.45228389462798,189.04347379400502,163.07264339097537,111.56996415624556,102.30356785445812,138.9055501431946,162.3503340965744,199.60659549546386,226.6762157283597,176.71323679221916,113.9296077228861,159.58555905383415,214.6406768029767,172.7567767736661,183.53018373696204,157.71169564678087,103.20845674985425,201.9092480692009,199.97634548046454
realization_507,80.42709828097814,236.43460677523217,116.88218122281054,126.14696224896326,188.958734480029,71.30068972323954,181.83503127997295,100.31938986017757,90.43668469795617,67.61195908394005,207.7435850350592,183.85978254822564,178.4443798785131,204.64647163128737,194.91729761983342,197.01281923797592,178.96269370573776,108.20344857599598,120.65534519885978,174.97733933253366,104.79740249586786,78.99547334494825,150.00366382958865,177.926282499821,276.3399421862538,103.10919344753364,88.34823978746482,275.1910520691358,220.13519014480724,292.917607147139
realization_508,149.89433846241988,213.00247869688377,83.75279574827222,125.25979373319478,51.89146557232478,103.6526214820199,104.97532637436949,305.2228636573878,259.09734137270544,147.8263424925773,160.11270885709334,49.95981713246718,288.520569997883,137.77662400769793,118.7045014891232,213.02961715372658,136.80570822890584,197.84640780398084,106.37934179210046,170.4527589177614,88.07636541202959,116.06464955634135,137.04356721278938,268.86257486182757,92.72261499397837,294.52540065942156,146.44355258010748,247.97971340856145,247.50152846012773,238.23843686693635
realization_509,171.3329889615318,207.35956432405683,280.5557728973941,164.56678821132968,153.11107828174403,138.55074043339422,69.46406210675173,92.37897722351525,78.75864688559508,59.665456363115204,49.41053762845495,228.68202678220848,128.16398843115468,88.29426104814982,209.02897816149365,301.53703066655993,173.84023543159876,263.2321311777531,141.7309181682683,155.3469488932672,177.1434637878848,50.80773306205789,157.43963393893964,105.40542879742522,157.24862402134727,188.66692962565193,238.00262857952802,112.47691726243107,292.938247266602,286.48241178470084
realization_510,118.61357011723726,145.05287860784276,95.53598044627418,127.4256880185512,218.4564666288848,15.687112464548306,133.80531515913336,155.32374703245125,94.05386145788361,189.57423577028132,142.15595459464328,147.4683091840562,103.75173884886411,167.40641599594275,105.5498487006896,160.64851437630455,294.1935593836071,160.03994598292863,101.41117556545723,102.30604169775096,38.66918492687053,125.65807261919565,58.39400556126199,143.90412303069593,76.09175222421467,83.21532421281238,120.26572065984843,130.12422074226816,233.0007212086057,110.63106108939583
realization_511,278.296684929074,184.23699443639714,197.3675095118345,72.54006684337898,138.39848097663102,184.18061510567347,75.27129106530371,305.3874455797837,114.48044946745887,104.86733683603465,221.19959268032284,90.69357812066295,52.49639006762439,189.4446204853698,188.4781269263736,161.2963497354895,118.16244257791372,245.43914199510604,92.11003855659348,105.74155884629408,61.12145301804675,289.97202815555886,134.0335611528223,117.55660212835149,67.8851415428325,78.06531054335622,132.93206494653546,104.71649685356584,131.4366207943706,158.9322408981036
realization_512,151.47244508270862,140.98285875084082,193.32746654679522,164.67731476938445,23.846935418674406,191.0615594360318,119.24367051897508,224.79722906465912,188.3097444826967,281.21499512577986,184.300491619509,264.33404983823704,178.94726265769782,70.9579178714222,228.53405555526086,147.01025029598674,114.62249217567651,110.5522510296906,133.8252281344253,116.96539400711706,29.351439892364823,70.86458916271886,53.845194403156256,191.5233692321484,116.9369234358132,122.85331282071303,144.22627496673877,294.02544368094516,115.42278717346173,174.57523487103796
realization_513,100.75000765742975,190.90918010926407,161.29136469021736,117.32736978560635,174.22653587951478,156.66730063964914,149.52954989406894,62.411376719762615,64.39055839889984,216.74026613256774,115.15565575678696,165.0186100710967,86.73719097570813,165.26691378291727,198.08662591792228,261.37235346024204,143.87345624296438,146.40521044010717,274.97976260679667,144.35042119508608,196.70707021007877,124.40564132046791,154.6806280817724,118.96004498640727,74.68641551903107,198.91635027659143,66.020613109789,167.42666577019224,171.45216459769176,125.70067295482383
realization_514,296.82416776825096,3.1669928659504194,308.37146891291314,136.65799172173917,239.50064306094885,27.083543755437205,174.55700241656214,76.55396941610248,69.87266749015271,30.92574319269948,77.6333113894981,98.69256942731323,95.177237035461,212.25295657074588,173.81559643812602,98.56668469751118,194.94350060646303,162.0768786343968,286.374089768687,125.07029812813124,88.93358760996686,164.4268273619385,210.270453241124,184.06184890639392,198.4949358433033,289.29820445836964,178.60239342946014,124.13130220413082,181.1036315579435,192.9494852925049
realization_515,199.33109303859834,223.56589933257138,94.34904716770073,89.14217925029521,48.70758819859536,126.07306921250706,92.67808640554485,217.23057528078166,179.62064620138614,78.59109194148297,128.8188186021793,302.5221067957076,210.39828239931873,305.193222853363,163.1970521667404,101.60367150367549,170.192173762323,82.8556861862421,157.568360870813,149.6214596762666,150.79651472508294,152.29423531365782,296.0674641991659,289.12884001341536,124.04564432273455,116.0936088532597,89.18348040593092,217.70788905913224,135.57907850570393,167.45548126415585
realization_516,200.74774052335556,146.66592896317113,101.73977741882129,216.53509927989234,68.26059411355337,101.21167513899846,129.22975336550627,233.04229291746498,141.88243047722088,51.772990857182286,76.78485000693918,188.35422291626202,275.36925213143627,150.16753453322278,104.03630639450353,13.043706821726317,82.74832157523497,146.2560475824436,181.5447386524776,247.8301575423825,212.01849588188026,188.56944068976918,177.4129809411578,84.26604677324536,178.46120528925124,268.75259169655044,70.48879985848293,92.68852918251429,95.77336856585043,113.76779088151599
realization_517,60.13995941182488,135.74493055749585,192.27419723337323,98.60747341818795,108.90805675285974,88.7338253255285,196.55098918932913,188.26417660939148,236.71619413663728,193.4602868411125,125.60162216775936,93.21735649263019,97.56272850123601,239.62688455999697,247.54134314474072,143.45498468886544,142.42106069123133,171.71132731709238,137.82021598569295,248.11942410059305,213.18162113674936,241.0551051895217,133.3552010973585,122.840346720669,166.04551992361291,59.195181671479176,93.59625065280773,134.97728052994378,136.21776828903836,220.20095939803963
realization_518,150.9294023409095,145.25370810490725,198.7645649690686,119.88039171100844,57.63938580668383,160.25759191094622,77.94109902071268,126.35582211980463,277.7281417396813,195.4145406935699,191.3244089371249,270.5332101595573,109.47337080422597,43.534136102698895,292.11100544901166,140.70109562050453,306.4880537633767,127.67664693965646,101.64811207885258,90.41332347838438,70.01790958127793,32.061468473826785,123.8347355470331,196.82325106332743,116.34086941039064,158.43826641870018,96.36666547811944,205.47919358125077,80.11419322438341,106.27131152982503
realization_519,131.5588507661025,144.83242748629027,78.23891746181403,104.18140050372575,174.2472867163571,212.26538725482308,103.33764656213506,161.06813358905742,232.4121854891927,290.6187677339925,136.45176698299673,128.1331151556245,157.7701584404322,167.7570164727698,251.39597557675586,117.27719562423752,136.5927955460586,85.7243398928313,148.3302882569959,85.11106901755147,129.00316025107387,77.36082117227306,263.223873232577,257.44435551819333,118.46645310845263,104.06274073902506,74.80114307376246,124.52680038426581,304.60376169413826,141.51668813700758
realization_520,128.832869750744,82.50165136929391,96.46453129747451,88.7699664263903,73.9030473230661,47.25580316698466,154.07196068745486,233.36372035527276,231.25034521139136,148.18224125527627,45.71474177350139,63.06803655480931,72.95720989572817,147.3596213820629,289.97232926255793,147.4350723865931,103.1358092299622,221.69998263152115,187.2419122461254,58.10496795304458,94.24504533072687,129.40136720252326,158.26747868770303,95.01715317565046,116.98011074696724,233.05261087345764,300.4389524644198,43.96379384104901,142.20610038154254,123.92429802740955
realization_521,122.3266354885157,171.5537449061071,160.2848359017679,250.40523444574103,128.00730319858988,290.1347913681549,29.800677766364842,150.85330810338138,76.10977820612034,233.17080904690647,93.00359596331774,266.43014028070553,240.67477434397244,147.15763810263303,148.97163249227933,177.17446814941118,190.78042241512495,248.06664378817263,126.01041089745482,231.53121203018242,228.53662366850529,108.17923997956929,149.28236411605067,66.70385525949938,254.4638666192536,204.67562312453742,163.44746147529304,130.07129200356715,72.21258991990504,128.5080860910131
realization_522,303.2400852831786,210.3731065511266,119.43180726636221,253.77261516356384,145.0816239147342,191.98147529940312,235.57742760479752,216.07543879306658,157.8641423885409,211.36103748706893,217.3249870129703,193.16991338412134,154.16105709924295,124.25732576165973,87.89774387543301,74.21549558314871,115.5983641295029,101.21370952924214,145.18904082060718,107.4050779358108,157.13634361553696,278.0603686847708,271.1713141294816,113.2266304805154,137.15912831708494,273.236450966014,167.29123428744202,102.39479946755637,164.8513869796185,263.35882698283757
realization_523,184.5583532932048,172.57275745679587,104.85925655743426,136.4261319280806,158.03645136531802,79.98228132476797,203.8189983783528,143.39904630658933,286.5641311805497,198.68879979600632,245.01327025525012,154.30805996624363,100.9295952864204,155.32414217020144,152.05380667702067,260.25708273723717,101.26537547081172,136.88854255406576,217.24724131965695,110.68950030494071,282.0717530861553,253.940603492388,102.17139416342111,137.193359859131,190.96929437806878,160.26173018703884,214.87878786174986,108.10943231616376,104.76347743042379,73.18196003235181
realization_524,141.6266013576835,109.3557722901215,153.67988454313019,101.38743554766911,118.74788653184531,174.0168402962492,143.36830406330986,222.0663315535287,149.54329668717062,140.22118514162304,28.47269305199181,115.54065063320402,133.04884484519144,142.60595223113282,19.299228205828143,154.37892022864042,5.895341485878575,136.86344325996933,252.96429176906793,95.2169774834605,154.93509498073615,20.40577027711403,244.86824080941133,110.41951825797688,108.98940578864506,85.60903431306637,176.1812263095516,283.7581955396349,231.6995872319667,115.12662095682929
realization_525,145.73555560499136,124.74899646390664,153.4576214325348,163.19525599455687,161.70237160773772,58.25030985822292,126.89789351691621,59.068717061206954,239.02026386225285,192.2833744489782,146.05599521084378,264.62350966630305,137.6494773983121,284.9131822173428,89.78521202707566,162.18373610819884,173.49833467823655,163.54343449136493,125.85180844349438,104.00083772157248,238.39635950978465,231.14352002756954,211.43256967627252,184.96214323811557,106.91058679570808,55.04753544220375,264.41723126242067,109.37788220154054,87.47934488390216,140.10584789136095
realization_526,193.03142783027434,105.44194355761695,103.99121101626098,127.3931195545142,118.67106062567021,112.88663302223452,108.99092937023504,115.8469919264741,91.48845143921666,145.1774856686509,135.66661523596377,131.10514237642386,113.86670433932261,140.6062547975848,192.2524403229761,139.09974322520512,102.2469246104558,284.47421169651943,98.06322118408335,45.28849120282745,158.82125748985197,226.68160650138705,127.68778295776252,87.95012901543433,164.06022592819818,231.63608427809734,82.94182301536468,112.59038551852407,106.97945879304443,163.041913076083
realization_527,207.97723749182177,125.13365472544218,94.11456665546478,232.87664934471218,84.94044426685636,308.82314556767017,273.09324774746636,123.77776668730931,248.7841693145912,50.32903107149796,81.69804573138512,155.90886111637818,139.4700427930279,243.13209479021867,129.7832922698277,83.73004002394622,151.07368808900677,134.83616347972944,27.824399004881712,280.5828779062854,123.64717011022819,148.13221580849094,262.69231371245974,100.10132687484895,120.58402222032674,129.61338111760273,35.89944405307908,193.57912203823184,121.98653315119059,99.7130244967394
realization_528,37.19573970338207,140.97368287483243,229.99299890792562,235.6730886711821,161.219234641426,52.43621190016385,88.63219849399704,132.1562135744279,296.7362409577605,268.67249517880214,109.88781321367783,158.38986204622532,95.31983782504854,159.34822804020092,85.32275597693638,113.15435928730055,289.591407421171,165.6261923950366,183.8089611675915,141.3091394782718,253.93887276549833,83.8039925076448,148.98983499367108,46.20260781161744,180.03383107818794,258.8523882301436,155.06418979388158,182.61727376521162,244.36190224196824,184.82557253071974
realization_529,188.44365213826035,83.03817006476675,136.9465068735369,142.35486358635353,74.00740223141355,249.4920160545209,100.43648436320082,239.65629245259484,159.14406979062335,158.8425452886346,98.95644747152465,108.68244817218819,274.318616244213,73.0301250218323,115.25561255384491,261.7152449353092,107.3315061732178,275.9066423319745,119.30180705339568,103.40797990276671,106.32983431691608,143.03441450017013,127.66760466405664,160.34509034908518,159.01617728480423,129.93778544243114,269.4170560673766,263.3879808229401,285.23186838002795,141.32941254453493
realization_530,220.41875311428464,95.55470976074459,125.66954154845433,305.7951689912936,185.66064632685104,186.35738227243553,280.1825209374142,146.17935329729283,98.40182872722416,286.01180935965465,251.0675894570938,168.9582531942182,69.56463593539273,131.1649666840815,160.80485761293642,106.7849357033903,282.81619227092744,114.55915363628263,176.6456544606335,69.17490279239476,169.9171718850734,260.28904421705926,184.5272046221396,216.00047145456693,176.65691475932593,88.07135425701088,207.26657296664587,64.77668662549897,76.606605785903,106.42465060679764
realization_531,88.14351091838441,156.29891910053868,168.56108812357326,90.27129642750958,168.24740261568243,145.1654085819154,196.21840780824374,222.6524135876876,102.87833584499111,216.6998997739731,190.4742559686416,232.2030219268412,182.67447816909637,124.38527577997525,79.425755627171,183.0871446525514,40.502802157479366,246.87367914369742,141.3679026179904,292.7968002089019,91.61832952096242,113.28152644105427,227.78829168453024,128.74117648236398,188.69240230806724,165.27284389830066,113.26585612029307,145.61916536901686,302.32130096401795,121.23729409092033
realization_532,193.38535872188316,137.85516232988886,218.9089496635747,135.19427059621754,156.98845682717075,271.6927093186988,104.91913424622858,129.28522047827937,184.2807939239204,262.72054533205295,244.38253867538705,112.16498983467056,205.91751203668076,152.05916345324948,184.02205075105164,27.644344253469434,160.12627276719516,215.0731856475453,171.16797752580362,164.1708406938174,148.30358857720316,205.85787067847218,161.8425971929566,306.5995903831904,103.7943816413776,140.7312856334525,75.6891335678043,149.05893551038326,180.13069097200977,305.56943999389944
realization_533,150.77957333401753,120.05834948227898,136.40064199557352,118.86886338330031,148.1130964934987,167.38864867850353,124.64212890436677,301.99696850751786,220.1486412639636,113.25313716751296,124.5598712548513,171.06087116744646,171.429106073666,116.5451399943448,82.11458167464872,274.34179501107997,85.39472685709507,152.84297192620406,167.36812939778957,178.9360654989973,130.11372051770184,146.89064255858688,101.8339327721164,31.95256254621279,231.7117880251179,263.20603241382025,244.24952851383185,63.970944626129565,79.90047906142948,133.84923537228667
realization_534,296.14552016360955,80.76952252264724,156.92882618732116,75.26220830558809,160.55878260569176,299.35015742241563,146.17301458420442,66.62255332382354,308.9918258111874,57.07063901874749,234.6522322606747,156.87822656008348,13.074946671628531,152.78330819531897,141.8848248469691,136.14205491466325,92.89273082329481,206.0825328217485,181.83495158196388,244.39801828840288,295.3577026524439,135.2228189543964,41.84025066609589,282.70019699511766,155.3269110892795,205.2700142183948,291.446980439368,265.9529912286541,152.3774196684887,163.26189285632688
realization_535,169.37953096938207,146.30660369459045,305.5690214245373,119.12185979494568,115.18397701654776,110.30967851956261,126.74146549808704,125.56559419992014,306.76031856935515,169.11439471650544,83.68156763216209,188.49654285312778,157.36380392939122,245.93043699206683,78.26030139765211,132.45091165587164,155.5834364323431,135.93527109509398,137.72762053772757,82.87025012191397,44.22921643703522,208.74810027064845,178.11859877355963,102.18639422726037,283.12711211719915,200.61792137368496,213.2310511267386,262.2723035838048,184.1175803299634,308.065783110306
realization_536,76.44730840996085,176.90335256832887,125.05464866095383,255.09527087734432,84.97007352374044,138.02035162553804,230.255512354839,100.0037418033735,142.16091571597758,225.65489946478098,169.94104803830913,196.43034716195825,125.10758711621557,165.21421037586666,98.11628423697611,258.7092847703142,149.51778215636816,109.00813139202361,170.7829447269265,197.02342563220833,299.9779153557861,121.22903825411055,120.96447529653756,221.2196182232962,94.1874980788309,89.27974091241748,138.66409209050468,157.37393583233,211.88253381701054,75.25115902315288
realization_537,149.37422625563377,192.19426173033565,57.9360530457521,62.17087805013952,150.94930548521833,113.19086807856961,223.21643879411505,145.0261156527967,149.7841877383598,87.75609799823309,116.09472560816639,152.4347064418473,258.5523842028221,204.7878667858384,186.87891231233365,86.7308571503678,133.93940426008848,226.1013890430562,192.13962154968317,145.2810490740569,176.7654414087584,120.34655426423426,140.56136123649733,240.8067624445312,8.327205645369965,123.88052432511401,167.50477783045093,197.462417229695,182.56105909552744,101.75862086810596
realization_538,132.1748888646882,159.7522793346076,127.85668829712544,140.97940116333857,172.94435740332713,61.88386165896987,94.53628498640383,145.75885535781973,181.1943151440251,198.9365338616569,205.67346005209035,254.996425167958,112.62526369724185,299.140381405338,96.35391887427203,280.3863790823452,69.95635643087907,73.90558020696635,145.50879776245253,134.58814193451536,89.42048264584832,160.7684903075293,196.90836586851788,154.88946552476835,101.16807998990812,137.42428380010418,145.49782713515506,286.0287028644011,147.0362960608793,160.1105241748039
realization_539,71.29516921583075,294.234957762984,46.50780118291367,137.8436751301727,140.89165888247354,223.37542677273134,198.9682355814352,172.80510356952738,201.36682385330167,177.95077751301602,94.97129913319378,97.38340138173635,299.31514677827147,105.48560708319465,98.94864182001453,149.68518931829814,141.45311611003712,103.61493968872563,20.074402539698994,214.74752286050156,104.88696646691933,137.67855069665717,61.20659616198656,9.786917080031586,88.19739860480914,203.07138445518603,261.0487703420876,152.80361186082132,130.7648672526935,105.39891843158733
realization_540,193.67696131613025,125.36223392979831,178.88507740667427,162.69645049772183,254.21751312257607,174.5115592491225,137.4174107192674,83.84746888971551,151.3812935490751,185.83968117074886,116.65253017128329,89.64396799511047,208.59824893478967,233.80689428681637,217.60589152990352,141.67409941254027,171.65896678117463,65.18391181521825,52.86694509462385,104.47371509683978,75.70671000228745,90.88813971129002,276.2950525018997,138.06882884163747,165.5871362667333,130.15283893310078,168.42803821274725,77.71685528081592,165.35066521160638,43.889735750779046
realization_541,240.93228134273232,200.13469363173655,86.87602356254128,300.4388759389083,177.580364759115,102.4177739090666,94.02848454383115,203.4141712929503,192.2476671050452,193.98685362086422,178.81990854926795,161.0938206245377,214.69694837563588,72.32140135282022,155.8707476073019,106.9505284067248,24.64504378852515,147.2993026524687,223.85903083902878,286.57099234165383,29.437078878844126,112.01326711119206,96.50442834604189,82.60149055079721,214.33706032772872,196.3524313335346,270.1245967654442,228.18397031453043,128.5135981568644,278.9699814845367
realization_542,86.51979511121517,110.19219566795053,117.35212680376932,119.69960342291112,166.15518396784083,194.68664894924785,127.90449585429496,109.05383740704949,138.899732267824,133.50363087518332,173.37876005879946,170.69952263578762,301.20746615695475,79.5509427845773,71.34792251050276,120.75775187757797,246.32860333254442,75.48349966769639,194.6293133153125,123.62228659225742,108.32248487221503,142.86352330234092,272.9891655559829,235.82219063312883,64.88263172553732,136.56078447894487,129.65266109273063,175.98354185625575,273.79978013887023,171.31150803084662
realization_543,122.67833518987966,182.04483678967506,103.56097804496851,238.86814331194208,306.12054594180967,72.52509167628016,153.415753723216,167.82083329754914,191.5011159577547,164.5969036316757,237.35380459309127,20.086579362009758,154.85363763225584,142.62826378327537,135.81341958299603,44.40005542470796,228.30357483500154,176.8595080918055,127.30936855973549,111.75519393483027,173.92365774114532,213.81226106343942,90.11611648901477,166.60687886560652,244.19383063715966,165.5248800619709,241.44199805452854,136.58473856962536,106.07381663323596,163.10570850352667
realization_544,177.88331466947704,123.46218242087774,157.61003898538496,186.65461829216733,236.4515238185183,195.73558632581663,278.2493123721807,96.33785011853749,197.52656902623366,244.30887620039007,78.37314387224816,145.05392655697483,158.48147321506514,87.30779409336947,79.30903345620374,207.13714514746385,167.85364684460478,269.5286988795726,306.9454203343342,133.5646714352852,103.76353857560866,138.2377565817276,114.2470028110033,209.51904109903913,81.56368691350052,125.50546525768607,215.29634027004596,129.73905937046374,73.98058291884178,60.585555549703656
realization_545,106.91616629043448,107.91833555232286,286.8582399686151,138.1581621154113,111.66707750932815,132.03971071655425,122.16795151987311,170.83071478333545,112.30534193813364,170.9183789225265,158.09382191640475,158.79950299121904,192.38458006584895,161.20744587764767,116.48607043317199,175.38065348403177,51.12377768626898,280.56961511094494,133.62795664480743,263.13915814380294,157.675223988185,71.21865158972277,189.57459438407213,268.00535461422703,217.25579331459414,66.31768353800082,5.204267604130578,166.86878497983508,250.20126113272755,137.2041459459804
realization_546,292.2119393796322,249.99531387157597,102.33227525524666,246.13856245006116,65.81067417664211,305.6450473879951,77.63715224634761,77.79208154480547,116.07587473459756,145.9515877125138,55.81079023236838,71.6884804905512,95.32974755635772,92.0497220116595,118.27349988822465,142.12182007403132,256.2081296076802,72.18461163336379,23.611724002762358,180.02981722421515,144.81358901411477,95.91922240560167,120.52712184740511,130.1395515530934,144.52826476554216,133.04489069419478,168.50825809065043,167.77926067916206,163.81405554068635,140.27788892933717
realization_547,118.00967482266934,128.96135168788513,228.71325500912315,75.65101412680963,167.20287849211041,192.62533863762104,213.21104147428179,195.05879151331425,169.02310292338336,171.46052888931803,162.5103077974041,118.74542944360614,235.19841217101606,171.92304119067273,191.11205191696882,264.42356438278557,123.53481434957139,114.65997166084276,159.83641312267736,212.99371496671876,130.92189112106158,296.21493841354464,39.26928198808851,61.59733818873394,111.62376443468271,139.52705064084992,138.51400118032691,164.24272529417803,124.11940325559526,247.12478368113398
realization_548,116.99193564632913,197.73621398314674,140.7022486366069,76.16009451322536,87.81193184991383,232.0031395262943,163.28910224722307,63.04340736621814,124.87336235529725,179.87239089429335,183.38704592186122,51.72411205234699,141.7922213988243,252.49465500867706,111.41330405016983,157.94165000371459,49.55229952491443,95.06141219511385,116.75777079247241,148.63621342218894,57.11747840314615,146.8269763993526,204.71325349837528,226.81185512256613,165.3136902136298,49.49831196526193,297.10659094547475,46.26243432715064,300.9185313553226,171.22656752147608
realization_549,124.7203501612366,168.9553330856861,34.85913217195264,220.1942679068717,138.39645674156296,90.58907050907669,101.51956456548812,145.36007255132048,75.60890197750899,122.03679874986749,105.20425346749198,106.40728705986217,201.68576356925578,192.63620002336393,58.329934996302285,158.4947765104711,140.202612852554,79.40721232013041,163.57367523216237,178.54273552973288,140.55968188383957,87.55140104040301,216.33618612820484,116.31898580034056,159.82945376263908,131.25326321186063,150.89366609652564,157.11939114185063,186.10698424991563,176.95486369814282
realization_550,106.7088989025074,115.37397853345112,99.01247957567006,249.49753158886597,282.29477794167633,244.09570970465592,165.22691291028923,231.70342519507636,288.66591736990887,164.4985463074647,171.0847764211848,288.2769932338259,298.86873477367226,125.43552489542552,149.33589787704204,141.70908454512997,125.10036250428051,299.00636493392483,120.69443231339493,35.8415141680456,242.24879150130383,75.0213449988299,153.82029876572255,240.7217789805712,97.57511704614333,50.70729427403503,134.33113289924015,96.33938842202133,184.72079517461015,153.363492189528
realization_551,141.34847119535974,106.25903529787978,180.02338224153388,146.40866293722465,140.79472013254096,217.45601034597567,142.22795877181045,149.8331477039622,191.59522266992806,298.78626928720274,149.3654151157865,215.46015193361825,149.71441852782763,241.40803974814236,66.42349856377079,80.75552532671469,199.42775811852857,163.200315600532,46.19760478517681,270.76777731464426,80.71800526217271,196.71114831701317,106.08540778181666,148.59005846129384,156.79281902140187,183.5775911418977,231.92473049202147,135.37079597559497,67.11802782070025,92.58803556108025
realization_552,43.804085338475716,132.04505341578354,224.59922128241175,309.6258997608668,191.1229984171111,258.34496655775064,166.29428498561026,174.0832098620621,224.42453190390574,175.45937615346318,129.2028882807686,144.1608188105983,103.69033638729044,170.46297053312253,148.29540640537698,55.512107040691546,282.69480412496534,129.53470215320178,109.92038596912724,282.9476044000123,131.22320872337755,154.83835393345498,146.08802514972345,165.12320537041055,117.74833881340365,213.6914411056064,176.31932071324877,153.11459234084504,126.45166394727998,177.29306296584116
realization_553,280.5146686517521,263.3396879604196,121.868086950387,123.97116614648228,175.3555468144164,61.833722151790994,171.12868909162916,106.9296896908834,92.80719365966037,97.91891018823685,200.58090377318842,155.98220152346948,103.47616224254077,226.48094584483067,195.1089301459416,163.6299845705208,94.65479401712163,188.42459050716909,185.19429731785357,90.26472505427907,119.0561068130505,250.21289901077617,11.89898906200898,145.28291816875742,119.19038514811645,145.18900000398912,14.161023270253573,233.74632630648063,190.3604477197188,189.18288449921903
realization_554,236.42363461983368,142.96164770548256,81.17530467120753,172.21227242704953,171.18185289279478,161.7032178308205,167.4894353995681,155.45755049523154,18.403943505096642,279.1452473809391,189.8409062419217,92.20484243288061,102.90469261504299,147.06362584491674,72.01774618020956,150.09066875879103,162.67933295252143,216.61157347131035,194.33425608137222,135.49835234874092,279.1653196070804,144.35457969171,133.87163553212545,97.75651940405481,103.55725847711909,116.3415466538438,90.59921412807279,153.48306231071672,104.02482718918404,121.46971007261735
realization_555,87.08466147730863,287.6651932702013,81.99003869872013,126.38592393079364,147.66096247891642,60.603250158564265,123.22087476615577,24.746625512903194,137.30250075699414,267.3479334305264,158.81908893170797,120.18179778247746,90.5801671179112,116.0399412111405,169.7390229048414,270.3823987052655,205.6991397401849,230.1155795518691,165.41600581033745,150.63319411619472,104.19255307693118,306.16829652298674,194.8132751790052,17.923561388899316,162.23927353379685,100.59610787476973,115.14545427933302,245.46862048408462,155.11679357452266,111.81118416733413
realization_556,284.64422595500173,211.69942668607987,167.1453223566602,188.51047941284855,228.6915021466487,203.27057799991678,47.905598078035865,249.74438379741528,194.34309001498403,288.82347928513747,230.46484225324934,206.13478763695713,74.03222310190048,255.00155830167847,141.93989805114654,112.29234377199151,89.6119467146319,95.20355112716422,32.51512148308968,115.99802360548796,63.954386663689235,92.13297487283872,63.66582986109182,133.97949665774888,265.4967839242609,248.32177520879995,153.5073134875347,212.91488532922264,40.57372235463882,212.83620590505583
realization_557,187.8556644730893,295.75442371076247,139.41603128494873,60.23661657167342,251.25035208529147,89.28555728059806,157.52048403907907,99.51099362401061,177.48013835233243,95.26002005240161,154.30594709160283,128.93685774212543,225.5692865938291,120.50153808643266,123.78518515939182,240.96869386679745,253.70170021284906,193.02346235960584,196.56243161366874,136.83511552004944,266.3982986193583,66.28635766300732,169.87401447962705,222.76457264986405,130.68216365869068,40.387324125194105,85.37870974522026,148.81741548562272,91.93870278607358,194.85700032386632
realization_558,157.31742183582455,264.6352677562254,153.88123101965022,145.61836274171424,247.2679211741563,257.04941436745685,102.79579166451607,80.08350548644013,172.49780061498308,65.50689228892594,180.8087827221001,202.470061402015,258.85725372761345,108.80505088959205,215.0576155636216,91.56464488129365,77.30078773986757,144.28482895313599,151.27592964127905,92.58740457930864,306.06361759198234,69.934030309373,131.67022749610135,237.44456533861216,128.18450822735332,114.12615120422751,91.41017559068064,155.73606745470912,93.37469908653085,162.8726577554046
realization_559,202.88012137513797,109.64714461410564,96.80836298765698,161.25890049953853,60.373244013351275,279.31373628737,84.13867859689041,224.19687485616043,134.47086141333213,192.62733142194207,255.96118203400334,78.09866576844395,166.93012797781893,153.07753851566176,122.20886853172733,124.66757702144459,182.8134826133177,153.35843529487272,125.05873260755668,169.19484164658024,92.37381681207052,125.66579162901841,91.56261134015895,83.95450719645933,206.89562488507204,180.0832317917596,120.90483185147771,107.92368967020796,161.53169714235793,207.83130083703978
realization_560,183.21230573659577,140.46974261051366,169.12942241426128,75.04130804817692,164.7271173028878,79.80453671036548,238.05726978278108,220.84971787713778,163.54533049233757,67.83728438176257,266.75553005655513,127.4752059126752,44.0363687443458,78.87033637921283,129.48264590802245,224.54781023719121,161.73977775850483,171.8566548289457,260.25066980652963,118.46400369810489,150.33102272676553,133.24452665795198,173.395699134665,97.18462073481523,133.00087930514175,181.09650808175581,93.6011339687802,190.34799154272963,166.8256571105868,152.46754376206744
realization_561,88.04687216677212,176.06967335653934,146.63996630930865,139.41348241454716,132.73448536416308,65.77632039893547,155.9743717930907,61.91794269509076,14.52886623473298,67.43799401066912,117.020102928287,200.85703603875143,69.37857055971219,109.26766634600908,134.79849927757243,151.83818684920504,193.47961497667026,113.74789185229487,152.9000265882261,72.34631865572727,219.05116286711802,86.07376919199616,287.92346812179665,247.10593117719475,110.19556813040771,112.19912579812787,180.49962179981793,126.3414208410774,139.91394783210197,278.3410092092824
realization_562,84.36795442717899,90.67642582247709,118.92553628943892,177.66202731065562,119.86325735435739,299.73892804827835,114.8672364504159,58.607411737784226,168.55455798373225,122.20441382191186,53.15744020795885,132.0733339591284,166.17887900334034,104.71428163465886,291.30460131971194,77.76669074422378,132.71559394769827,101.44055650758182,117.85562314531865,254.3218619547731,185.91257482481276,187.09131805529427,127.83979408100974,150.87876768290147,150.54520863961773,118.23784726727352,45.41193229975714,277.39729840792063,135.3402948428685,277.26953227702285
realization_563,104.027746076063,120.37265400044954,180.11602584050925,207.5947160727799,115.41669528290272,73.4773025180739,66.73768415395212,283.63812548186786,174.07446137522356,225.84039458575765,85.08154562202483,85.13544468571925,81.19485398643178,112.788822560488,124.74978243335849,25.613588409407257,255.58117622602094,60.29095938942092,96.26431081121332,259.6342596696218,306.15048168562333,118.50487396850797,187.85738319060647,151.4222267336055,176.8146679886255,113.69027083105871,98.23048152882751,170.45362416994945,179.8042361174452,234.9411423744565
realization_564,151.88491356482152,164.126291421695,92.29137475647373,137.5420202829756,166.6071939852564,122.44011966798487,165.55929682004808,240.56254550793568,162.42521387953977,76.38886249915097,266.1976910281571,164.9318791488888,125.99666604901674,153.43902910691838,296.96060454252057,188.08340668020628,158.5184450966305,155.5152504310794,121.13424702146744,130.45702280679134,96.7202494316574,187.2339087626324,225.69371649926484,203.99975095297657,177.20465903282926,75.87798839895741,271.42261023131186,205.43930984755895,164.1095631601673,179.23997718200118
realization_565,162.9907649542514,144.61474203378887,168.91948600565846,172.36258839407878,177.92164271499593,151.67973569584416,167.61369173299894,176.29556600705504,108.45503493471601,265.7159368335584,224.40155060539968,207.37110127856775,86.45519726170865,216.3999359796606,195.20901578868094,123.22454274250113,59.42089891480116,264.8025583675699,259.6704392015705,114.75760428282594,194.684914325675,305.91583317274643,111.31748534711934,172.3371282211875,200.48652167105607,150.77763820705584,288.9796540754198,175.83850476247184,119.66036111972376,103.86095527620947
realization_566,213.98606464476083,109.8326375226577,215.55480881168174,297.93032091208164,167.83446198689285,184.5044307546322,66.48827645977241,94.64462218578007,42.212586313072634,176.22348960952755,117.44183411059844,116.14480560795681,109.52330659832845,176.22324960291428,144.92658806145803,230.66073811547818,139.39321600483007,27.707508833461375,145.44205177246934,89.3870457152651,107.63123080299432,249.47359016005936,187.7260554968421,135.15568101527757,116.74323039602818,152.2879961174302,281.1479203438096,200.82771738462884,215.84338746731322,266.7029252692337
realization_567,126.85902051736066,171.71968009695308,127.35442954084056,216.45084236390846,89.74448473633271,267.78395467237556,96.06807844259671,163.80799795296184,78.63264029649568,182.19747161294802,233.97796118183624,158.70584967626675,150.93540720702768,154.7384364429655,146.5527389890046,126.97390360821203,53.17850826392862,93.46304955545284,105.45805364899817,68.97523174153272,113.59810695327344,26.760374895719195,144.96784942965024,215.85719077390502,186.0227978694376,161.32066314861768,39.20276174968447,118.74849091111058,107.04382173897075,154.3583010805987
realization_568,114.74698005333647,166.77291882409799,179.03857186970714,103.54385307157776,55.844518244570686,114.13455682700683,195.3289879578555,76.14956149608177,100.08819516196068,100.41490424630035,50.827058887698186,132.79236162616445,102.5471510875004,195.42372208568398,151.5340924395271,147.40455227529753,157.95376597238538,223.46805776895087,69.05728844390646,169.5568449064288,121.01078745130351,173.41416522173054,138.58346183413963,117.55376674867327,217.26585980882476,307.63357797220726,109.30415111995443,133.62416838925336,163.44562713984857,140.41026368202424
realization_569,189.1279736268505,100.17299299395972,138.7536157488741,182.52453620000162,104.38936221052127,141.22778795164265,158.34414234353451,243.1198647617499,109.2656848079785,94.68779329101827,122.6200068308142,53.69948692250289,179.83616630610297,278.30560268243926,81.63201060230949,147.49163234265154,26.432289743700352,286.7029360216595,78.31163739983893,97.2081521510708,83.6714546937941,156.2004742378563,267.17624631222645,113.62502157686642,131.84573564384186,136.41316289562351,230.49332711735636,122.35938389999731,122.79510723071816,106.83920430411186
realization_570,120.23744082918637,82.47159371177652,211.4337970759485,108.00726118941937,64.88685930005852,172.2651176968701,207.78780547498866,35.88176369728254,181.19523817670802,215.22915789802556,160.10861184734577,215.6667856160401,165.6951807895885,174.43317348414897,94.70688403625928,117.67428864729924,127.48323557104146,57.26116065725584,13.856521761527631,245.75558464725592,131.35693694580493,309.0589224721185,156.82765299634212,197.50377370675156,77.00979103665591,126.01276608646303,117.78809648721555,277.958297773532,92.84744420993023,101.83385600087544
realization_571,125.46202680767793,240.4264238451391,155.92471249551969,126.21362762044326,174.87114218652084,111.64124836752248,124.12491591442416,177.97321947193245,190.02888260109364,92.36801309730906,181.4236749635093,163.7525533779782,188.37035229810886,127.42581343252598,146.9930243749106,140.75886409169257,114.17879105357842,90.89104562575648,102.33661701951809,99.61636006891243,139.29258969165187,168.12250062675758,221.7122719219285,144.8482060900839,183.41040273224468,190.3267663019703,112.43345250234341,116.60572124731175,230.6006790934538,95.06248285716416
realization_572,226.94656609802576,168.11448873453668,85.55949437997076,201.8751841336602,156.94284589266397,145.82070048682982,145.7806827963932,183.32782057159426,55.58369601404398,127.58166930559916,215.7734686125859,189.55776374949744,274.8068161894435,110.5139136655157,142.41531771093196,104.64914641893411,114.65419908518928,175.00879538486373,32.993437058387606,144.7949341725295,77.97371414399908,170.06319694002585,85.92257029321556,56.12823585977368,90.20719161056043,178.22287693099014,125.57182894314187,94.85547756297339,307.64847002048316,112.0462494509938
realization_573,82.96590672823027,163.0941314805921,121.72207276738195,182.5272153904391,144.32113423099852,109.77533181784179,114.55992427478432,297.2598385504076,146.99747850845426,244.6653190362151,42.41877985868983,152.5114310790296,279.97755217532966,196.29775459487013,96.48813698175063,133.95446490669187,108.96255231691678,215.60817861034613,305.7269588581341,118.29748623483731,90.83666507182663,82.59709841973117,39.58694077708232,130.45970002629434,173.7855912990715,170.40774573527122,159.90833189649177,95.38756709362605,79.10045897915667,137.38427271420244
realization_574,145.68265010524158,153.55490500173852,118.22168761394185,158.62153426141404,125.04615543213009,169.30847567035994,75.19612419135132,266.1418721249054,285.61881304536,85.75369077241211,202.73334089645246,42.466738133350795,185.1441738291947,187.50442973506907,137.54145848071502,109.059750512309,87.26371852113604,123.50928739348804,190.09060973844,230.77796847060222,84.26358673356297,175.16507893909872,144.69288675458273,38.09136855728018,50.43452732657824,185.81403214449733,129.47340417845413,276.2088258529118,150.01721525813446,154.03146077055044
realization_575,108.72344611392758,173.4934241270974,102.71594400156675,234.5479140154628,129.18357044478788,157.10889473003058,200.0851751112013,177.62778846946807,138.598010595941,239.1373471886847,149.37704958136317,224.47587775012144,176.6559123170166,133.96157331561238,166.4701021323679,198.5965773371984,192.52398434297808,152.38101359621072,166.55723140467256,152.0008300532419,57.96539292680328,176.38851521060138,115.63452309858869,145.7972538689551,206.52705058365152,148.99823172217648,195.4718067730331,154.13791045090022,127.69070388081377,72.00723521397398
realization_576,230.12167956536757,94.86159254289788,154.502990539641,290.6360561211594,103.6739532202896,139.64205539089122,98.20131847260176,145.39427861334025,263.7179620167946,33.929286241047286,134.41230332424965,150.3756309513114,124.82077034862836,212.15873251729138,257.9671585464721,172.61036845304554,3.773186330513724,250.8079550495665,33.60032135895059,227.8205800808434,127.77340206841276,124.6543310914767,171.76289801941505,274.58125518463567,83.37072828148835,171.54055487206776,60.6799325516385,139.57048175425257,191.09553779992854,227.55368667051644
realization_577,235.7840506907537,172.48065766583397,137.4565840331786,132.50028196410315,223.80490000777408,303.5448458323862,120.37097195719977,106.69900791040094,81.97510018195516,147.88164960211324,129.46823351393158,106.41757712413994,99.57781062546061,211.0458888331103,179.46249539368156,55.11316301995603,92.30729740778567,122.42168668989555,142.84718758843772,6.348473489052594,79.4160313935987,96.20096798000839,129.8373239783796,100.7020517151173,175.00633143348125,221.48173908259804,110.8523733474839,113.08068432129048,131.0742625245657,90.72289388037584
realization_578,125.97566096446629,254.99951430672274,81.85212280705798,108.33224039451764,198.39774985394516,177.8467316337689,282.23410464745353,206.0541914066093,172.50920247745114,238.94466892043678,153.48008026432635,140.79483167144033,135.2928026235809,122.9547268133537,224.6217039097324,271.18933010941805,36.584161809312704,180.37887197170147,103.89297483867736,230.32228098144543,121.66107519175003,101.28778214756935,135.55165388709517,204.06513320805985,139.92551416927978,181.92080300292855,83.9997077767375,301.6241076380285,167.50406215583905,87.95500150381228
realization_579,128.4897487508897,233.31272278430149,136.6205940629432,125.77284636230273,122.97158208978273,138.07180219435924,191.5715547069812,198.60594335565747,141.43992120680434,77.51985753407742,274.7203089941063,81.36665577614298,135.58721002030327,210.1960371436901,293.59961639328606,125.10076890936712,179.61058328462713,154.14369811157903,101.23866779423791,207.01738224580086,139.7638996562501,63.268814920301566,165.41111067500802,178.66594555774876,118.6875735762682,162.2396859569777,165.53662734998622,168.46267786168352,69.34014996927674,18.944338013779536
realization_580,162.47941004303374,68.43809352477743,125.68327520623768,143.96229283317595,153.91412755079986,117.83273772442811,154.7741313092659,258.61478185869794,176.43436435303488,157.64270189533636,77.06747306144892,200.67240752413346,148.2398234620945,150.14826295294145,114.69045428010136,204.71311151252968,43.32843085142365,126.9889053127759,197.04840383148928,110.284094099362,266.7613740497474,269.0077132534508,220.26644330516007,115.38598046976739,120.46460415062491,186.42579375957732,93.57095393090496,100.19500514450158,80.92390441971851,32.462028828257765
realization_581,92.90978684187384,154.7418981636464,160.48817627336445,277.2392624904619,306.6330553374363,95.48032389479206,133.5875599784577,163.02896864535865,119.80964558516749,156.26093318346307,156.52963335354664,105.95835367226432,83.83330302327843,187.19932807224882,86.83005548078418,163.6522004192047,232.3012941774141,56.214181520304464,297.5585459655283,85.18214770349994,208.34630051290398,269.3467753158617,113.48510374149785,119.37696253212823,168.54708436021667,187.2515763395371,144.99856589925722,149.7583755911013,50.03816973906079,233.21754993062595
realization_582,159.35382026269798,173.15595916077805,75.56257583456926,289.8053989257975,226.62722462443014,169.4922096289119,174.48977034677273,194.02793415683865,75.98678197701302,179.01397649128333,142.08405964477507,130.77184908776934,27.496195914438665,110.5720528720135,71.3404506001753,159.04978263516756,139.11277004933996,77.93324524127509,197.22175982146152,123.6424855991909,91.22750301280169,156.57833971040668,215.50655763444433,79.67366421998288,292.33564758232853,183.93827149754364,204.28210592633476,113.1269562520462,242.72200054454507,215.23306284218162
realization_583,47.16304178055786,123.84768232409948,163.90254111990424,207.82829907367886,98.3053462907545,194.8433543693807,198.55766042180448,48.81040026196271,82.24594412475578,73.83978678810335,92.35450864840465,158.81180556985404,116.71712721206278,62.89728881947728,82.07628271060489,136.67381491613335,305.2219813020391,307.46322586398367,258.52880191418456,67.10922505026193,66.61744072106903,186.38746579220742,178.95261716066403,123.68398251798654,207.68542178303792,82.70253544490869,274.9185536961936,128.23191983589598,169.41687841873642,96.13027468915278
realization_584,168.3922695367794,198.73770671887206,124.25778273970924,108.49441960335412,153.11019415115916,132.19518366694814,164.23962870570404,75.62732069077919,90.54870866325983,96.68619824795564,74.44250119962942,99.13010403409942,309.2036163908604,82.89802190998935,94.37131795217462,186.01106744302922,222.43463080803573,49.52100685628849,83.83691167828874,210.66841431458138,104.33891990694858,295.3865724644936,114.10723425851153,70.70439093211269,99.85913139462072,282.01711888051625,117.39392594996252,156.20163014617955,122.51377585335936,70.45742988713297
realization_585,91.16667193066871,140.5744235125065,135.97427302269048,111.95340343509645,62.95064864578186,51.02914049770868,108.28713516363229,244.3665209055905,295.41143027507286,157.044551763344,163.53154113166002,136.2213123847126,138.72328302251924,146.28670157682882,309.60427323664163,148.63669356916128,137.8931624405701,217.23459469907135,56.45119364506624,208.21535711896485,212.16995727811008,136.69755219034525,300.08421666109547,123.81930584746472,157.33347743637327,293.00838724525096,128.7014772782327,150.57816640676577,159.23428926617834,203.32151351580302
realization_586,133.55037945575486,110.82009338044463,170.31199767537402,120.91548613407147,105.84832482813991,162.71244951074698,28.69345681269464,126.61851010615948,208.7654862315219,77.46994815073,305.7012765613332,143.93645015963463,118.99038301747491,173.45145944414708,234.94598141749302,211.55793951610303,93.69726119016424,117.122183010422,145.2484027858987,143.96148514583632,217.0540296462994,120.87428929391444,223.44679999632174,211.1016951081377,103.33212515648643,232.0391306998693,159.67886020249867,189.7820325336573,120.69604976438924,175.95916945945777
realization_587,255.70086680964667,236.54812016454525,111.87061865230687,162.07044477011175,174.62266349217853,245.22021119725804,80.10518961444424,72.9151261974881,276.2403827259622,99.66078110916045,161.47236984602702,149.91496802293096,173.61868404227147,87.83401861307559,153.76224613843172,169.13418174207047,122.9596873456472,289.2323463904318,38.297404211610825,260.39395899483964,245.62284407031228,103.33526667549594,166.61181256672876,86.46211915641318,180.17172307927032,214.15034964204062,169.57142187492283,226.81203144352673,172.32988624514869,133.48096635022583
realization_588,75.43125257218337,238.66087327986247,182.05427825439457,117.35760021380955,219.17417956935776,112.8577399202863,283.1086353912754,45.83199348881858,183.64055523933717,72.33994267358321,197.87145920355397,174.12190048686224,156.13791212939807,84.797918187927,108.54851296842585,77.86475754940885,105.36831207012206,170.78043072059273,147.4377115364682,100.60549941017172,165.86531666282866,116.99865596579099,135.06700767679203,207.8556543323898,121.72587625506213,245.0612041458876,88.77237079663408,90.11539482024483,227.4620849328915,78.88784186354691
realization_589,96.43913621002025,102.5955269334242,105.21292653005953,130.86432218508224,153.5400100252482,266.40874628625784,236.0621066306466,102.35193272815488,59.84316998909648,50.24302063378054,248.65016175668967,130.78100934039765,216.224980658221,288.6480012516168,165.9342444264941,187.5180712780417,210.2758961105326,133.25482944079988,100.83421567154394,91.87961363390762,146.09835079416038,232.44633977181945,85.06706610568912,234.32069338973906,178.30486800389616,239.19661417539783,54.66260776248586,167.13657355451048,125.80256360249592,157.09600145120916
realization_590,98.52210980595345,257.5904273671008,188.32814691480542,88.22508682834903,295.05878120311917,235.06867904523855,100.42484784642237,227.1880836751635,88.03640043778033,120.36002527057161,173.19508493021368,80.02502215064482,179.03219947595446,306.0727667123812,131.93811222122156,112.0153937048041,103.6740658067874,107.15481132205899,151.1600142414619,89.28022531867487,55.0724345260319,117.62480430928223,110.00513521361489,70.11912750274038,118.84665513485339,125.24693010338001,59.628740818131305,231.46034095105526,94.35467445083968,138.7908935867864
realization_591,167.8332743331913,156.08353183284277,193.13945358784588,99.79127590911163,75.19422262488192,122.73333072059054,168.68350820754168,155.17364300691975,171.62520707533628,105.31206859020644,114.0298276688147,90.85948933069814,86.78002033408195,170.91319615302282,117.33494662234345,143.44824589815408,134.44665425296012,225.6948398688688,122.76731630937999,305.9193010307308,107.80149190838624,190.3134192651052,181.5817663091399,209.51082959464392,211.04912641650552,62.07905158961335,142.13294077541244,183.0756071567671,178.845528180106,166.93689049086854
realization_592,230.16637925827493,55.71568348495095,284.4463691391404,170.4260891260039,136.6685056308556,301.7655099802603,77.50332005550244,110.7574503367675,131.2817076588882,116.64039077056312,134.5407109111954,76.3551536502543,138.58084866390627,174.96958879563977,125.1859998873416,136.54716694583723,274.561480389312,64.82604048455886,55.24225742337368,80.31197626653307,301.88428954839134,242.10311681588433,245.33560016218058,176.42799741631774,156.60813662191947,66.9199010701349,14.855884183658759,161.62685786563526,299.74543338295047,160.18998997415434
realization_593,138.38688614191386,190.0028589866378,95.57014093249794,97.4974894891765,190.42689663141823,206.35530449092477,226.67120242141672,155.32973043673152,204.0144832264807,140.38732876918144,246.14620296966996,254.0754974614445,128.93582283538356,116.06710024298141,288.68887394784247,139.15267362473836,81.77535934607597,65.85522235870195,146.56634413306594,250.3991556855703,182.40409441323948,82.98777902218264,205.5141567798518,75.45522874942202,170.45092566006468,115.93011041803072,115.67408472051883,154.12852262255262,98.42811919321315,222.1465053093034
realization_594,138.132938195924,64.15817549529794,148.46779780889923,147.41921552115153,81.17822014955642,114.79524184610962,48.818945514700744,68.93913935888905,262.48988075270876,105.63564883021164,278.0786949148559,159.4730292432456,156.7187323162377,83.45421002578763,100.46398968817255,129.87733908406116,124.11453929070106,106.71190913680628,169.4037542982577,91.7054139578524,196.47041647153276,86.29042721954787,143.9934599507575,90.59325358023577,88.88390359561528,217.58424397125526,66.31990698938478,146.42623540237818,170.7211184173126,147.5908111012557
realization_595,212.79018403019325,307.1952552136163,186.62276798514645,170.97746862785817,77.35156343656344,140.9579181315572,292.5795361947323,174.32788164231084,150.69686015125203,140.64021547192084,217.2599353403217,121.9368378918183,73.48228003711536,160.94616616235433,122.7023115717919,147.712055961229,185.9236875520428,209.80216529516883,74.73628771491246,138.04896131817802,77.9574238799354,293.18321163268394,156.8856252139651,136.77043793651777,123.94499583964856,122.34563868723862,135.43307541749496,221.2792146705238,65.72165372155149,103.04692759969231
realization_596,45.97786851321124,296.4784244669175,161.68935906697166,139.47539959344033,62.77844323282264,306.17565390503205,179.30737749149228,305.31154174585373,71.78860504916432,175.0910309586747,165.42932509809577,55.3368630270935,168.42474261715634,186.87545777112666,198.46716786060585,252.72219467585305,236.33538299978568,153.25371705394997,89.49397594265452,112.06669203335078,87.28848809168387,179.1826675723116,225.11476536681877,82.33906605717786,22.17881214280156,79.38184531286335,90.7585886750408,63.39962134995086,104.04997871433912,150.9555850025264
realization_597,297.0639324082802,113.92518942205277,176.1499863416636,196.4461715006699,48.88151817347834,156.86314358136875,60.92291903503707,185.99355620983854,257.78981836332315,72.11253498503915,244.20176344552198,199.6819231477786,127.70231012903693,96.24543594683512,307.86548833165983,98.27691537062911,236.26851219259572,74.22076052529624,124.32105073243785,206.3552735665452,159.37922543889914,74.1970936093705,256.0955563743403,106.14098448616865,77.02797104766324,122.91953743068333,83.3317692276653,119.06414497341744,102.02262600344844,170.58661669600775
realization_598,26.93862483457771,99.61826210194408,216.67161931978924,174.8380660201142,294.8669464799826,218.69901433404587,171.63642001030541,99.3065251557279,81.74143711947954,164.54744379870397,152.74403929571068,78.5627078594847,164.48094787652101,184.68978973237023,80.96780503625811,274.59139323386285,142.17344879419508,159.01363402613896,145.93208845823852,247.83101891934209,163.65506323500927,177.02640984554125,153.22391342855565,137.0898070675119,145.05861031768166,114.27371739672104,307.141276656933,303.4019600901552,179.507278780852,163.97499897611505
realization_599,58.671170445657886,272.0780790786451,138.57112973481964,105.80105239208693,196.56169041892574,116.69357513693413,307.2489822207366,253.0457070189982,82.4721550937833,156.12571970456435,118.47065446185408,75.61254723176916,120.71768031817024,131.8603460849802,128.66069179662819,281.58218702136935,137.63400116410548,296.4510722669343,115.58220164617785,137.88967798103607,189.71370685844448,301.946706943,110.86541462533424,163.93368285379384,168.90475362857507,121.07257605448923,117.54931115382965,148.56667706297102,177.26989146079512,105.01674684082684
realization_600,92.1831523738949,136.1717051186091,144.30303215789476,217.13094506339422,181.39841305043586,114.57437446668331,124.32184213049733,57.27131048797282,293.7835103203268,117.91926323002886,157.47931981765694,294.29781896020506,68.81904381397652,68.62402453750448,77.6687539967964,72.59192964379714,196.97205789597862,157.31759793251553,54.81328178163287,93.49876923007773,197.95991389268366,93.65369398477927,260.9246863813729,131.60793526995135,176.33439406469736,188.51202201786774,227.20095165943502,240.0896184580193,264.1027966570509,206.68612714215942
realization_601,173.04132302684286,287.18733564682464,149.85782649902575,164.71338680986412,78.82614509962889,225.85348292175735,96.68759063702097,127.32859148172122,190.57078852244484,121.91115949317435,139.6058518254688,98.81925162871507,303.90278945423194,122.45998881686273,122.71655417831573,135.60100978220737,237.9163269037614,144.94747376304747,54.42514624958965,162.70177873762526,62.62390809551593,155.30924431322813,223.08825744783198,188.51184066527287,94.95120367173087,68.02325976266769,92.88468355107935,145.58860728160687,44.58903292210125,163.36060887158493
realization_602,100.13509576466754,267.9341462569019,124.75282034098453,153.08007826214578,138.98079904892245,138.98082788290503,170.5675060146223,181.26879971482532,60.37691395011801,49.817464454542176,35.16938058634012,35.305942640277834,77.78744092939426,177.67888998502906,222.71263725452314,240.79508737616214,271.67170897975836,279.40335970518674,74.16481345947237,133.6237996947122,181.80318476009418,212.10657160794304,156.60103972839335,110.06735145300294,84.74830915877865,78.49643073613349,139.57629869509256,184.44677750739615,126.68080296277482,85.91586283067058
realization_603,173.57059863714377,151.19311046560264,171.8672002173036,127.79360410296462,302.70702304910964,141.25467498472676,56.73443851591341,111.46589792154295,309.40622809769786,80.88335338676981,38.847953379973646,37.21514999196247,108.9923457122719,219.17659820132008,93.64246735759112,145.44674961945742,125.49972159172822,72.52224558361547,241.90737753375515,40.958269751623135,203.37599959501648,103.22818446560547,242.31890619159037,256.084846953901,48.08154754167445,304.9658555798012,90.75487400666854,289.00023634358615,155.56732116002647,186.75569827800626
realization_604,176.52272100775437,203.92276025990967,140.07889396302284,73.02470761400976,148.6526481259629,147.42422775201211,266.78825571031246,188.7822242800985,236.74656775123051,178.97513667404755,232.14718607758266,176.6325737421713,229.11804973582224,120.08120358781767,181.62518232471467,277.181340668792,88.26963778373069,133.21131184927881,235.34920574009337,45.24270160389395,37.499902527164934,93.50696701011243,149.03800718484442,170.49262268976958,191.44993229965328,145.29785708452317,125.20528340017479,180.90236556220793,184.23269350399758,150.01897286362836
realization_605,61.01966903946088,220.74324187586092,146.3471918304292,12.15685218886901,123.46916180640542,146.33101624285825,62.012244228032344,217.83574755787907,135.97699435885193,129.7033178179205,178.6681081548026,91.1358042916721,62.08278388025962,213.3824583975369,180.43316878252057,133.18109938671688,169.74092964331138,97.33778292924887,146.9782248654479,182.2721632554458,96.85306963429616,194.77612419630992,211.37995527065613,174.5468117969546,8.324068119502272,92.8037342287248,149.00507468531782,118.38859788641884,129.12666296731837,135.43566780081528
realization_606,141.17643037883644,193.3173218699922,127.96120602984423,96.7313625917015,242.00201789423795,234.56218853371598,236.95948891796294,167.35787804922958,195.04039769198158,135.27595608239645,105.04766589021388,216.4158067597805,212.38507016695257,255.11073471883114,243.87436336358874,295.4745987719478,270.7154631119631,237.85429669582481,240.75034380826636,294.0404380172638,145.35767582937407,70.29130765771558,114.81281938053688,34.53291277469296,112.15876564913883,90.36875493018735,284.8122759080426,145.81441280166655,175.0054940401051,88.48039354562839
realization_607,146.87734068489354,165.1534154338707,295.2387105846284,168.5893090855052,160.8577912109566,96.34924127295037,107.0987449132401,134.38273771665592,215.2691419411479,174.27054051398744,272.4772659343158,31.79281787508966,242.1152079982822,129.69405513259395,103.01256486804918,217.82699455291288,59.244854974020896,218.82334017378437,66.09072563429969,145.8605454744302,82.69853081160947,91.83761147200956,95.99371047622672,150.32214077932207,228.31629432293528,153.41017947926866,205.70675338032365,146.43003752796233,201.29502793826865,100.08383666497349
realization_608,134.76838184982927,43.45268933562414,187.4142503840353,48.588243862138384,20.54473751786432,228.3632718159383,132.8610536974315,70.0659769122551,69.87606734829927,111.43184119114308,228.45636265511985,168.74523531370613,173.69566318428042,227.1916848713842,208.3159432112365,148.63330998065982,193.57132730792893,62.603707427002064,117.3320538266965,143.9647481895972,142.79065879482565,126.97631455406706,156.8165821491064,147.93920205878345,188.3840586078025,141.63574234693135,181.31276331721546,139.76828268756225,190.0841861158901,107.02906313446788
realization_609,122.56915655068343,103.15916911561277,121.75972863787058,90.71283027724388,145.54921689537764,195.74312701322046,98.6212467645589,74.46366802835765,61.856186300226305,125.30655185290354,263.80316196057476,163.7140093394965,154.32091750983184,156.57514968065627,111.16020361311297,199.0995185981685,200.48361796357247,71.06442097743164,119.74994253524943,240.9365336135001,159.80308217204202,71.27074608207414,186.61998986245362,134.75712220261016,55.389619854385444,65.19569347586022,173.70162997859728,129.3226194330394,177.92085848761522,121.57046251302894
realization_610,296.5914617832185,108.22774046065624,158.9091457229937,118.37405619237055,301.1491770361977,171.0530882832401,42.89169763262716,143.3558685773473,87.39173257995961,251.88650011698846,21.268597685196937,127.96823678407594,125.49843949968154,148.92789154395436,125.34504224364602,122.58423638634156,139.68881532176687,223.86398288998845,244.65190758289646,26.825620533949447,265.861308132595,206.08075680646192,159.01440132607968,88.47244842752926,309.59379109390926,298.44413817916427,115.17488840591821,67.12585756695894,63.00295818806489,298.6553628771819
realization_611,134.75930765332907,225.27852083392537,291.00767921126305,69.7083949895715,240.42182932791195,138.88688517902932,231.9343956234549,91.16681876719386,235.90625593393293,117.15510950908715,129.50321813425055,70.15842098999286,81.90272521105288,159.9010961447382,289.77307871059645,66.11608414265669,163.7926041006566,66.84633264290281,77.15008882170756,150.2011529862589,73.71488808514246,218.44211878241376,298.10150194986585,137.7947475330783,83.82625511331743,107.46168280966269,249.66731831745852,170.59168161854683,122.2871088584453,200.00376263555702
realization_612,191.86506557112557,102.71360029942326,141.38089256345992,151.55139039344317,101.13069491289671,103.56514133951832,204.9969095830918,95.27870476745,157.70349642760254,161.98760764368157,155.7107405468466,122.72840929700237,76.00812615389269,84.35969579715334,108.32599855868875,94.02355025594248,150.1257517052436,198.46381948557885,221.56681736552508,116.69060045184366,275.289550494524,141.04402580234503,266.5619343459324,207.68292590687957,142.27749113138916,85.1382787272216,277.97303445296166,225.93615265545847,168.21848792091524,147.63196365783966
realization_613,273.99677975570626,168.52940833747687,119.18595291652056,216.0935320487186,195.4295486007944,296.3912526279286,97.59174612883672,132.19127486445456,112.59376031861878,83.58346777615927,87.7119091185082,210.53050574103412,181.91109217978803,95.51733985437951,112.97528021576392,155.69822239448652,165.95160693007935,195.92955212369012,150.3156644146329,142.48910070785618,126.90512246578048,67.36114657802887,147.80935351281937,131.2079023566008,73.02693749530047,182.42979306823867,117.22281508789753,94.19931355381898,250.92532059272241,119.76349850093163
realization_614,183.28352230504325,127.74669773092197,119.36563348912048,116.30161433475084,132.7144970663789,123.16585623604882,116.65573643239452,146.87787196829,85.9687889606624,125.17820651510388,153.8861572869063,149.94097884212974,55.54245252082534,237.48356361946674,63.4026579835441,157.80088259841781,134.90426440118546,119.2832671400001,91.66029763281172,162.58384256951268,157.51099005516397,121.36863365971185,61.96154773320695,83.67723196295474,147.4142700360457,52.24262806914905,190.0404250679948,97.21436748637504,232.48268109940045,159.81278143158693
realization_615,149.12765036951012,166.25372232610974,63.633256562206576,120.25246757718318,103.14799896770542,208.33295905853493,156.2866963765934,87.00169994814824,130.64772397002804,129.00280986553804,133.57149066100945,172.72741913040673,81.05926974734537,77.39093852536311,88.40081963176578,36.618301447630174,24.487877206180222,93.17898851715056,236.8242891570937,97.8684945349151,87.06749870248811,173.68145125011355,115.51742706436843,166.84743252119344,114.05727565358838,160.26983647022553,181.11323177170325,127.18208937863484,148.02476902379973,306.99741133049014
realization_616,134.04742481759592,148.80137130134096,103.09477411405938,197.7291795949178,100.69768417084721,95.18781178197939,169.15890237601633,262.53067578908315,255.41611623136174,168.75861117642728,111.28886347314402,228.71670658323617,144.49484303706873,168.65799034492224,135.6350332739468,98.59560787576319,234.6639240805045,227.98293981513777,119.70805711313277,113.93151523530236,197.89227025896238,131.31689441024733,126.04815993051216,84.67616766005716,131.77312136083958,205.67966598857234,172.0386861663577,124.45693087199861,143.27417417536162,64.96540800064516
realization_617,186.83679529920224,112.08895301369085,136.5642561806727,144.01081441336896,289.1963025206146,74.6981167708353,272.29833104206256,195.78511687458686,289.9960415429361,106.07701222878094,127.83579444035794,79.78836152954975,59.97975325975071,218.13553391534506,218.61207774137253,165.6891029658313,107.76420691662871,102.83119661510995,104.72683055360682,132.76820122139952,70.06929022525502,175.26673563655197,131.28475004259985,118.64503742262553,175.33944963178828,275.87777086377815,263.94369094292693,193.33080429494913,93.58962225395524,122.84035620453632
realization_618,257.2736643733175,178.20567198773847,109.5437341554431,277.3263253780582,308.9260535187847,156.94735730344246,66.65147970209836,116.58125327222774,203.81423018959347,129.097474850574,75.18212617105667,184.27756134282103,116.66983337978564,106.78170501270341,132.54300682884846,4.265062875570351,136.68797790244125,286.36441706081274,121.795705863816,140.54767859615293,108.44793195359249,200.4342403933083,124.81334744706652,43.58880233334318,235.98606787332096,123.94705830268177,284.6980792874051,145.95145520339668,215.21629498720776,107.31320648731472
realization_619,144.51912156965017,155.10150132814857,22.773868517458382,144.36550408889028,75.06851083910246,101.71100401160079,90.58655853742906,73.78749069676829,290.573486198546,251.5514141297096,116.78549629020925,115.28979363268985,17.8962674543847,237.31911530131174,248.49472413969397,92.52216136154249,270.31204515928073,118.5083212215053,199.76587449024825,228.94386102106455,145.84842760552502,127.90993766039546,110.18683911083023,189.32880816663626,257.87401269982007,189.54633669384725,110.97568964582223,36.81615803439781,171.20038294749946,219.56515581677772
realization_620,207.07779487179988,98.20950664054469,188.78829002150349,108.21271152505524,157.43310030025606,153.13624063188493,60.53420854352895,92.1939535841812,130.74784418604827,216.95848145967796,195.19100699807376,4.8157195006254625,73.8585240297474,265.96109784080795,130.1668591391432,122.07819410696798,270.57675634090936,214.91768084297527,195.1606919041685,48.72746547343074,139.52323272680684,63.02323964890993,227.26318518664473,110.16497958601298,65.80712905738136,112.16822291967696,231.5569423534678,157.3630634052682,196.49255166557896,308.0809984173553
realization_621,116.53223765710018,134.99348583179787,73.97937596898878,189.05157623555868,95.39937521635986,80.39954587026901,305.7655613924888,296.099328557923,127.20690953953715,124.0665603866931,228.26143959388162,218.47192382644852,139.79049106877085,69.86242311627603,302.20646321865036,171.30822372428779,170.85317373876936,119.76442363833402,201.95977402917515,84.08834922927996,63.991965471281894,86.08710141899033,243.85817008505353,301.1407628343906,196.4873513351711,72.3785085600047,179.05780223549732,84.23343786094884,69.17189745535947,157.4669835987068
realization_622,116.8144495377912,121.86750378678673,200.18243264921304,129.98968934363822,59.22793020337839,291.3430439427461,130.53178985474307,140.65486486078578,299.4966218125739,74.59075904055415,41.8104513786836,201.16351913604802,173.0864635499997,152.96897381175975,102.80124414267469,150.6972860617315,173.56962497925568,95.1550002729663,71.10063164929275,200.42850881422697,130.3113279624718,163.81556152359786,182.22680693763425,164.1179130229673,78.3993352558926,98.44987650314462,118.59323525379884,154.17023224224698,209.44632977048127,160.1852034470075
realization_623,51.84408519638089,226.24564750849768,260.68261058197504,189.41202896707887,187.60490398374154,95.61745456973027,119.2771048727758,277.15790350870014,124.5541778178204,156.82485005904044,263.3648229954349,166.42245954465238,140.28896642268927,245.9971711000183,117.65220602637851,199.92178800721047,181.41841751383683,115.01771148713019,203.15331785179433,138.9640237565573,192.30809903328804,159.9505447828861,268.11558149083385,112.47777296116233,106.39411276397834,98.14407520254426,182.7399708437885,304.61842579773315,268.39284938262915,192.98634632702615
realization_624,102.8519148864816,124.93607360760376,103.73925747080531,238.2921961789633,214.52910778520416,144.85543186110715,136.11288577339192,218.5914716917695,249.03331148069762,135.70905315908803,255.6599132017207,195.31167406242525,111.64189410803118,159.2829929530385,119.585966990419,174.2168476473342,152.46389157894365,78.4339212811113,115.30260820075902,134.82867081253573,176.99106260825513,81.69481067476809,135.41876865010028,87.44783238743628,106.79321454975789,194.7821045220567,103.86004990062388,143.02518068884166,117.34547337698916,169.42376983430972
realization_625,222.9538580147522,94.25835977560958,93.33987677098708,135.0959950377185,12.411286702623698,239.08598725487693,186.51493174552377,124.39324090050006,288.60481926225856,171.74114567510455,281.3374232767764,218.99017160846472,101.34003944100026,168.89766633181938,192.2359450962542,128.18779622904154,108.36429286551015,125.65713624626989,107.15147859112363,101.93256694015417,107.51042532280728,109.92067151361694,136.30917806722638,121.27986038058006,136.1197193575633,180.9584493445081,98.2345871183442,147.4067086385764,190.09020032939483,96.66586604329878
realization_626,89.82731089103723,298.7189085977854,102.18314512858916,295.2851104686363,20.636045274957205,171.3308139764152,58.46415693008931,278.1120485070115,113.31988145164166,53.912852195960824,210.30960958008458,111.92425283192429,163.21836005050594,184.18959397031963,165.71292235879397,167.6512388911451,210.52292280220595,147.1938177263493,243.17862899585566,144.53935225496843,80.7209207793641,106.59419247273962,16.958986335958528,173.6924385148363,185.65860195191513,258.6252489920955,202.75815781611934,123.51603288965758,68.4970521119233,87.5808416709289
realization_627,191.57740405040116,95.60681603029,159.53965995182494,135.5454568576216,158.4322919050709,86.61174762455128,130.53007525395228,135.52835210785736,97.07268794621675,113.29105952121587,297.013473356644,160.0337235507075,117.60566861419952,144.35071546414719,155.27949512851393,99.39896242745584,29.309296196654287,179.02277853934064,66.14506034316247,184.68248751073978,70.63652650604621,150.86783086704503,156.86450352240652,204.5775973401078,162.00052278227773,124.54460366065594,103.48705678244708,107.41653820329543,74.65513877655121,84.37946514113074
realization_628,74.72902486850671,85.5801548894125,225.00191655938065,135.75067331090898,167.61311080766953,85.52928029185242,90.4683159225256,185.75090984643768,101.02881360558568,164.74739394463688,196.6550158129853,122.50716955394589,215.2168360580441,136.88162782263697,117.14821672948017,181.71292498622952,184.89394908542252,218.9574316233636,208.0671680745142,279.6702130036689,198.3719798373303,160.06890262264585,149.22423819792343,118.32930150304982,166.03115764098345,138.5072958383662,123.55343346096859,273.85672267932847,116.68904910438894,168.07471471536618
realization_629,203.3461503762733,111.06202036066173,194.74212997945557,103.08268777987348,89.31520448816467,194.84926583695645,98.47062522830555,105.34847361299043,68.42694771758158,98.2714406822731,146.03113751594933,84.47797645755054,150.90626263392912,177.87886022457576,244.02291590213906,158.51548575113893,113.1662817673014,95.49263439720424,18.97325460913794,160.0882793863305,263.65530489029976,131.8729457698387,186.51790002543837,163.60076842145625,136.95222450300383,118.49323715056693,295.7438679487176,172.63467334694764,103.9263424042259,163.19533529319742
realization_630,183.57837214519589,184.9597246253261,140.88051175837646,146.57191064456734,115.36843491041614,53.66382394791994,130.09188278160667,180.0849117706527,70.16645580890315,190.63419234792468,128.439496502282,136.66739187979346,82.21358174415498,46.98111308456784,136.18098825829128,116.3482802318708,112.55836763530633,216.09264890441813,181.29551660018535,149.91586901912189,122.53837121007052,91.57502409300656,99.46543050352571,35.611587055098646,94.77270748059685,235.60350242565468,171.4133293304023,83.04186487696329,105.93582887078261,107.26133200054943
realization_631,178.27091713917522,151.7884630956387,135.84798642633706,161.64323154640735,145.55074394843535,117.77798221179157,288.6013411516001,171.06491769483893,164.82581417386479,157.05584056034039,279.29289837890275,214.70840236589268,258.954928158892,236.94500063399147,127.7624596344501,134.16878008355403,167.83125639162273,109.984659043327,236.9050696420076,226.9442824633712,92.32660485036327,169.41021573604291,141.31182230053386,220.63045405232097,270.40388413357243,121.38511976509511,129.29126908717487,232.32663734608974,103.60762797780126,185.7968818408149
realization_632,160.87267719095667,76.71182480405685,187.11593841272645,116.72083160399869,116.13950006699174,113.12245503127335,185.15683766096504,283.5626698097139,120.58913063937179,162.37045088428465,207.63853850552147,149.99648828616566,64.49895997524925,55.963114288288224,91.06732278864895,309.701748146025,69.9393794858231,161.94338197616878,88.21621159981503,188.2996151532977,103.80422221761665,140.52296849221435,129.37517492111357,56.16100150476316,160.53724608908325,216.83116490226212,124.81262208015471,184.09885044838063,202.56710694509195,209.44283799085187
realization_633,123.9785695407925,198.10562465572787,76.55763381358939,163.81582961202898,206.4153759440552,92.62245564965708,99.00594196468886,102.09033750665844,70.19888642925545,95.84503879191081,121.00375930350334,130.63030544150556,95.20277902899251,167.16265378520316,172.08110041876918,166.68878109788236,154.2156976730148,246.33731337630192,144.26838128801856,54.570528158560336,64.30402540199046,144.0152316523341,146.8389537644045,94.91000600991715,186.94042681597134,174.27102246348048,181.27079527100736,188.24491995863607,149.46415447332825,110.2282423478388
realization_634,184.70790446417948,215.88530465941932,123.80181223557472,22.2203555399269,134.5524155801229,117.78760053448019,138.32153719448587,112.56098736698469,195.28237749187608,245.35154603144082,153.5453148919317,163.95708574926846,198.13033959131323,181.65707283324934,138.41365261487172,136.57419161212454,257.67392445794303,84.91154191904863,68.2489883286443,136.1490571080715,120.45200107322472,219.09638523537447,156.49254220666364,37.24606785066322,174.2251901593238,182.66273474982262,277.3291814137034,308.443173930305,27.350457444598256,83.78558179846723
realization_635,163.15485817477165,67.7446962463128,294.5677384589008,176.05284709200026,184.30187329150485,145.45382289075002,165.3561197248783,182.39699961220413,147.22175379177952,191.8080542678349,124.29322759224435,105.03625716431364,162.6487728640597,143.92463991725288,135.5206161002737,102.71675356185364,147.56285694365437,95.61328656836386,105.97491741277986,128.60459941844618,176.50028358376125,159.67984407118945,181.88822677727413,112.18086183753664,116.50062495467515,227.8137465276774,102.79140474594236,99.05106243589604,182.7579602413813,185.74547575236312
realization_636,187.48030973943924,182.154975777205,207.6816578123848,105.28603154120276,150.68655093397538,75.66078310109327,58.585968379661885,158.51381703288553,159.1052150464839,178.61311245564104,54.75476062847487,222.14025346705478,94.49662730194889,121.3569797758592,77.46387477688849,131.47333124994222,158.0667550869374,143.99870159359898,195.1954037604896,195.63757454202795,80.76639420838148,213.26415381781993,71.13362929761084,262.6427889739043,184.21831968013655,82.4493663948433,122.61489999710449,103.59661764983261,189.11960737025527,75.91596960456803
realization_637,172.80503594038214,146.96429103181163,152.00267717092277,180.47438728448853,157.92542745872478,119.5011429005725,198.4322892028609,70.53051274853146,65.08190373093349,207.2162193856019,232.3782317355815,61.947157342595666,184.79746017392034,157.89418359197296,152.35833369616796,132.6152818075464,182.30006742828562,197.40610329268605,120.84314016341514,129.50443838385777,117.89392576093283,250.68956375781136,171.72421878080183,164.52063379850628,86.2470360161042,303.71836775270185,138.17430152355652,103.68240677520288,165.69161313289896,88.53753135583563
realization_638,224.77224460334486,139.91636250092517,139.74708473999425,255.1301580693499,178.0489172321555,242.90421228697275,228.82452404311994,98.1160664967722,263.76885597014007,242.42240488923412,235.97117621634243,116.10827817997736,228.55111244255224,207.70516496061543,269.8300788677254,103.85766011479122,132.85083590213404,137.76349576459904,96.16872702613747,114.80411273966213,142.73133307212623,114.37381577334567,157.52289520685764,109.25181967974257,74.6727149636678,171.04997772030777,171.9953382885144,88.71160081560473,134.8643767827856,130.58121046322321
realization_639,120.4839295888533,159.71243048773138,304.8522574528547,125.73716264095412,151.93459083759237,91.29579273562658,91.84362260068646,116.83884216648596,175.4194776577674,263.94018960226504,90.14235370900823,87.71505369139248,154.66864221091924,140.81338925478286,82.4717821070643,188.2073875863119,254.4876681044305,121.23699210357093,127.90378012670008,48.035042804997794,77.34959317839693,96.02892804537646,184.2250775764332,128.59860070008637,96.25570317944047,53.6765018526061,174.69285350563948,233.08259341014275,162.69490656386466,96.85017894217737
realization_640,151.38551978861355,184.4225436528875,79.53262210469481,204.5882063953961,83.67652469713326,181.82550552890638,8.346393737059017,107.50838070919787,206.16330074212732,125.23665921673734,133.58547776701442,120.3991575443382,157.56528652382167,57.493365509554145,178.10930584994637,163.0581875707137,178.40013567255957,196.67577325712293,128.9892348643189,112.63767560148148,167.05553803457212,282.3001291468061,251.86907237958602,90.13150195440622,198.69991693573664,181.31236774746674,183.74403371678244,88.36963468814886,117.71794254338803,162.41553530461874
realization_641,184.36683455775358,187.27591024652335,95.97583268095384,74.69102541655371,190.23132160209764,236.06117866083736,108.63681614676449,138.2137767264391,149.39600243660408,225.46755235876674,304.06513646476316,179.60515521968023,148.40923049174458,180.54014410295676,258.80191210109786,92.48815073478563,106.86508996933897,264.7176621804139,90.9363105982461,87.88240420188532,134.34319786468882,110.50976887265477,116.35962028008572,84.53098648256261,257.84287329421034,173.1945110611193,121.43370598541097,80.80582238141093,58.127697304329146,113.11839475455766
realization_642,102.65423621600948,52.06650439759451,85.68114600812685,139.43264442051554,173.24123289950842,165.07321938313692,301.32007433172015,171.71310536344842,286.44476488692396,165.86389046993108,119.3275610428948,124.01140634543574,152.50290923115256,171.7340700959702,197.71937029892217,137.78948317992342,177.46872827753722,164.03133206261674,68.58415918534817,42.47983303265133,149.10849246429478,245.03994524627524,77.37514270149319,152.20723620820092,154.85665133692825,124.2707051883028,122.38669834335505,172.50233263892974,196.05873046580834,220.7190225882133
realization_643,11.896291224949778,218.79079416825175,76.55424579031887,186.1049800562871,49.13089955477329,108.55436789021918,151.13497402959197,277.9123058349886,120.67380454077866,109.68316557413868,180.93688274007332,65.63543759125052,16.972851905964276,131.9011448668876,84.4170283495144,142.1736525464524,207.77138037440037,54.15499704023454,104.05819369140913,292.29390241895146,200.2671533766718,136.67585647973976,245.24817411716884,69.90583504088747,263.5867476876422,199.46435904314095,69.106854991008,131.10181124069618,183.38633055950314,176.50740077979538
realization_644,145.00834138118157,180.16016485040845,182.52472812179923,109.95722328807622,108.62201246778773,292.2444843234925,92.35753047053811,133.2261889991696,221.44335014138872,75.57746638613915,182.0675146827445,145.31853721219477,234.73928315574514,134.54016998942254,192.56767614533018,193.83025951943347,107.0112697119152,95.12071477173976,111.88726432035196,135.15540695068535,142.397410051155,172.84756509164953,111.21983480191537,25.678699709752564,76.80354160306624,98.05450279754608,144.66483843461447,103.90916712706968,80.24608755313803,124.52625832234354
realization_645,80.06233180911838,71.29836422719589,170.0965038241455,192.15202248987,244.8342527875183,221.64020660193526,238.86575146011955,275.6222874043063,146.91431230065172,134.0802026214763,164.37380177351656,162.21098272415992,155.94613342702507,300.96681184677016,20.05048636575279,193.65252635945475,158.9687941060517,184.58498345321493,101.63474418894941,148.36705628981886,104.81593087381565,294.63146275708567,42.55293024609031,136.3129955573104,255.55142694230707,178.76894926112172,221.01427000661192,248.15743231358522,23.132001096830493,105.31178498044511
realization_646,148.87003013007973,90.3601486559043,180.69906342354483,156.7003410691383,133.84825915290878,166.4671913538799,99.46899357603073,189.33230888342544,140.34447554582863,130.92729446058314,144.71909961005878,105.18929937817859,115.05121760476021,171.58995414856295,184.79950568626083,101.54547224173281,297.5805495361496,117.24886079621228,156.690247170321,288.17465940673947,178.2733133896204,186.57269544737267,70.22612929729068,139.5453416413311,222.04225442455558,165.88211099833677,143.79577777510423,186.84019513241384,123.29205116036701,68.69995852539564
realization_647,135.1200564476642,227.10406944645712,229.17148634524787,58.361997802580525,169.02854274998964,116.50918633951589,98.69716733181035,76.39837947464726,61.128422405861066,211.88330537811134,302.1989883683223,112.02273375760299,53.47302079547519,49.57700755567064,110.2020452660212,94.49777861359848,234.7118130866275,259.8999225705009,205.46005115373364,64.77582181457636,178.83650412698708,144.2011741219655,123.8144900455965,139.34845988786162,204.1698178263964,157.45155102838316,129.4254117995587,228.1579398102385,48.66151726906332,138.5745200051653
realization_648,201.7093288433754,109.612981859702,176.01400325168046,276.1454790401199,69.24033270345733,93.17197512437878,90.03126869509393,117.68917765869206,117.54995118140907,123.75118835852386,254.47166639686728,179.07741236765926,136.36878025889604,142.90103848903883,172.65797162974832,157.44343859778584,118.19218502112986,111.22817743367874,140.16762892353555,60.69407614668922,85.65208268443925,138.63810266808466,61.87573028527861,161.644139543379,278.3271485618904,198.27641217591312,158.30265473665912,58.175811797264494,187.26952488516517,100.0222458675504
realization_649,188.98807929037434,119.72445825578893,84.38519244789448,239.8284249715772,182.2096937819652,225.33868816463277,140.9367093423208,102.58385073232597,106.97225265336418,155.98403553313136,172.83276799748847,122.6405384373752,207.2673118987425,184.83630736706212,226.37405377097147,163.1733935474695,32.189660227893185,140.37417885637956,155.3682886120295,213.07987850451127,130.27396117680306,212.7425670404697,146.5097798782971,136.84545043114701,147.62711612790335,141.6154714478685,158.53812188054127,308.5013175591297,173.76611211527947,170.0087632977365
realization_650,161.05927308069855,105.13774818274658,265.3125337943024,145.76008553184286,37.356752527788025,123.69689824481179,75.18976878269756,220.04343712486178,261.06088039148267,70.15194426982565,174.49842272374204,277.1951059043181,187.17109707642595,125.2753391409996,175.53032607958517,101.20934680300086,108.49074198508269,123.0195172778274,146.1856793775611,269.53166244887535,166.1724976920301,150.103044117837,240.4843373164334,86.53592962336046,88.60624045242616,120.02241374811597,110.1104092414865,73.66922910095869,151.32823998734972,145.9231357276361
realization_651,187.0859018380675,209.05940617781297,108.2140096314156,126.62078473360016,125.19048623581143,81.15040739047667,137.50021426973535,142.66579981870973,49.86289669737295,137.14430006830017,197.23072898792145,58.63941622985432,158.58731170151657,146.66229002418888,181.3760289816013,170.5208638089632,238.20526559680923,128.60992860990888,294.20964986752097,273.0866018753408,154.99791314995989,145.78161346762099,268.07661450798093,71.84401514688362,75.55028975329542,126.42566757292516,128.06713720916864,144.00623409046688,142.53083019627445,136.90383435070402
realization_652,146.6727492884202,272.8491378185877,171.90272490738852,121.52559841187845,147.74680706716094,110.00874286460797,164.070035178679,108.73015132114989,148.04811411419678,118.70495709282777,164.52626950445415,130.83084051672324,180.87107778501985,116.96518535322909,241.36142899908475,157.70241668380973,129.50807399824183,39.313157192233405,124.17320231755681,65.93681953089433,197.65538974095563,118.31728357900899,121.50497849873842,150.95415185067853,124.8144273133875,285.20055413897455,294.0598952995578,192.05839724141612,89.88692095344659,177.32312326680434
realization_653,103.18794867367623,101.13953885325088,245.58818499831474,74.5258000803266,175.48314606504925,144.62954376532906,102.16237150724129,268.38392243885164,147.37512026437344,296.05728587318026,163.85442613260946,138.1025231430352,158.85765063934474,66.34317046343574,91.7483024360419,65.21705957761219,226.0349779535635,170.26163397065577,152.00600533930947,123.11489403694821,61.831118046837446,66.71954891852099,178.73575601760402,110.39854595825926,177.03913326789615,102.08644599557789,239.35635808937272,159.94480329290215,183.710430204112,147.90186581866632
realization_654,134.7600002401978,135.49795845101573,175.5019227243959,88.59459057938241,87.11434867394513,69.63811703220458,215.64677017361177,248.81342961122098,136.76956906655576,88.5175808580127,194.9451876321355,59.363396744871004,137.9067530310859,228.19570952008195,113.13667492233213,52.84995190960045,226.16783135091438,146.92168680512628,150.39195381159305,136.1142325718276,206.73017898651216,167.3969619630954,72.00424882414185,117.40421941850457,117.26856024793301,123.03787036966031,145.93053398774876,177.4598418302568,157.01206000309296,137.98295438469628
realization_655,146.61882278795034,208.52769838881733,84.61934833859603,150.75224673537826,153.02657205514805,88.86742447899513,86.6259910511904,215.27207901474856,137.54733975807508,155.7818472861352,211.17047452672796,204.5978107124056,163.46758181130255,75.89370543427532,114.23943118248826,94.35834259645746,181.94071119613216,177.38936606036754,72.58554154876585,192.04045128587535,28.963593706707705,139.7678547890071,163.82205055236633,188.71260124444692,174.30277900574544,119.86870581846152,116.79505701343226,201.66889579297117,180.4085988189033,204.4082767932519
realization_656,148.76399226161158,171.45479229562142,122.04174031278109,201.6249802140632,105.3551106848155,276.28344180312865,94.86660941704676,281.7128180831669,124.6972280521639,279.3249292055802,67.5988704360247,134.89095851175105,127.11688540263492,18.81654010707308,77.03590730746919,236.18406637097706,59.11579586898992,162.19806650962735,142.93523937611675,117.22916412363907,110.76431716677028,175.37107464272486,178.59612290063208,137.34264876434258,160.33832635538027,142.533826383617,195.67549023802204,78.81456734202945,45.54809717111774,263.5414414042489
realization_657,182.30747077720196,120.1318629278639,181.34361546612456,159.83375219654846,207.70326017710724,309.42159841739857,87.00224246074875,216.37743575566046,113.52292728283065,128.42313109403148,172.07885566093395,220.18298820978694,273.61399703360826,106.53473197110849,116.8219812702863,140.49358868536444,108.68120878399776,64.25036166840877,106.54124943667946,147.81150299929755,89.53492430274572,167.54189540124574,149.74281534531627,71.5731273536479,101.9648481776587,192.87627416143775,221.94741589269591,113.07077051212326,201.60771325546403,97.42911378725378
realization_658,181.25188394341745,139.89995859664978,202.17459282240975,162.31835046333921,172.70965903229904,137.9093337569227,153.12236591854915,171.5532394012968,268.4415876587891,166.80008979004356,107.21043665482699,186.8850236841434,172.67259541794223,216.34119520654016,17.11088107863842,144.9773957317227,119.01237766892811,126.28610061160141,90.60583956334688,124.84629479198357,194.6691942389799,154.71331772289759,2.647529144490278,283.89708335067655,72.60874812924743,274.6325145232445,199.81403177828614,149.72583508902153,149.5476776963366,71.47926618650254
realization_659,123.39549765753168,196.16885383140195,176.11704917991588,161.39352821967418,115.39816036673014,206.31403515537056,97.40902622850423,107.73503795276038,36.15886921830755,208.67045812663576,116.10822251853182,158.66401346907924,212.05028558796258,104.66433482124631,210.05938878206504,83.1206051355853,202.32961274681617,115.01857156062381,150.32066065067232,115.67638476665171,291.22740571689013,138.6914085998733,189.33614637527648,186.5596900022227,148.62680190578308,101.95552298429337,130.57424390392606,125.99277526685967,202.28007759056885,49.49531465615121
realization_660,125.35958187056288,153.4862829319178,250.9697719802531,178.28640399308415,153.3149255547867,128.76130347345224,91.12226601559314,145.54093266571823,159.53263582662143,98.53614851394349,132.69675328016237,102.89024962769952,61.642539602324334,142.69432612807876,143.25500454803205,56.02567778060468,243.7834662662845,48.177244284539725,305.6580997673693,37.53011596275179,94.83024842723667,156.18660575158356,142.5746605178028,141.66078434724486,157.51811171876332,296.10765170917864,223.91877877310708,112.49043579694175,87.90979670676047,235.60200399182838
realization_661,120.46542386041861,109.23348114101677,106.0924975827772,130.6544553803057,166.3456980476336,76.69254630301164,191.3075791129073,203.55894492804666,192.21125112236882,163.94380107752997,232.2321835540433,134.54394431557083,4.433734946260387,139.69856645711647,79.18403596900096,171.79215263085547,154.4507762215659,146.25631972596628,139.74421308801087,145.62247391398338,162.52434561308252,151.03291494020715,156.66976717853723,145.28399315041173,172.07035015614656,252.6879549839652,63.8463197678267,303.4954711536686,137.843208511008,109.03652709522638
realization_662,222.1007363318471,301.65186858656165,65.90486291187099,51.684783564464084,85.90826241742428,275.99123584506714,204.14547079605893,154.24293931591637,233.69653855091673,105.1534918841686,76.56293703119074,123.8736184650588,147.25800252301946,158.82373648045396,157.90135833682103,139.73538740846988,160.00219659793152,68.98553771719673,147.70214284538878,255.3806437595831,71.70243320141546,121.31895952446251,142.03412182324587,240.7099044353384,102.73720110568595,163.44569371034444,161.34752106685954,113.44561208486584,134.37951099388448,137.16840718328535
realization_663,258.0083319774485,228.29327738851111,112.31435936446391,91.28315011229462,71.68362811274599,144.74214497260513,75.6262431130771,170.30543561351675,145.69616886797118,138.52509950598346,116.0566019844261,137.45290967888374,176.25091590832545,157.59039853451011,112.62896379573075,111.2901889579861,293.6602888753309,165.11028888610855,148.56218931505785,241.81195688467295,100.69930875353128,210.02691540228676,170.43108073321523,158.15478403011002,129.87911246145924,135.49702579403754,224.06239129336194,225.55284667437266,238.81383256870393,235.0342702848247
realization_664,86.58795273341465,183.89841273860532,163.3164203642866,157.71883698822313,222.91670004502726,169.732129181706,205.38925773865864,78.31462441217187,146.91128798756552,90.18763842769957,269.35891364967233,57.680146604704355,236.09524098913948,133.3854637235533,276.70496435591906,159.28932375381223,234.70275854911662,145.59269343832017,152.00881326294342,180.72938021729573,124.43626733155573,17.86638919566191,127.548130397768,68.28594331330655,163.70078078836514,301.3696357524375,302.8962918819547,181.0828161838706,181.3022862859312,87.00496050047641
realization_665,151.9057477187385,234.19598209060828,86.34059561206016,268.7154737317754,157.08513146193746,270.8701707625298,89.81677966228571,81.41135496381708,264.0050548084446,105.24671170266342,91.48894990147096,226.33439758908455,90.60258085639506,120.13254135832916,115.35054357590228,147.11897720767053,183.934948191049,195.50448416216676,104.71020407526476,86.18595547213545,107.69447821772214,145.76957310681837,154.17620750383506,251.56368725903286,143.8347930805162,187.86884579051662,115.61504947463906,217.52315767363962,263.9900718854151,167.20121768818822
realization_666,262.357049360576,47.71119259596165,275.8872305141864,308.5475960351642,123.26759996738627,129.03630901456955,143.58075959336617,120.47138516164996,287.194224782732,176.5363755528278,116.07866440788257,227.9056469328732,99.99743109689729,161.34076407293946,202.18787510776468,295.38205783152296,151.97040618247252,81.31710919446687,92.2144804757852,84.2542527399696,222.9984356643307,29.954132670764025,304.8568510807695,90.23900488206567,305.60257610329097,91.02155075698698,172.30820063327346,152.86878928649085,75.46747876721845,180.80045930799443
realization_667,170.99964353748499,126.29909130777172,136.81777527077213,100.32635787790812,123.05085413589438,99.7325436671423,191.4994237296471,234.70401066835745,97.7186903859361,77.79593071913396,242.98158697637058,173.91838631442744,60.520882721888086,116.35224508410396,163.0699905133938,156.36744291572347,126.35136481837165,75.94779389057047,226.2583828777393,235.75300048405774,60.53178320335496,198.85344844283932,288.67030007939525,182.2580174998014,227.50688952210712,9.68648332821644,217.18803568006138,194.97168254345223,100.11919896093104,111.64025118799492
realization_668,70.53642472531942,122.95015611135074,30.200636060473954,45.94286315643483,75.0783332042546,184.61840219927103,106.00364270887216,189.85722664106544,227.6111060625551,115.7918877405886,106.99986864951704,71.19264677181766,165.6460767911693,63.31680548090641,275.1760074336905,109.61482928603002,127.16800870392552,290.66879058698044,215.80731679781806,203.13106592320935,110.31800542226108,147.86326426377772,125.44392453668213,294.6957856478614,19.95452983522968,178.75031896946638,201.36344094614964,164.55063521737907,145.75480892426566,51.8908111728001
realization_669,242.20685506295465,187.31717400814156,278.09450484735015,228.67161979254502,161.12720600566314,154.97699301091973,165.74354519295218,152.174413803708,278.39683392968755,72.61372169718348,105.78078389360826,202.37317241062178,97.06836457680254,65.47143524251561,206.7623734735026,89.90836951074027,85.53890551317286,131.62415776141276,103.16384157701069,303.88976276053495,156.98919747877238,214.5018380478914,100.63577208324492,306.05764563256224,156.11718514986572,190.26707345644883,152.11462109992053,136.7738638621454,51.66214822961195,85.72891899366279
realization_670,90.02598936631206,121.80815467282753,108.2089754782566,250.8441358272909,114.72086453525901,257.0008854347604,91.79018404411487,125.08409370952431,100.373422630227,189.69419887636633,178.56042914576312,81.70733850013801,129.22066236271775,79.70430652333155,149.1616541608748,141.57244556434236,146.71653721331708,289.95825349673106,153.65773842560017,289.58225492884833,125.06330221666212,49.00391051238512,205.95212186779696,201.00651079689598,159.00153409375875,94.42458881576594,141.30707648096458,137.30248324047415,203.57584582860363,153.98676295577482
realization_671,110.0435839984141,286.2384794822969,209.09443397899156,78.73609124207783,128.05387533954115,43.65501045085301,146.4812561466217,203.7815322675207,124.30030666951936,244.75854746847168,149.4608348053354,202.5256800119218,135.79453985916146,106.12842054832083,147.92108773567605,106.42428253038263,208.76376368363782,141.77793731498167,309.86093434794805,93.7270285517921,154.4093900969453,127.53750843559862,90.38311981372543,173.18850928067485,119.66964286670805,103.76243994347945,77.53825845192677,238.83624644241195,160.67898544537908,157.5528036624621
realization_672,300.0268779473351,192.72193995664907,136.0438160546397,280.27070904141914,278.0748926036556,185.2715201256736,93.67807823785266,154.05115650759015,118.51895384175191,186.00366110988946,256.4510069596134,152.9725672642141,60.09813783205276,182.54165009287803,117.6114317463314,203.794269601674,101.67948497333998,130.7579155342108,64.77102882384858,174.29527869232646,299.7401637290674,168.9441264310626,189.85188081096783,233.77209106071217,59.83144375721346,47.832629568395795,190.60661489206078,123.54217129322683,110.43671666691552,113.19852286029604
realization_673,188.07480389548496,198.12702172874606,152.0046233284617,189.6521453716232,142.18538309820977,183.0256223979844,105.26002471994101,139.18864243431506,168.77476152990158,166.44876307815332,137.99499899655476,159.30429652185705,154.24634523488555,145.62239130684404,188.06288491562262,197.76173200116378,137.20557361137077,192.52404775400998,192.57390940742025,53.035583416313244,293.8973068063449,101.17206114595544,155.242639657696,191.88102995449532,134.49259377322724,38.13858374328428,293.6771076667568,255.8050601252824,277.00447462693415,109.67775888801734
realization_674,244.71525928837508,179.67524453524388,214.73815129034048,221.33234563801102,89.26080089463858,284.92091977348707,62.674972699975704,158.39418462477568,161.73854967971656,142.90034724913957,101.9279595983648,266.73313904375226,245.89066975844435,126.5637110069227,138.28982909681883,177.49056665359007,184.39786458711984,120.86574793317722,146.28849743047112,150.71114209945458,252.57550271010012,142.03974156266867,201.78558171829445,115.83271121834413,160.454536386131,131.03242797381407,170.1382810773336,121.51499604194652,162.40392644009523,277.0095513978863
realization_675,166.056223488414,116.41100534900607,122.32149239428331,90.58141321446215,107.65410823399009,134.06868660140418,97.07898415393929,73.08802147669182,250.1061071194158,153.63480200623755,116.88921441833796,120.68508056155748,93.34178879169608,144.42886437900765,156.27166925523463,116.69282131441199,149.99678885904714,46.79028960179053,297.28700544338403,62.05863146102344,100.69664814118384,159.13942452427634,141.4507559939025,162.3845674413984,289.203422732033,164.10630468884767,188.34011661297848,230.1496703849877,289.5648643477114,104.74802077691609
realization_676,190.62817919106067,193.37672746605577,96.0379024037329,144.56515120525734,142.82446195761935,106.3639701717378,175.87368602940157,190.3467690817218,166.65120535184252,138.206902779301,222.82568826517857,121.85747773386115,185.80243063484608,132.9709697990874,110.44629151222728,182.96959765776862,79.06295791722326,221.61435475276863,209.9874648273007,166.09041518940202,128.28071976018785,211.36672294259796,115.12356347011651,146.8159877281091,64.23601317903534,129.3317238253274,180.4536521321049,42.31991805663909,108.28492469459613,136.47105771325604
realization_677,299.6739583095652,143.9646925172352,97.78382764919557,76.78006075308798,91.96767787277659,137.2556944090745,235.05258859813148,155.73049555322186,282.0650789496297,42.41885537057012,163.13144396715867,136.7522202675026,155.07694400251518,102.8143694859499,89.08493915730415,55.643255342584084,144.39744601201573,119.03399520343623,101.91624868537497,134.40551991865465,247.60649638723532,135.81610463921285,148.7240940653422,89.14948580462074,143.34082005755295,202.8388961701945,196.92097038557955,296.51123959695457,135.68835937173725,135.94050185073257
realization_678,164.90531186626777,274.9017752276264,139.41295921665568,139.45676906717907,226.30275446556735,77.82024676235967,92.78527241838529,218.2871624497569,8.929595103406868,72.95937753650628,132.96963981805285,123.66771838456546,114.73534425240489,277.1929767611815,177.43520525112723,182.25461843668967,95.52811146860054,129.9050277819286,250.37469143995466,221.67220492923514,174.99546835071547,195.8540756564184,76.7136399126904,184.5833219714998,27.451596310012384,143.95268611777652,68.19912605879294,191.71698286396958,271.7599988762451,70.84469604148565
realization_679,223.90753098569985,216.2788070757876,133.73542145893296,263.88634822672924,75.64540114634573,177.27284667450647,141.50808925437414,275.1568405549492,190.54375196832171,78.29313300837912,157.96102748195383,116.91838245877476,122.23154467037207,169.270098010909,271.7214277204887,40.52616898132446,169.02714351602575,144.54852168680952,143.2543085263593,293.20333244257677,113.22209541287276,217.9946405057202,145.25889374150313,195.57409147351848,135.44872448695384,79.61877947255785,152.0397178880009,189.59789298645634,117.34566198225637,124.09422397045392
realization_680,141.14864290314023,93.86516593551272,60.60798533251482,62.31548638567949,132.41503229328384,15.874943214619137,93.72809067938206,167.7841901443479,134.4244352382943,240.47546018226282,101.06261798507089,102.37104340859933,157.46161457532045,69.36153758428009,286.5768180217113,252.39628785128517,179.7837079218272,175.15646957365828,130.40113208640307,62.442164389074335,302.0023747845435,235.11819514910803,279.414042259462,129.0344181799903,162.2955058209419,79.85186084372526,99.77178219966858,135.72804227485798,236.7978597120799,148.66537387411998
realization_681,210.3485333620195,148.75606975679844,178.73461915638083,203.8907492132166,167.78564654799493,110.47100596064537,176.64266945274727,80.52192218532286,131.37538389974839,126.77929204973182,153.97115779473586,182.15212301289088,169.81787412448227,179.04075553995224,133.00505989625967,111.49692574924525,134.5312719539325,179.74831970967847,204.99478412920155,169.14391928515968,192.49458838976315,175.4947058206843,81.31077014114788,165.12338689510207,137.9127370403722,267.62096683001596,106.29315780556867,78.88072895268259,66.02992639909979,147.6014848515673
realization_682,90.18672190897446,66.53586902269507,166.13496296302205,184.01483565547233,154.38132676342522,173.89461060912234,137.01295667794238,237.52460016568088,67.2160250361569,148.30809202995727,102.78743462580653,108.91485580514856,65.17886205197885,87.24015495994813,247.90775746919078,105.5766864992348,230.61867786903903,75.13631973914931,88.50588630589814,185.52133853292966,195.95406905233827,161.9972689495926,301.8342136951428,180.27604459164075,58.03325857567027,202.83896439584177,83.04859051635643,47.14763381505604,149.8352403573325,125.2407901924364
realization_683,63.52422137652556,92.50185935864457,212.99730501421652,97.27872081173015,156.56449633755992,113.55494261247911,137.82261920155662,107.97799358192852,168.06895462176723,231.08820963791135,116.6128093665578,36.394181033813936,91.36493246113871,199.46575191152414,115.69067868355896,51.44342263175052,98.60548471125429,91.51997978117531,150.20850234103048,87.24950506846211,72.01421703334017,95.8638031607572,115.42238086530357,262.8353897324907,174.32313314232343,225.43972160707756,122.19806938615703,51.88920650623808,177.84209981911934,135.94983378400167
realization_684,171.25119071151727,78.27029841404487,113.10346793687546,158.0144723391126,188.84525844653746,137.0757591789778,138.407361127635,203.12143698821586,171.99268392254297,145.68008723369658,147.50148808047044,128.90700820009454,176.7578242288751,109.62296528406416,195.73782887401913,112.45051786807096,139.7547977681987,307.3885305765435,106.42339372976109,84.40395899981652,113.48719326856505,178.67659624922194,214.8512131610419,166.35055379259325,149.50253483536017,147.41687330361614,235.65785049594518,71.0009117491037,236.5882000990015,126.31397573365068
realization_685,128.9191433960609,158.66930069490724,259.6995114092627,181.01821543535098,155.7234670731234,111.6869981290684,176.20187611661117,265.06692724886295,96.48934369033184,106.05107153406648,102.79457439110416,87.826318925517,123.31224469582725,281.8414757944394,61.770823723394656,131.48486039675515,204.95364536254036,107.51400842870729,82.81415252735617,199.0695500459337,119.71879595872322,243.40766620514353,145.22710100265064,281.51742522227676,273.1407141130717,89.38008689770842,194.78208741237404,150.07214730459276,72.82179512515722,127.47610764025148
realization_686,71.47344138031521,161.46412372785892,206.9112434287668,273.9499121706941,167.1575341750923,168.34565364328338,127.64347901455801,174.0798890385318,240.45773987236782,144.86362695341336,56.69445511426963,147.2672448615075,178.75497405295238,159.69961907042511,133.69974495976612,98.02952120301852,83.64062286177368,152.88324517390737,109.9788479580654,131.0434988361359,112.71099841633105,176.2129004454176,119.02188026357766,114.0572636425385,68.50797696122184,108.43834199806489,130.3415139469317,117.0301311491717,78.60812508814683,172.445128113296
realization_687,46.178225653192165,154.52917512571943,201.87124507396356,74.49239394651289,228.0580430273898,71.86384358395745,106.58569458342234,99.06169624493769,166.17374495565073,70.79962070417356,126.96965058248011,68.07836918213299,53.300038288878106,49.566147633910845,97.61348477537966,103.14204649723406,132.3535205738885,249.63431896609177,285.959955100361,53.43716969281376,147.44331836155175,42.25869891375764,129.14641977704684,251.2246866121376,62.56409650160572,283.0810505102797,94.69502613809705,253.37160742243088,271.6573211967634,89.42776508915534
realization_688,111.1026434548835,170.2281762236579,138.73275799689063,224.86155712230436,113.20809048773086,295.06002880874263,278.139204101712,136.06392705647713,146.71386076836782,206.90905235991778,88.67274566789487,227.14319401163687,147.13944760313063,192.75720487684305,112.22235377992011,165.5548937607328,84.881581483258,140.94515800968034,218.6562567543991,142.35372363741897,126.11474964929204,202.38929955167316,147.2357432645147,149.31823882774265,23.68704868845967,65.55857981512975,61.029302011041366,199.0510869748922,134.649230917927,135.5069694634669
realization_689,168.0443594084913,259.55850034496774,125.47720306428015,112.05933426327402,116.69492704471827,115.55390741835761,80.56120224004671,157.91118378405812,197.00560834392402,157.58875011753187,96.45123637462456,140.429056889655,169.38624774147056,262.9279034190051,149.47108363704942,119.46713853325438,178.32270086612348,194.80219907983678,95.49622328841672,82.06838797008312,86.19139108325751,149.15921655367646,51.811524092444984,302.8603216156845,249.89648556504292,256.6810194326392,103.27016737152996,229.95796222700508,305.74017085468756,145.03618418372469
realization_690,110.87835544861663,159.7864852416683,147.11951307719673,215.71065955576572,122.71917294171155,149.60422317782005,128.34056464025795,214.4370316393372,216.73148962185687,62.595479457636124,80.76887323299466,300.6674665580908,124.7427536517947,69.51079695644964,27.96021379567449,228.65664648807302,112.09561350086668,162.25710894270625,284.85936039809434,126.08722051975286,191.1001709456988,42.79823861077685,83.24317165808523,103.48496791870143,76.6359206201499,51.642977315326746,156.38923736082717,164.92994321862056,182.02028830255912,193.92497795985634
realization_691,136.91975252677827,57.20411729998885,119.88823028453447,38.18068261886758,151.89970308422946,157.7404942195463,250.43002723751155,302.72504032288515,89.04883152180389,121.53663011777448,225.5220430323699,93.59599268260507,220.1689536877227,126.06916620964748,141.6600997796532,199.4811388624771,114.7101452989064,114.71698566428984,131.76767981216008,180.77311575789503,255.7033174676286,172.95942650729032,94.21962909863768,42.619265167120005,120.5765342805408,99.82524887782895,124.77711930989796,150.91702217975498,123.87027913844402,50.969768085542974
realization_692,220.77675788791532,147.58250944850158,289.86808048184696,230.5461361588339,138.25630048381018,223.4638443784662,180.3317792119539,238.55804217090653,98.0451966395682,110.46257641718482,108.35130654129756,73.69117290573647,128.14124124985887,44.39802981933581,146.92070096041968,180.71128979490211,147.28095770601803,95.79676810339708,95.73297062141428,0.017726011072369374,113.46911851996872,115.96803157713626,52.32125665293626,154.99547791091453,127.35532482809569,123.37628628074852,299.0036821230064,211.85570755401716,124.98872735226425,238.56673326296294
realization_693,185.11424089592583,223.29631880979372,151.03672858519144,106.51920670465216,167.37157785788762,87.38715543898914,180.03938104180153,129.61025412918124,75.77900583281051,222.09537283766107,194.44446628376255,182.5350454100926,149.3713687694444,280.6488549058977,179.6533338697372,109.82368764544081,137.27617097282405,201.78630803134928,221.25256044008157,135.06490118668899,156.9733816892464,196.7891188041973,92.28887626522675,145.03277032214254,220.85909953466054,171.21694810089699,131.5935566253732,87.8701648754732,115.19580048779868,165.0568849610356
realization_694,162.3090271007934,106.15051957670119,294.77952352769483,121.85584505915583,264.0703202035866,191.25557225294907,122.94539199196151,101.80646889283395,152.18177957894906,175.53549930096452,195.97328266052978,114.63622552665501,82.72692770257659,124.9687008468224,208.3706501819413,88.55622070598012,175.55636077404102,139.43118469029042,64.34353883624308,135.07419316727882,277.56784600974794,297.03677228812376,196.74934460172776,227.0822795368566,163.3241354622504,108.36957898875943,118.36874830314834,158.47682869332598,113.51958871348276,167.79486188937406
realization_695,150.00914922798336,109.31131109360774,86.93063801592513,79.49672446682477,116.3010670606474,157.1635540586931,76.4339767628667,105.50241210231032,64.13920260976761,208.93237185321715,127.15089070284526,188.52251055081982,136.67102825529028,49.129948383508406,141.06974889824446,229.38627432310207,152.83726700296398,97.35248517735039,277.18638377134755,120.74730102215817,205.30248574514482,127.28912918006056,140.26877158476168,274.59982545217014,213.72550025498498,71.71266972508201,83.89051602333842,185.67628267136567,129.14683978829424,103.19588997399987
realization_696,216.83938395000723,51.27595213875564,167.95875319845356,183.03659370923106,160.2114388662295,163.78232355390492,137.8427297420599,117.03519324438686,190.53661996757097,160.07543073521964,106.2810650155531,147.3270324347569,201.18416841573097,60.75946979045193,89.77286438075122,183.78980879774633,113.89295863362621,84.60505001486445,155.18139379591807,257.9845611786853,263.38475478863126,250.8669113768047,170.08909438777914,137.85727313219476,176.4026746807375,62.703139899610164,176.29790915709663,178.0580745255951,186.80483472369883,192.68442007914723
realization_697,173.84929469957854,111.93818961979913,292.28145548006586,150.1880587807135,114.43200979490891,98.66260146648384,178.9814749839495,154.76887625637386,83.58909242570384,79.54147548740755,113.34025525641536,134.01079308802522,111.65510483690665,171.62091201449005,168.76694688680524,163.954215840448,107.20743281742008,250.01009951660626,91.92641249006428,31.841650689327324,226.67024754199932,114.24244940904752,100.07644381586303,300.80654023478036,44.968580895865315,87.3204755869877,113.2766644687685,157.43775190142262,187.538813733971,154.27299128205357
realization_698,100.30413376615235,111.86482340693203,45.50899680985724,276.42549832675166,304.6221357536369,194.69786165531437,203.70651071461336,61.02454458050775,135.56454748350208,155.26908510721216,127.32919279689305,64.6825430572287,140.40685273219802,35.36600970803971,188.47177269872307,227.65599063289304,55.849481505228596,84.14212023859605,217.832636528344,308.4348404379561,161.25235525743335,161.13285721811405,94.59869088820858,110.9004966911001,112.92070287908646,69.17771804263903,134.63606860835367,117.58563676724306,115.67057033008814,244.8153090005547
realization_699,250.16487841972398,79.97128772966829,34.828257802309224,239.65192823206365,76.17519862466102,96.4301596054344,248.31275978037544,52.00291744990654,238.0658484145836,116.61246050385436,199.34808920298863,129.30306716120953,163.04498905453698,242.92273746270388,240.96440769245388,158.0813481494481,158.26258327652704,108.07488732581172,235.5847861657189,115.54835750446334,181.59910544479413,110.9294420960419,142.2778954893622,166.71965455436955,302.1444679309601,58.98170151879497,93.19785616559248,65.81109865087666,261.3072545999735,99.9686677591393
realization_700,106.73659530524286,67.28800781747928,99.34653522222462,290.4653862111903,272.0338342577017,175.83863781368748,135.15143830902375,180.36891054614594,106.90767776441884,176.43199885168764,59.87183501535356,166.91294652094788,42.39356621934532,123.00472192044631,125.67201962896459,156.67517694003575,139.341810309178,154.13747235976845,97.96486606744551,127.4420752380559,244.82952632891613,136.16707697087182,181.04203172491958,189.07922988282039,158.23378205183076,270.703890266543,148.58276793114786,118.60797034866378,131.15994921351873,148.7217758118286
realization_701,67.86206437015792,269.9008536135645,159.97320081883186,127.70967030192122,154.67458939082348,270.8065686502189,245.35874645817125,149.1377421994763,221.60895626211354,293.5769237807058,52.671349368541584,279.0019039554047,176.69671798031487,159.10080475862398,123.35369694731172,62.19817798087576,198.53260875917533,142.23039698332482,114.4941678352671,19.392856846787723,197.47688310639305,199.47274425624428,223.64005704264994,93.52460363354373,70.60858842346245,152.46927506813051,100.94366549942737,284.1084033436117,144.48344041919378,80.87466637699816
realization_702,188.4001017127253,295.58310649167305,140.3341582673844,156.67551114996863,199.72726616863292,93.753392830065,82.10343525837776,218.35667920613963,91.5643047851431,244.28629610080202,62.25565523038259,47.763561471752716,170.46453281463135,88.81474874630511,108.03144981055615,289.122746265188,13.701153596995958,133.74736908717466,70.33410597177527,222.2093011744664,202.49584896210655,83.16277861794887,122.24877553307019,291.79178988444494,122.65481430648718,293.35697251554694,178.58904535366005,138.04565683969233,87.9973345620885,129.41129603956472
realization_703,221.3344256727454,171.9111564308188,147.51815881997084,156.71489444446445,96.94071205624947,141.67725630531208,77.28321012402527,189.84665201316943,147.43566860657265,158.24818021825612,133.07184062851445,159.42267673614444,245.63408948477743,19.678784585296384,238.1805315853297,276.23120964626054,136.469890984318,128.0134847212825,213.88788412728888,227.90062732207915,77.63153109739773,70.61012671963827,89.57242503474973,57.553072289707174,107.20187334357759,268.48214645775,65.092520548594,120.63496647766763,44.09719233661123,153.55930090169127
realization_704,186.691314151686,224.30656258413367,126.90964820931082,123.11341515374772,139.53754761065218,207.3047632352997,134.9669423562864,150.3002086049156,95.58268565748646,76.84386379853665,37.58303627973213,35.256670457813016,199.9224826426734,150.1814344495951,121.60783561516784,175.14323686316925,137.01694547356652,68.41969138551596,144.01565778234067,103.64500679628587,126.73545855656891,194.46140064696587,138.0124600999379,275.50597505783105,90.26894148023183,73.03058860138663,87.4709061002273,254.247885798527,258.4076987627786,107.27743249298247
realization_705,259.58836824630623,216.60425369317744,161.7696245311826,142.10514781531606,140.23005848916728,158.077357273754,232.05124994499775,128.3774877545396,164.8766625390934,228.54207885710514,126.3931559986666,142.92647000912967,173.9713043124418,154.20624454776538,124.20598156049815,138.49604480226463,54.629625694888155,211.15752793861233,168.1984086804183,113.90037240456076,154.6478157725771,308.3371906305663,227.76369490782673,268.6838854947519,172.73570243122575,131.3055441748212,149.89680658543773,298.96282216543625,103.91707671893793,118.2802445511081
realization_706,161.0263557091477,123.32210807857288,160.54500922480852,159.0693266805909,200.64358089772173,146.60297933015747,147.56047820926239,176.60167564826523,105.13851673829424,107.92072121211174,208.2122032977436,77.67079078174558,89.27053764973286,178.7852713543198,161.6207198739808,157.56938061418376,127.6383719160319,214.64093154077082,196.1642852588645,155.59723238076774,160.68472912570815,212.70496145432875,148.0163703392122,60.525540058836256,232.98047066862796,83.18293055511694,115.87321154327152,290.1362953176063,86.95845137844512,145.1047843210044
realization_707,92.19263274930351,98.76466423544818,119.48037406336303,175.05759007638406,291.4736038195753,135.36142894502117,150.61278728962355,167.77755516818632,166.97367529497404,174.21063104429945,272.68811436299296,127.17907123814116,235.7711407867298,189.59257869779825,109.19604532531358,142.6181314886067,182.91644732088642,70.38734626624024,101.73128751114805,176.80085912101458,285.16603891593405,170.98525828023975,178.93785600056287,54.556637663870596,130.78484407592964,125.9851182943897,128.69817118447062,108.54058649273429,155.49500143920636,87.14285064290748
realization_708,134.80858582044064,308.736923988154,142.5877042444132,182.9185022923781,151.02323502085162,111.74638604861488,60.6669237051161,141.43004675386646,104.4137618451682,125.86304204306687,159.00740080897793,289.19857982987924,110.89711950421213,121.62279499802655,253.32735761762382,211.0401178586507,101.43591088442557,262.6710959659126,226.4565364693539,145.81011524490825,176.07064198325904,272.8252555234764,134.3068888149362,95.89407209209459,93.20878975021076,117.30073790837686,264.6075045970313,108.61936573002902,114.38421861627752,170.5733397845029
realization_709,161.2372229159596,206.19789939317664,91.84072933573555,92.80914136493665,166.12605300558312,27.226849534230332,266.8063470713392,111.34693532939181,97.87581888687158,259.47562275062353,96.47130482552294,263.65179666320256,166.7346495119335,223.67610825965326,127.5929607396734,119.639215149624,173.50308950408237,143.95409365263774,174.69756141838337,293.3765069445701,119.20890739068962,77.85553524638883,49.353808793667795,106.31079808612407,128.80477140708183,72.81679051487339,102.83288993528089,120.11566494848864,145.29634472493578,35.08305845215099
realization_710,180.80915328075022,76.90338019124641,257.43414189603294,177.24941797385966,136.11448238719018,125.11103981750698,164.18489546250308,197.69296086989118,139.77999023178052,213.08875857650133,143.21409240103844,131.77571229034427,129.93725377931332,118.68063843306459,114.79393546819985,99.23135315910207,201.88909425025176,116.0106816350944,11.170380540127091,173.31907260232322,155.41939535577706,150.29049536503885,42.94795345827965,129.47949684935705,191.3087877610888,188.589833210594,281.7640017554802,225.7835429894075,132.65138936926834,144.36084702533606
realization_711,282.73494747656565,155.95141780334677,224.79023199670294,114.67754930196269,234.71813089569883,114.64590722234784,134.81632229182716,115.02282324579879,138.18574564093828,170.4786539086985,108.72119351803894,208.3958994146673,95.20936390418726,234.1542330892765,129.78483272826858,127.98325116262299,101.32111295750576,274.0592490206105,186.12900689692808,188.96327864567962,172.57831259860592,274.74627661070906,162.73594939193538,179.17982690778217,274.86021087019,201.92571828976472,242.76080556407732,143.66780604512627,137.52571110241394,109.64152910047525
realization_712,144.0306856601211,183.9533838120162,34.40459815421747,131.76220419220226,86.47868503015495,55.54546551451302,181.93668756966824,221.64296550728534,215.0984236571129,274.41586960453446,78.06987539930212,200.48295957256727,171.20618389358108,198.24197056427752,55.585585273163424,120.37905353358829,111.58647709440163,126.92319852432124,121.55748159834917,88.55419132018417,113.16713964650076,186.51982153081133,199.2793769237584,177.93889868768392,204.46306967814496,125.82182122559664,149.3120885109351,124.0369330601422,177.71531946994676,170.09387670824285
realization_713,254.72766545584014,75.34795789831641,145.79023515917874,75.9246291922305,174.61761757909343,162.1746791860818,134.58415168747285,242.36868803232582,173.3915220794884,231.03493566453284,118.83583525313031,251.75353922178306,124.39664058401863,116.020848763663,247.4880580050974,281.5923500610808,78.26298082435375,268.753552471651,91.2859954541278,85.44628416208384,144.33620494160647,133.40072661897517,196.10563115940815,153.30013571362724,137.08762170598646,103.93297032064652,147.9428021765094,133.55357096946264,124.70350454096183,102.82513544289097
realization_714,149.74001792814215,211.2429263722679,178.57567535807195,265.96811986698646,113.47397615749665,131.83166508909338,219.01121411087956,96.81317172048168,87.32333476413599,259.5334487235814,141.28173450449242,154.1518620735714,105.26871357193724,83.84494185794031,91.35175668040678,72.92744210218518,139.81697031822938,117.74850205956952,212.4122455188502,184.2517627286323,169.45443887757162,128.45540178732728,112.21137807993568,199.86873946196297,96.1849225879,230.48143259360143,189.2016217666002,182.69017527252254,129.82736784244761,122.93084470147512
realization_715,142.1700679703588,109.12470314931406,147.82165668528233,148.0864652915852,94.432773598415,123.7028008681424,149.6086270142861,156.00476596988483,67.99094752180689,188.87331449804793,47.5531738668925,117.87475501568233,153.661425456547,175.05441397213986,138.6825018934419,117.25749883496745,188.1316358888267,164.8526652189139,149.01616803165754,93.38031489016032,294.75029910339396,230.228966749,186.6712355508581,182.59233283330917,119.13864974078433,201.50578894756435,113.27566526725326,122.29657453886566,201.06471171119688,159.04636983440162
realization_716,152.89359865240527,121.08050444491806,221.8850261449551,147.21254715558246,69.55555586121991,128.29548655997147,123.68381305484087,203.15121362925342,69.34303140556901,109.19895697442756,64.73319727768572,151.47302592360495,140.88380215165523,204.77500670506177,111.05843272998422,155.6692981771756,224.73121719181944,148.3568214901375,92.70994821068598,238.89700241880738,221.86268456441726,132.70194021663525,207.6749382064821,99.827466257585,152.45373040340053,204.32012151826694,95.34838933970427,144.34831415227893,30.814421325561987,144.57065609148012
realization_717,65.66245982936883,110.42223317267018,110.78378034480993,116.15428792779215,153.543356225795,257.96962728226663,239.57600680711795,270.9762903100177,206.81730703038428,170.27511455276107,15.265696911778662,75.07754645029232,105.7379692695589,304.9720725137954,126.16788616554193,274.6832381810609,165.70093761290107,120.27645053245686,146.39165929539834,154.71731594630933,185.7195190927282,130.02939068699803,283.3271216554654,71.80865326410584,51.93316004902345,262.8231103458724,160.85179150040835,107.96141950917765,80.67668797414281,183.46788092207234
realization_718,171.32253220491285,216.43079667349477,124.37024640495656,283.2357405854334,144.3211991232546,307.7576662008881,222.4717011111834,300.55874012845123,123.11750662809855,254.6283989794502,106.49187648910184,78.29358978144,178.97677429307086,175.43632649095696,269.5172965128032,152.89363549961422,123.76357215479615,31.080836868316666,107.63499235787901,145.8643174048521,88.58474283104898,82.83541897310076,252.44004830595668,178.19501176947796,305.67077339437935,152.04392491187454,3.840749986187433,103.93803101679596,163.54097254592207,145.85038026624687
realization_719,140.7154422724523,222.14201056321116,128.96277986231237,189.28097811680843,168.1640773596374,54.37512971361123,147.91816390560626,71.59002388760435,164.11650847194124,174.35759110476585,198.09534062020305,169.7611363473489,77.3595228597334,129.04619191729705,107.65815728903327,55.599525393219125,276.904244162071,136.2409369913353,144.76521873062842,245.52918226561584,107.07809329457334,130.1132753296559,96.14111104351491,158.61137724733263,196.00742847036292,101.21101147473313,141.53624630836447,135.01350624061953,136.2039402654109,259.1374763597922
realization_720,174.48561908005325,212.20738350239805,132.18469139122342,189.43346964159966,137.39137363026904,154.47762505740383,72.34065158313334,110.53255033241126,74.3049467010426,145.83652940997817,49.25039023891729,101.47460098018712,121.23004945731765,125.7528959777497,72.38171602044811,74.78172616088331,135.33031389865369,37.175803203274654,98.2795723441289,232.9564499217514,292.85028391931576,80.2784543887865,133.75195237522493,116.18654122993937,115.15557086366547,98.90243291626486,160.62750890676054,88.5181918411177,93.07821200174659,127.60676832840153
realization_721,150.41627119049366,141.89828864300364,141.06285904188252,64.89504681379512,264.8655113219428,112.89588153214629,218.22544537894817,67.18751118281648,81.41775552984004,165.07730904044388,179.20164697995352,160.73918096600352,152.8419849464859,87.4013361221213,61.63040091821639,191.4190901475646,109.49371977570729,141.2335398582971,92.03734713561306,147.56305100055042,152.56867880684885,175.3664675558239,114.74673800459244,194.38013563710078,144.15371790047251,170.41686284052133,182.50870650288255,204.9015467279967,193.71508397312184,61.16594355038421
realization_722,161.69197909350586,149.97508485034177,76.93234459039786,146.26298007057989,232.33314517499628,98.9549594279418,91.60934955991337,138.72597888180763,125.84718657985619,137.60736368782537,198.51297562305908,105.48709063204626,305.88492116360146,147.09010562117246,137.12443919436652,103.5157086545113,94.11373410774561,285.0267585258413,92.660400272343,155.93378511728005,217.1995436898257,1.19232867101519,159.4250562707337,180.83477448094817,176.59637794569025,245.91183510082442,125.46162481770907,99.04181055455425,197.27826806912316,117.85998241361717
realization_723,96.35990740398351,194.49548807363024,215.72481440742877,83.94593347398595,169.89749307186736,144.09098321486118,136.44374779810767,66.18348793763923,69.67953654974615,108.47868429088629,45.663885019647765,85.8665339419201,159.67976114218013,85.71743218059893,161.84876061525893,160.35903751170045,197.69863031834493,70.34075101329,287.00048869466394,152.2098046061211,201.93749159256674,163.13805657678932,301.6020325967017,128.24149529266205,188.24874603023937,106.26520125868937,104.98320356625672,132.3172792650607,51.49813928368431,163.56180551032435
realization_724,102.56857334279039,108.17758024503861,95.19882476407358,132.30246755141073,224.9906734782804,280.8407410929291,126.00376207527364,147.3867863057954,149.6519576213882,128.16726543929002,112.37627436734215,233.07493410573542,187.79685438480834,254.71714042315148,30.812351178129546,80.57155328638864,176.93412767531598,102.39459481392586,54.39142706392113,131.20471760732372,170.90462889324826,100.6866577837674,167.53802059200848,143.9940340363754,166.09016109870228,186.28160425898406,43.89282940189864,107.29418236476994,171.74320440777018,140.1230819712926
realization_725,132.34402889909498,114.519336728726,125.35192556529655,125.75747851203784,156.55299317148305,254.4720217239344,110.23325805073391,119.61101186456689,56.06564313989025,257.24406372313695,182.24691004716323,132.1685658407578,78.86421252620326,101.05416614085195,138.979090874601,65.7676036317066,142.00649162557977,120.6739623621356,167.28657368054476,160.87971907911748,260.37432090333556,193.85127881755193,167.87274874884116,206.87154544712396,129.7953513270676,103.91444143668096,245.0222986531817,161.78538753151986,285.8838040355282,187.89361309100082
realization_726,124.68602657852762,130.28927126717224,108.64453024093726,109.66100724102725,92.91621974171073,179.29046565054418,63.4795257307339,71.01545171835454,213.91967983713687,175.5010033591479,50.92206584475172,172.67674188881335,143.0398455418601,269.2147388037808,186.05981508042163,10.010382859133344,53.4970553150428,151.9773154393996,206.71063379610618,186.06979526954837,130.08657307854682,153.0725322229359,123.44915765754918,179.26444688130962,167.95978419344118,123.25086869309231,158.0270024005405,161.80060720819012,83.5015000738141,99.75155549585105
realization_727,184.53037409681366,144.86842151748772,94.26708870797125,147.684698939169,294.0034598091512,135.70512954920068,185.198703784442,77.9331472991472,165.43565588345945,73.04337934518597,199.04831148348742,123.61736099536454,93.31382029213673,167.4123098989237,152.16298004200317,170.2838239220687,289.5948170221639,165.89266407334694,198.95332758822647,199.5082317653508,308.651770355638,134.8121593701057,69.03610900839833,146.13784383419514,135.49925836019904,113.65701192851134,89.59140794169677,66.95460394885058,68.83054011778866,210.5610077525454
realization_728,79.56401421408238,89.15958754525455,194.5906361713171,236.39882592204043,127.23217011665507,291.9674422741153,87.61575781050581,118.00720553228513,91.82476846874566,194.2896362838955,28.604784057437357,242.6430596231758,126.94509926852345,105.16844155474678,129.9264966402285,235.70874876262266,204.73279168483302,71.06970837577413,207.87822557631705,196.33329813631005,120.82057610873761,85.64633955966787,18.82800601423901,215.99656158990828,84.38727942325532,58.34676689561073,172.2848686208706,71.08918780345245,149.05421555608112,280.9917621060451
realization_729,86.89297237379702,179.17717417104635,154.99927063607532,130.57985774507972,144.48302851954395,270.2568387419553,78.79914878736656,143.75139599721413,129.4144280966758,151.76702518320016,157.5449047260591,116.92857652599474,140.12223975473685,188.26158816734454,147.81766392971662,226.6607901231497,138.56389096710183,76.73789599938803,248.3918004052491,142.76497868216717,251.6770718364706,64.64288105878717,116.37968876894959,103.21753444753136,61.60064114558663,65.05754714599843,186.1181720391165,147.30665236212,33.107679100099006,114.19271219592405
realization_730,141.62915982755678,114.0966051451436,104.78062725283833,104.46401089437757,87.42565365897956,133.44711493880578,69.00574078855261,161.5916882893689,121.39484219553255,86.82928631045993,62.807971064795396,106.9510897589238,177.12902665370123,57.1410383718773,302.55572754821736,100.32616648462928,233.41514016491135,207.42739007735568,110.15273362984664,135.41617902250232,162.02501986512834,150.83868382923853,105.10284355653917,159.34224099853563,128.15157052278994,164.67249898433087,127.66619418276451,109.32307399867388,30.604524089096287,112.79475889639237
realization_731,293.23223491206505,151.5387114691728,79.34300524821673,103.46696047898,191.38868052972114,180.46934347596607,228.7856180806026,134.22228968988082,27.339450640177446,155.44643719210578,65.62509141774888,73.22695736659516,82.79318060678771,40.732709227487405,190.85674537164192,130.0256870563523,187.48125169171792,146.4064023467102,164.9894217683093,125.68631406042759,134.43149976043264,47.994074969980346,163.88165576885237,83.9787033114263,100.66176131681299,146.42507528496824,121.42379733009238,305.4398729263803,178.09769058811176,162.79815615204336
realization_732,165.43768622325484,177.15289229920563,170.09614295050065,107.57608104223746,299.0097017150398,286.89808938023265,104.99703395707125,90.75658754066596,70.23236612885857,32.49379760644232,279.8096671821398,205.51952465422116,106.88343133270507,88.1531604059534,166.59819822793474,117.274983104684,94.66402740661631,104.86137268620752,168.02134444342903,90.81673488516196,61.98253709135527,115.29496101303964,172.46361238257987,134.72420248106488,304.61591330581103,242.24022787469877,290.36982835702804,146.85148413449136,180.63326429096438,55.88902387626346
realization_733,233.58763871763153,171.69342384444758,232.6818753464015,87.0337385487943,148.03050500212288,139.27601814587487,89.11642346867413,239.98804648626918,153.54887074183497,85.93902452884458,96.83367223041324,157.2637688585946,185.61077393036717,94.8679199131174,192.4261787925461,125.06901028482312,83.42834140767438,109.28718893088025,158.93268967335263,114.82820510350237,187.33140329115355,189.92457836922907,40.328319159114244,130.76117590363737,133.46032831595411,232.2789371468606,66.5297741720076,194.45993226211743,296.2186777830323,87.6053410190613
realization_734,197.7320070098634,228.51391282551344,86.15592591997351,104.92317776129802,125.4763736625786,147.16510972093621,171.9102925107274,123.63964927362763,167.03483371191314,271.5369919333907,108.51425881021504,57.03805236926267,40.345012705926464,90.18877925767387,133.70704255751184,206.13915789588222,140.6665064698456,188.69177510937928,140.13658068287052,98.5854252392661,92.77931983494032,192.39132524830356,157.28999518180214,134.4894537659654,121.31261043757641,297.9131078128247,241.13253798515416,147.0319162671282,73.64569595252394,91.43296038781442
realization_735,187.97543484016938,115.9744883644557,143.44911759570832,179.58970111018152,163.08365873317646,97.98613431898384,168.74615650347394,306.9033833810632,278.6529108123922,211.0290089049052,102.51781434898245,255.09567257202937,27.505845714886235,216.51350710241246,103.7711807539174,125.9113165691901,219.71890018371087,227.375968816168,128.5031319077119,111.47465123412648,152.526946277936,173.8942023391264,134.89184205258857,275.7018685451505,245.39575788810245,111.52661105062418,198.431274018691,43.72920325258852,13.528350425582417,174.0109870759423
realization_736,87.84363069635296,183.91262812811146,184.06278868511728,64.25443459202887,130.0756230383288,89.53147009451341,53.48097382161059,76.95848936050061,183.02397379836418,177.58800697588637,127.86203511817524,130.50879653621737,123.82789320604894,144.74585671377585,97.54341666467658,173.6604249329319,96.23106102906378,119.12350147608544,287.29906602131666,183.91726149286026,207.32353725972433,152.60450405446176,109.70860466228507,180.76662255747098,242.75208104631793,193.38383658546493,124.1314768254948,182.8131454320707,141.56817069819644,155.4193646459289
realization_737,207.85781060845375,38.449010108179294,62.90031807343596,154.41838994471834,148.52617091287948,11.879983518700229,160.9676522769835,59.22762349601304,84.90457004579574,128.53667039094998,36.1442968397446,92.8621181815649,191.37495324466025,211.66548588864438,68.04963949427389,51.070015397389476,250.89632609582267,148.72791199966974,77.84113586379675,76.39946809981798,288.4121158923752,267.73889113333087,90.75213041085416,61.82906476306373,126.68631605459434,77.53814247830398,121.71319215752625,117.39134243442166,193.57108445010027,52.55995307163991
realization_738,74.45580985707176,149.98677372035678,140.7459297507581,308.2495894602183,271.39108238585897,165.38881442755545,92.0988749335999,280.6735873638903,182.07898742857384,238.84196291955726,152.27833311751542,73.822618571145,70.83511345126485,100.59382004478579,261.71158535574244,89.2077859876273,104.73018696392535,121.86352333321784,123.34169345639609,237.3939010797891,211.6838960282504,151.00187054446602,128.0212055363244,102.88554158329019,118.0630635863443,105.06872426911256,154.50329405036496,217.54922103819905,134.9588761382511,146.88184918555845
realization_739,255.74130509906638,212.19208375402127,218.48870488612573,184.3150369380904,82.63311410453798,128.168667149525,271.23687477406605,144.07344915819544,199.6247958847159,29.7556989108405,167.62803849973653,275.66634773963136,154.10555294068018,39.47614113729486,147.1644989658065,54.052351458610566,207.1588840122589,163.57419809238516,125.08181660232717,46.823745269630024,148.19178606095647,155.59450194848762,101.75252087236474,173.3954722942995,247.16971335789063,85.58689157902256,5.88105272952555,307.8154165606704,176.6135878748793,223.7260842891385
realization_740,123.3506348051635,111.06299616241122,99.16492393137491,72.1581553996695,218.35833560699183,124.69366511733521,121.05164550963484,125.87362800216738,101.96500466587301,69.14081907487477,121.82843681852964,171.80421680022306,275.3273142563819,129.22954674168787,307.36858097309,169.4691452692511,231.15662383221928,111.78487157504054,19.97312677023507,129.27891756327963,116.51356730866584,136.07590607545842,97.27963568194835,85.80736160693732,134.1669646875384,188.62881146858592,111.9426880154347,101.24538983217903,169.33289861485903,28.359090704497987
realization_741,216.51373345982648,162.80951480942184,70.66662376842866,75.08495808769985,211.7144812337242,84.85590785239968,141.2314178680145,119.81829145106477,207.2516177650127,303.45537478179165,88.79647209168354,174.28772176152626,67.96867451569443,138.14940059599851,192.93247277308097,107.88764960844125,156.3215743136683,187.02529874542344,94.26365646484359,115.34240958130181,177.53371428842937,179.50480927862566,130.26338855851662,72.36566922720704,282.1787628603913,117.80490606762525,97.51802336754665,141.43737094311257,98.47683290673558,226.4879115863504
realization_742,82.14997373084192,180.420894984578,135.17865798468213,117.6993970323031,187.0107759481582,84.0412063914731,288.9996583745146,148.08296465613006,137.08828872203216,176.60120679633357,122.82517908957777,148.52057149644645,281.40790321472264,175.06213103243738,124.21564256323887,164.75493097769726,85.32945910120067,129.2515665798874,197.9943248237317,209.97767150768158,118.70821980477922,116.529004386983,93.13665562565937,164.76846037046582,103.29564299082992,212.9640988256245,76.69372636521247,153.85302018772825,168.5266588528181,168.8903301861089
realization_743,146.19691579663146,245.13785544442354,218.86804937487344,163.4504351375523,141.8770729220868,71.58494201181222,201.30844097723428,101.37908867267294,68.44829646909088,155.34800722765203,112.04730994272495,60.06901969905644,140.013876495321,166.76950980877453,224.37115476301474,97.81058630378045,180.0659544017414,177.1519267729855,88.22320987987379,148.92027431190053,123.09458519188772,124.81857369761069,36.787903315233706,128.65445430166133,26.51030712034556,119.05310982624184,158.77653273315738,195.72035673505226,93.00928114081313,116.04939805975145
realization_744,176.39269000884642,103.86679392348576,132.55516041594174,158.01615332666765,50.38199246084048,203.30354891880887,125.57877749552843,254.29465486074167,168.31977466037705,42.889064110883844,219.57088130815555,55.1633070302791,132.6246397500806,179.332731109327,148.81867757869878,59.821050671205924,77.99485392474169,124.68923482067899,138.2545405416445,64.0504327571625,112.11440784362804,207.09163174674322,156.75771727540473,188.44892712718365,279.9197136789603,216.5960552013482,111.60939983648376,127.47146226179996,116.12032539770017,190.86844408721862
realization_745,133.04775075100943,113.4657173854001,290.7908940687255,70.17104804049535,130.41112781869202,167.03221690473515,127.8394160560196,158.84404404463373,156.02910165964715,145.0334319105487,135.51253042005845,194.14088099637075,98.67037705302633,124.36811218767883,77.7448875891951,231.54831483043955,97.34373033744546,172.14269959455075,109.99200127610283,111.14602545039111,281.5159047523892,122.57975576781746,114.82830073800585,111.9439988486499,168.19174663464688,303.8314284853489,165.96101487863632,145.30482542072707,133.50919069897537,225.0719338150231
realization_746,283.2980215289617,62.544211230530806,135.58765215699108,291.13569548653066,178.68175477541396,102.09112886038476,165.078031834962,167.7780749586254,106.85384067119789,75.41273651274933,127.9656700437676,132.67877810078775,105.00059453875672,136.7274317732505,155.13374679123262,152.28382736117362,89.57401107114026,94.99497096239146,271.44424823871066,166.93746303362613,134.72817887886302,102.25686972880376,94.9901792198643,159.42819025577668,48.48410716419173,70.15056039448434,157.26026062466818,179.0060564505028,114.33908225656678,146.95561660996677
realization_747,108.12441878111315,183.35681005607535,112.95745270719772,129.6901338230911,279.1065452938694,65.9132403589228,158.11307377227348,115.23098023004866,186.839472332342,201.4616091486165,157.5165140442903,86.02227601484944,103.70041088527125,20.354515558150453,203.0574284646568,228.96182204469775,126.96074058576818,100.09874488926863,275.03071709446704,135.11333660130435,60.490137381424006,175.97030215446827,209.5619985514618,205.96755714092444,114.8218252533001,248.96067339489815,161.84378796593322,140.50768272825712,241.2581777905788,189.4383117203921
realization_748,230.9546130869353,82.43621289368387,177.22819170836758,105.092908193629,173.45038592198037,286.4386759903922,29.969305046008053,176.80409408027998,176.1728363390478,182.6426174444723,102.18792613720777,149.12556676848004,142.97452176350222,119.92477009604478,74.20764913349457,158.6886556635831,274.3755361115893,45.691274725418225,225.23139694732308,275.7535103616182,93.7599428937121,176.4553366573016,295.13693828857004,61.44527140629208,187.2335972773541,161.4197401329596,210.74633202356773,145.11702124077232,155.43915511972065,177.81096639303144
realization_749,181.52522152573096,97.92610056750269,159.67865761735928,151.28315138472746,279.0618471622711,220.6023802997663,166.23893304375852,183.98239582849646,111.58785374283082,149.4212248600106,228.34003165694475,113.53170097193954,159.8475466877584,105.15144675763341,145.9532380612189,207.08043700709106,97.47253204293762,141.02039518863293,166.75677343999263,175.31794930418084,117.44924505347579,138.32756596385587,232.45433638250233,152.35030548729966,126.33249395400385,121.50783103215645,132.28639752603905,248.85392229310617,166.80801668682116,153.25807761624833
realization_750,276.3116339309966,215.42158665882272,171.28403940667133,269.252800525036,164.34123283872822,139.23572826518358,35.26033131562359,167.80720195962778,88.8476215946323,114.63525956220334,107.38245495040998,147.71480171377266,20.856361090801535,106.53890138285888,183.0640480182769,104.34867875908273,236.61121272757245,157.33647202927187,309.792632384775,86.76357636592003,168.01520544038303,178.36098150572533,217.32269253715265,146.70447591114456,180.62224852572828,211.7812860411927,112.65724292538518,106.60115257883835,135.73764756269767,105.41335823466231
realization_751,121.72947800276157,173.75509735786085,188.522839937681,126.76878725489503,209.28707877398915,258.0320715065741,233.62981276438052,141.35892337605,150.89147610818088,74.54351822643815,128.9388464752252,142.19850724004618,156.56812977305245,109.80610486257586,137.08921983562644,96.7309795910256,272.65371859011987,43.59791036600846,182.2440560555025,174.6591741817978,157.25524350268512,158.41510589873633,121.50125186139434,149.6815032026386,154.45334365116523,188.60169614080428,158.0738820064999,272.1088145604197,120.27478132482408,213.27786275071506
realization_752,106.68686247525292,108.7591219512083,34.59255661523777,101.17723324939651,126.02479356660172,2.2668563250606724,298.473073138819,104.37109536198706,134.90435169897452,189.4447529921984,172.43380518422703,244.616671841602,242.36828258547752,201.22875466566617,136.39491044329557,65.29230942592191,130.55064061832294,290.9090129960905,69.52429874805225,73.72981039219198,204.84925831838146,211.2599392189612,189.4874089692967,127.37329290442372,158.15436847916186,128.87348857222477,73.9495658792076,109.11089127040273,71.70005917219913,195.73175254428276
realization_753,90.18587343869193,280.7482870579361,165.54850747678762,78.41918840279712,135.9837168292894,91.87625174872413,145.25325151413614,221.83204294219644,195.98640398561645,246.05402899245104,39.03254628532598,159.96684385819248,105.60046396480219,143.928781610562,104.17239201643432,35.919171254563025,64.99190423223959,187.69138233522298,130.64810595616527,95.47242660290874,161.19253088565523,271.1844909766548,130.78943583028834,233.56803415334417,102.03947603393206,176.6799635456216,219.08338908834835,156.30654142682204,248.37164825062425,250.18851558763976
realization_754,127.2861120107568,212.6603515336036,114.19156060821496,120.5894574425987,194.95086354248704,70.37609547765229,191.21536771995275,232.097150158298,89.00263960099699,232.11848951560728,133.83119914384108,230.4708543972182,101.81587938634001,99.08286142157188,82.02076084140003,201.648123000396,236.46580090703327,153.95225747355738,263.243258233006,250.4071571641037,195.08987404315351,18.33755939698279,262.047090267032,151.16598875600735,82.85221449186382,145.81885202881392,155.78616035384255,14.170003839969631,143.77146538312527,44.95956666106477
realization_755,103.24252774571144,133.02827946094297,59.954457106594695,92.082255954605,118.50245077848547,308.79589128364927,113.20679847192062,99.83485048849977,192.5495108164298,131.26717737499445,175.61917230449953,221.79061701336184,112.09896049397622,112.28765244774189,45.01872509119145,227.6638262366004,147.7495699994664,303.1143576609003,159.05369623871528,282.08769051007266,126.79630238958782,177.14982301467722,126.44922574421877,86.50889167219614,249.97737964185478,139.3033952408458,67.91565390394584,256.76967431646676,190.8513373204869,100.27911533833492
realization_756,134.03350049405202,1.723176665573007,156.85859266766596,161.05530170071833,180.54046888759444,262.7438550959579,306.86967670106935,178.69255794010772,144.14514014543738,308.88648523465065,208.71343652482193,197.03647789634175,150.76410398198166,151.06101911037786,117.46894277907192,126.97979156225578,67.58448361272137,216.0578673226034,140.2114990051574,153.15805227469127,189.53851564786086,108.31092691850972,187.07646027298887,145.1953105953588,234.07557401565668,143.78601299879426,40.32881650783243,278.9231780499945,176.86263713918527,143.9596812975768
realization_757,136.1467394312513,193.12020110403583,129.9808425206423,117.19134847590715,249.84033782084018,242.52120478436183,66.70722910964759,196.40936421707164,138.18779053523838,117.98940348618066,194.394751692819,31.749661350497632,96.15507260313383,302.99371560058825,157.7026868780527,220.84878383235136,273.975272233959,108.25281107404942,307.58447676644937,130.534334393303,124.47927367655626,194.72243628481905,202.813925533746,220.4698834443183,255.48340033681808,66.17159580811867,143.25682897074904,142.40746479328536,167.9863214593749,113.98663488906197
realization_758,198.63840766641408,109.25537206635981,53.44422564600177,113.88553735170986,188.5667840669204,116.87842937653609,225.31284179315563,148.89383552850106,273.81053902370274,193.20654506974444,141.28383226853978,133.9486909081117,68.39907886672238,173.81875904845666,206.3099574852685,63.68524316290144,138.78724902709965,103.85205212173372,125.9083140812912,153.84642615767103,127.8762539290868,31.64709644090923,105.20258684436654,131.96023312032236,106.14225191924463,66.2958419441497,237.55570080730803,113.407264139318,156.8695073100858,186.1289760547625
realization_759,102.89866513435209,73.76282180038032,173.2767719948703,84.3293163376985,185.95003280467247,123.94081519749778,180.54724019414297,98.45430442867644,242.00799144985862,275.3730345626588,191.2258251283932,163.02516969612768,154.90127305672095,289.2047210777691,306.9961238046057,122.92298259284645,97.07079186242785,217.2286947758488,100.04530952493494,83.60312423398524,172.75329227485497,156.7282423016476,161.60398088328637,253.85359269070972,30.97163878021741,84.32578771275351,293.1926769124027,117.11361284395419,156.05539710978746,57.171135170948844
realization_760,140.88298110176922,206.89010701844234,168.8498114814579,95.90468357221762,159.09651869290417,305.59603886459684,252.64526205738025,158.4686457873134,63.92963001778594,133.71863980749353,62.04806881589046,106.09839334187396,76.37163396663286,136.39957123701873,151.0896442429642,84.97364894172377,119.32225267631739,83.58807997086205,306.3094429148498,112.35369939898699,66.56879520729055,136.81631189799924,155.78625895648176,242.7256688957417,183.32267299722676,67.64723651455621,234.64355937736917,139.79734466079464,65.71338515159518,106.53700891622343
realization_761,215.13216105160683,157.32345500435474,125.00978436493659,139.97536398230238,99.74637106799693,148.8621513309236,280.511029347976,102.72660245294708,142.06431976299174,174.0364417153802,64.19726415472863,137.08369897665844,118.758310856137,141.1616224730272,152.75661589989673,140.3434813545857,150.17658160146286,94.17662180386259,134.871332816805,187.9117380737358,138.33383467573867,197.14440157916835,132.99389916217208,167.69660886117242,168.47185913061332,190.13661556878043,131.0508337729284,107.08441539151964,180.36683103884388,82.83163545046665
realization_762,193.51858753356672,129.6243215536857,133.84553517832458,258.73773622128823,169.7009392746692,208.50120046947666,119.12630400823346,44.45252582066201,171.2469968271089,170.3944819430567,57.60399306985469,201.5472522160856,65.50861629760634,176.71680486954003,134.2583208323388,198.9521307109642,102.66254586358627,182.0669591545772,124.35306766581179,300.8934894604016,74.56190104387912,92.25104432695802,124.28003870987435,74.3169388134151,109.97694548233041,169.55611573803947,111.59941372115729,109.72607005759046,153.37315972496984,116.41647370697137
realization_763,183.24662762487816,144.20204581631717,295.59834059109795,97.6212088019981,193.26940310987874,143.73993474920485,43.418541524798854,148.47082927808145,117.16517228524464,217.95530009910007,129.01940944280534,291.48233613539867,249.26498697207074,69.84924578093326,102.58091782952162,258.5660322496085,226.47016007488253,109.78302104688257,155.41394223108236,176.1717134338532,238.96872580818808,141.61081649759575,164.18018451970397,110.93175433205657,105.91663385229967,289.1212528289998,161.90728013578303,133.6235309485048,95.23599255186511,199.5076765376638
realization_764,226.99099866504392,114.23734223437427,185.89477863660716,191.1560437311302,149.65834357964545,55.1205332969839,134.0455858248532,244.34269250349237,198.5666171659903,207.22587803718048,176.87088933791088,290.6062741986891,126.97953385379344,143.23973209669325,130.86621371762953,192.2484191675445,245.85565686250632,266.79616303483243,164.7629902858408,119.52812189318816,49.13807591907427,221.3933089782906,139.72798004704214,133.96066130036243,168.44155701352895,241.89447489924066,290.86911004059914,104.42692281374266,102.60516932255695,257.4088469743758
realization_765,170.595316969072,140.06727863345463,73.3818238116801,87.91463473704141,289.5601524109388,174.1231726502705,94.91543493877319,146.36352450854864,106.01907563443933,128.61977539414883,134.13517913127274,143.89324422926873,138.46211578436834,101.6430224927631,124.39542570490134,38.28426323090318,196.60656494450353,110.96371785935969,145.96735303999668,140.68683319746188,114.13202420624287,92.57033600251381,49.78367247049908,146.52023857739584,89.15049992910724,138.41941068590648,159.8427068442917,236.40663600280902,92.30989681713045,67.26748468795674
realization_766,113.99421900098513,76.99956320749536,109.45701018269006,229.1609111775767,267.0774082518673,202.42795876479693,138.1979168763449,283.0803805310191,280.23652124281625,128.47068179068,286.4954743296521,115.35741829411876,84.0668358609903,174.49930356226972,165.61166574593258,71.75153805809482,106.47186380210717,80.7712259657341,112.39772736831668,120.27585223174525,180.60607755650497,67.86536151264464,306.93550282068657,40.72521723878933,192.09481321277633,206.02957356505456,185.45748599749706,201.48217891854404,149.0376107017632,231.68459432772931
realization_767,58.9399703789737,137.96992534142922,110.98881497831391,166.13279460526962,64.50362811570821,147.4659988907062,182.12026940407216,78.83530345259378,81.98364826965141,148.99700979211795,173.44147529354177,159.40306129744198,137.55072872357127,115.16724097029426,122.95300297529964,94.37662216444272,309.36274002190305,188.54497828261887,150.05697678544175,40.304284008873196,27.601181205277612,86.27243680342926,186.93624794020457,89.05311759219751,114.26871989802325,149.19653272377806,89.30848018782623,219.93294048182503,218.08415120338213,187.71217533654806
realization_768,75.78792080736258,110.49699599472996,165.0893842390457,177.29187397670404,114.65834834242257,139.1901761599825,148.94892904762446,93.85408227180102,298.13982634868455,171.70053098719637,70.06578311806224,65.15838206551547,220.62687260563897,176.4005874523368,165.35769740027553,123.09398885699508,241.78207449938645,60.62463162753282,116.06114282439579,293.2919458565424,76.267968016822,133.82216227934663,280.96549047626735,89.41296527531095,147.0668089067605,80.39452246062226,82.08665731649944,133.08434141094077,171.61328898311123,196.21242996941794
realization_769,287.72925048477896,231.30559478541932,120.69770139128788,92.28264490703562,276.7260255691028,190.61803476350278,155.73092718853565,141.12741339053792,117.88277197062126,103.54341841175096,212.8829644641424,62.53579658589169,180.38033314496585,307.79984072617634,188.88936269697535,77.50589777406238,82.11741929936775,141.53331847889058,245.99641338992453,34.9834336547942,124.90306873001805,70.15728385923583,100.36662276817137,138.76807198608398,75.65080901406262,127.36582690079902,260.9560773070829,178.0484177291932,177.0311852232857,123.5135376435669
realization_770,77.75716986805267,213.10868297881055,59.07856181688814,86.07468488125059,127.27118572672796,157.15069540555132,127.9945097533658,68.18476372255283,160.78549162251616,125.96599035710095,103.82138195320915,84.19826408639128,103.06049123194583,124.06124106082021,188.43705764572758,0.6267361724951854,91.57694514986632,66.74477468633506,153.03553116319463,136.5279324517693,172.1294871468832,223.65386492285973,156.7621575452511,82.06883272029506,205.29530012808516,175.0060560717502,35.32676411363145,101.33484028603567,83.64135048703633,65.15607192663288
realization_771,59.08409578204336,54.945906197885435,207.24070079631213,224.5663733306643,84.93984570115315,134.91246269759586,100.49443776326072,202.0710914293838,116.34908687139237,150.03575586935986,131.0794512577191,215.40946079937657,123.98287230683094,129.73780765718797,98.69057491882677,121.69870292275698,71.47116490933308,58.2835360372453,198.49088546146652,101.12888694038077,226.97327372343244,127.33037433159049,58.31833966106112,132.52026390664247,107.38228096121364,275.80470115214524,110.8679734603987,176.7099703226825,209.8351424094555,227.86262893453383
realization_772,144.5773448292975,232.1601784932245,106.6649790416621,170.51356471023462,112.42526123937242,178.98181091969386,121.82457014153607,140.70844857288614,122.37869008367687,151.66233066456135,199.98710619371454,282.3074721944531,124.98929703830768,198.69778511151316,193.41316154396043,115.80631813522618,95.35030365599567,161.32599380908422,154.5802723394801,199.3387239780883,187.81410571092053,32.50786570055298,143.24633529672758,176.78953948982667,35.42752780678078,158.0948381461186,174.24001342310063,192.17417929151458,135.83899785504585,202.86804893786626
realization_773,141.65945403234286,143.15453070115544,103.72370692826244,254.25989993894538,135.8471025952878,71.23006601436751,269.8135339971062,187.29267266479678,107.40994388008443,242.89545309375694,159.36310647701055,163.1670415757985,182.57184260214046,248.85133869768248,236.49912625726313,120.00371555505076,184.14165388164733,69.03826506722235,120.01110339510822,174.81471067898582,165.41872601227868,171.66301405478922,247.3767818847335,89.3177365992709,175.17021544156432,113.52551928628114,169.5755803490151,170.3960068552126,164.1509054851647,138.19746080372553
realization_774,192.0688945646295,86.86420377440547,78.02532732840422,72.56268915030961,197.78175795419696,191.89973568701424,153.49671143030065,130.69149569538655,122.47641206788144,81.06066612840671,93.27384984442793,125.08769905729287,160.41960496188278,243.1952704922465,299.05307020366763,131.5725903459701,122.53626474040914,87.23133595419267,250.1051223318416,262.32647677763117,88.10680445098083,110.27141629884603,118.33715438737,126.6526312905701,119.7289132016439,170.8755718798509,180.53936705170895,176.20887012596367,61.81951568404547,139.7777584916326
realization_775,232.65358888440244,162.71074075798293,300.8297889904084,244.37175215386196,127.60556130685026,140.31440730486526,174.8945702643901,156.86215656150856,169.50482291301918,172.31322193497672,295.0153589315837,207.8946382803036,160.23715928748416,198.64548467035334,159.5641051283771,213.3312576799792,75.7817357271622,93.65156285381019,269.3070260735323,129.8123571934688,102.80320755180298,102.02930421712848,77.0869609594637,161.24493688359948,134.78555119992495,177.68826092029448,306.5922923485922,189.40557234484402,185.96005223642618,165.8750406582658
realization_776,136.76953872561032,253.36627868657484,307.3041095379849,294.7221039168342,128.16697473436267,96.34578806163606,71.2193681067703,131.29772463819478,79.6005734600438,186.92758469388946,183.45236034493297,120.98272391442538,167.08882900557015,61.95373198869012,165.4748391893489,106.5237084658261,73.0592985369409,236.17282030143934,233.88395031954542,61.41201920655788,148.64838595839353,123.94156325707115,142.77073350577535,93.67945083143847,279.2636467677614,47.14749315501222,222.8319205444688,69.8424227190234,201.79111179786858,148.81758228746796
realization_777,51.056858300610266,131.55928831711122,130.17851861064764,78.9992244364684,43.546342139119766,204.79529499123834,125.05873615021117,170.85805758066277,41.19658943459385,157.76020152973328,105.68429680330105,27.2980963025172,124.92705344520951,182.53411450621996,140.1169444724744,99.65356571610775,103.46372794603192,105.46452879039475,304.2432309107195,86.96798291449657,83.09585684217528,95.66245920035911,156.72010652508598,152.60690097546114,79.85989593875149,89.93953593411283,4.232045198586135,117.54887948729605,62.40711794885675,132.627221119475
realization_778,209.55487999352752,292.4669595063679,90.56469756958901,230.63942310514105,113.37520029261685,183.00020269199172,6.006613415825655,106.30936078882232,302.2073682792486,215.6625683977196,234.6199963977325,193.5240438770024,76.37720008572114,98.15311496744093,189.2666140745797,95.8554310254612,125.6169116339721,187.16528536358732,123.48505898693857,75.90556678660653,97.54889394649481,299.25158246972853,131.43561143770248,47.85881056884121,127.94124514073611,254.17037219239464,117.7102394450743,222.49068188075898,141.0529318902539,86.3276328271009
realization_779,140.60740125414955,136.1690528043459,84.68283921882299,26.359834469863152,190.09758352623388,167.89467815496226,117.5352235458859,181.70588574741475,167.95408295437113,156.46172167629987,94.94104017930567,187.5351457664875,91.56611206340777,64.02802526906555,204.19515667774326,141.94996530226678,97.7502039274431,178.62388039611903,194.58413178740793,247.87200396598615,104.8970555225495,202.56426822587235,201.75088102941734,58.080880990206566,165.69342972529046,64.53728300862859,275.5096176536466,257.73115707045014,89.65610707906531,206.18798691700871
realization_780,94.76726199610889,174.09288910799089,125.02790562257839,136.14394851311772,82.67418050778132,79.08734247522473,283.07261944407867,176.93631674231787,134.17300750876876,195.69501882505816,221.75395272518102,106.34411676789011,94.77540330800284,220.09118363863158,105.33846299593155,187.90152855617526,152.21248182201157,204.23198571637556,178.34651416895244,90.44614965203529,163.33637245509303,186.70338092949464,189.99081722972997,164.91458292223018,117.33771722981378,194.41934817995954,92.9498744710441,174.06923636877275,64.10274886579384,289.23125597871103
realization_781,134.85181106409456,161.99556582420348,70.74065570940442,55.478533654993356,110.02802751084039,160.45519381398537,41.53849773480408,214.2334636540735,87.52619906556939,81.3141634552204,129.26282494971463,170.23692993379052,107.53401540948323,154.4398870725578,147.68537795077265,134.98701304259916,254.33477370935876,174.4786018470479,179.64833722190846,131.14735064940433,120.24184101555697,151.23892445898485,53.41348646305798,306.34177545575074,114.64705146890657,200.68518823804058,199.0621530241196,235.15562722178873,97.99690040980872,46.58701804882452
realization_782,209.58888214066948,49.60951501579126,122.84719537471432,140.534859664695,119.63899163306111,99.3827924611427,170.6231112580955,263.6329235746963,217.69227987697437,96.99777604789134,199.7335480873392,159.12943755709392,178.47552637539837,72.37891653249117,201.04912855923115,174.11518649792217,197.5236116088071,130.0942837552682,276.79927861555416,153.77209467707053,148.77277584969184,180.97467458302214,86.54325639328303,123.39368602358226,123.01646997973901,273.3377250823988,182.78546625860204,136.16302639461614,8.870588169793024,115.9725570591553
realization_783,156.30182349804318,235.78370065615104,159.359597633499,178.01976075192886,81.74562850336469,200.900233456409,115.48775884255684,84.94119317169405,166.64654412346542,208.46001811386367,245.9222054024466,240.26705163616484,153.42104417761422,42.87835451053033,124.88286684827366,129.24117148512116,188.74043854971282,54.943724929812944,196.69144183805793,65.990167147577,299.67603834814935,220.97025961865992,59.727122569218444,138.3820230837838,148.09224712779925,158.21717815327597,133.70157706544586,112.1705431399346,115.55026815562131,206.1047127067161
realization_784,137.55124054578567,125.43494762398205,159.942624199645,143.45747086319784,107.77288043500376,113.80031113680006,128.36779851086138,85.09075495959306,294.28577917797327,127.22553211594747,107.98415772383446,224.60270056267248,160.54460166634138,58.02199696180033,207.6629621168447,229.55060558698005,102.88283039481412,162.1874323344469,118.69355565111456,140.03551278407588,70.94904659473362,77.11811763255328,108.95117476987366,175.8177272342251,132.5617191882108,202.0807660404172,130.7983545757281,122.8748693692213,263.31455931942384,128.7389107085025
realization_785,175.68628220159803,273.19310933749256,167.1641303522013,141.6534349221775,131.1573099295598,180.97489380703254,246.75462353373894,303.8774455020676,177.02169351168766,276.89200099508525,158.4929719444781,200.2475261963742,108.92363917409342,74.45209642752366,205.14326556407087,94.42371961669673,308.7326758084128,198.3285914888088,138.29464705806146,303.332189081592,43.940476406330305,216.49630911673006,247.29926496289056,101.53797238574103,157.78047703884326,216.05534534163928,128.43964428085278,46.67952586883172,308.88651867772256,128.3210883553634
realization_786,186.49804475546586,95.63039842843158,116.44583081532753,151.38146940098665,160.83096500945226,58.91111915739413,189.40523242064202,116.38827925902781,210.3192335325632,131.17549381668937,91.73106919081461,191.13579630592417,111.7655979504735,100.62915142133467,205.69975521200232,109.38575458961265,55.077902700044184,252.44830398963308,90.47348686919966,171.33918829158875,170.83926482650338,146.6910132766954,83.8214037758035,152.8431592336507,62.94533896456295,189.40883799775537,143.44317696077502,186.78471359162037,131.47331965867423,95.3903924046348
realization_787,211.43787834375203,108.9567945950463,159.38964126799777,180.3496611601464,158.3550821598062,165.317900920742,145.2921466478354,39.00831273843469,156.47245018468385,245.84076290727063,167.58352673062814,109.74878067295867,265.1450651231811,94.51563107601805,86.98795680450027,97.275335219817,129.76187958027225,146.9120880844263,172.62311610235525,150.84678603759141,75.76207219290255,116.21041388835648,169.85340303293037,60.99286013191531,234.98377623251142,67.7266936707754,113.03732062905672,238.04896078690348,44.25933598261872,123.78391131796437
realization_788,190.4061642738978,102.31305905120644,90.14499036692624,50.04478483091361,149.26346381641793,109.08159382700202,162.77320673795387,185.8291059643504,132.65535121822575,93.391860240011,205.19993336935462,149.01930552628608,94.94833108320267,173.55574266635995,92.44943965569978,249.1539339042982,197.92016508213104,91.04158941514987,142.31316601135333,193.2405601240958,242.809085066591,149.8941707887435,168.81411845832446,171.03976717909077,147.81866068729602,128.44572305732422,137.37466019703058,209.07945894501177,18.04379581328115,245.9424253066162
realization_789,64.40253847216903,103.61864552118755,157.24367074988757,87.38296716083839,190.51774294655652,191.32158982947996,116.821372500291,291.481426703759,129.22531405153055,177.07329445200918,199.09590405140656,93.30372098603226,147.45300931242184,279.4329835311517,105.43118273834898,175.79562801343852,139.44333977075613,300.5532382368709,109.51204630524728,73.578772141217,273.51918616731547,142.04682656520606,137.30835699759393,213.43093635813023,33.340000438983814,138.4359600790611,174.91947582823516,35.166246071247556,154.6175812203287,101.89647183494375
realization_790,188.77264744877397,102.28835780131455,174.08173938177646,129.3954502590903,181.1911229707738,76.90851690609564,150.64396675634683,190.7798929001803,48.31023827059608,244.14251107016742,281.7902370787519,111.52075644825908,197.03003132123308,159.62414415739738,212.9742168501723,290.30054806286125,154.37041422990848,124.70350305711789,200.95282742662403,163.6253702227698,175.58988570161952,286.6835792551247,100.1071982605385,143.4136489969896,83.77454905740996,139.62953255044016,150.18494399820008,226.40049280479604,128.49685510921628,308.89852055258166
realization_791,110.97053727833202,99.21144207610742,290.3329317598738,262.86538248429264,169.44151546559914,286.972943074066,136.19685833408943,144.98364970626974,221.70605731639714,119.29726136173153,114.98479146726712,105.03936702954786,94.85349855307032,203.8444918649061,94.25914780933375,183.29391043870208,249.3524965924819,104.62673468055102,78.20654659900217,134.43594529099985,277.70681424887147,198.95391045202678,145.6441046327237,301.53510787359477,274.9755986960725,119.45621814333427,140.56201492127653,81.927600556727,101.66690957153472,131.5025659654308
realization_792,61.65687227394248,78.89433659674783,100.54579863677306,19.46220862370167,103.57381752017841,54.990533698006075,84.84998100820091,275.4743185860377,80.66363746620829,38.77800194987783,100.48967959469218,233.4646124465957,239.67477562974304,110.4559762231177,82.74844507346373,154.26583558515176,291.0061845905524,102.51685096141667,286.5568813223341,86.37290564314303,158.06342869675532,203.80674955990608,187.0997947682467,25.078030117631393,142.46551671236742,74.34633004255471,215.8578741365788,180.50026390707498,175.40279911519636,125.16234856375513
realization_793,116.72212726886704,91.46659322766209,164.43822226386294,97.36208731532523,122.1098633093732,173.41915526492264,115.57119049720067,172.42848691115648,124.55947609141487,145.5169611414076,106.6483746676577,117.26597825247742,93.5114038164865,136.8750615478559,95.240263348464,116.84054677250019,309.7508225001277,129.49964936286358,172.55582740623632,172.34526250601687,188.50444253618744,86.72569139229822,93.49322073843999,137.8642586251696,87.86927285826505,168.3442345914072,123.6678328497573,132.86273223379973,309.8334959809594,289.491016594949
realization_794,251.5980526767426,212.73799197944302,118.87523965988058,266.63086764209436,123.36040599477734,89.33291592480589,140.33333875890702,119.16924974757326,128.14930120089673,115.49705379123526,269.04406194353874,198.0692049897725,179.68500746008098,197.59531556940536,213.65072315892823,121.3935403020512,217.87145298414356,144.68004545246677,130.18383668932952,131.44750924810643,56.90327092500486,67.87527734522733,150.07096433025544,290.3230749569344,264.80661360736445,163.5974125171722,140.122012974807,203.36469434347464,97.30817914289992,94.11082409458932
realization_795,231.43366535237183,162.77821640424784,182.3312202382442,25.9465499307438,96.68160097598337,105.05233883727263,76.87970124832012,93.9266438082602,85.48366934923766,211.74706365927648,112.44681509302515,195.9899937192747,137.69934001531416,62.455994186415026,291.99648638425856,81.44461787878356,141.82429447481664,171.7796720916504,224.01133239294063,140.0155028235008,75.07277652798942,180.84087475455024,187.04630858227657,120.56662918386444,205.49388056720778,50.89117377733532,81.47413376218184,204.52620289066607,111.10003916039247,135.00342838854266
realization_796,241.76842243665885,121.62549585406937,65.86910170208414,143.8838014583475,51.90073453506564,151.22988849608052,221.5423586946395,178.57401212881567,41.557615883436526,105.67715319125583,118.35026756813647,94.79385526916927,68.28536495320165,99.07148748345675,190.1456991462561,78.51406252841232,160.80339695966342,102.09406894639599,55.04484927826942,178.9486312073392,112.29613284345966,110.3547516208381,146.1577297239965,200.61302230258704,99.35498997962338,58.98873051652846,120.13514482974016,80.43669130451676,158.1543999546588,149.69493855320394
realization_797,142.4792738009789,83.13716859449907,253.93370533500342,186.01525358751874,123.2371839407755,124.48744783703312,137.85289483401087,139.6400961429735,114.35031589618629,84.07445367777744,126.37310663873907,244.300524576971,170.4251390116707,196.02875918926878,108.03537814340942,135.98192269541013,187.94639408511102,73.46175652913313,58.97470527064696,161.79147424289656,78.21201263798969,126.75646826442359,165.02098734512165,178.9852196445036,112.06310323236342,108.8753669422261,144.92252679178878,199.44953508331034,215.75317291475358,280.25699677618854
realization_798,132.05234890941767,113.29199156646652,165.1751057516371,103.19441020943692,168.45083157193122,71.41899574074196,279.6272772785382,250.24349791260215,146.55930007149095,138.3343719186343,262.4094236905098,150.66809758925342,122.81553977552875,55.14382759636155,251.95915015411543,59.51372100524164,174.7978160215957,205.75479516978655,147.35685614863195,167.35787429178683,55.820660152806525,114.34937091884568,289.9672498585462,135.42661845490628,224.9270316836043,113.99973173832244,110.34989608754638,123.41712108571058,85.15090213742855,154.3807632702086
realization_799,188.78950950852936,63.95360759567431,127.15997251417363,210.31582631188522,149.66148898895403,220.66684817477963,110.63756837608949,158.78441761068012,125.42686602263154,72.33629363397243,308.99707299332186,200.92910265412422,136.2758555049321,140.51328873150268,96.86359977814159,52.001039331084634,128.10969011719936,103.38770904439865,122.23193336586895,198.06701545966988,106.76941804950225,93.13630609199633,262.6681161744944,157.2495949522503,89.44966938558287,267.70800742387894,88.04592879938755,163.27546823601043,97.86539774732285,177.14478130296618
realization_800,101.62244818499093,85.49847799073535,156.9517325194983,126.69121414109706,186.17471243285246,160.27409389305637,138.52299921151155,291.4855049932469,104.71523036872554,277.0838451269209,285.31291880972145,290.8023670504823,163.16681178665218,122.16253597956631,126.02242624354757,241.32932675999075,71.01954083001152,154.29125021920927,148.1888498243078,104.21671445726513,291.0012181028196,191.46477095399337,112.35800472382503,187.68579594954707,89.1959253673075,183.85313486716467,165.18758060447723,304.07847306030055,81.35826438163681,185.51827922159362
realization_801,223.59419976627788,144.8579052757823,171.22520283738254,229.62730965454784,142.457849319524,162.19802153556583,68.34800251865114,186.92662001192713,112.41386622044635,144.5073244773448,156.5930753401324,31.758975506269685,203.26983131105712,154.46962943722878,80.5917355515298,300.8650388289584,303.4623850076975,244.95358235673666,142.27874686395307,111.92401585429009,84.24948511759303,38.921702432869466,93.96293502558214,155.21357624698808,124.14139759066595,102.9519595019033,240.3884904604215,108.68218635994094,147.78061929985878,96.8315359886106
realization_802,181.49631503893863,187.5452223518824,199.80041145812004,161.05645673996182,139.21893943470272,153.34240469197326,91.88468606326896,211.75252933430815,231.37140254570505,280.42731642427276,211.2946643406411,283.24153129964475,173.78079042212,129.83344040072083,96.51248344548308,168.58254078725903,132.01716426252347,250.68738289177142,185.61639759441863,166.67347134213907,86.63194536215232,114.66909586218675,139.7265416311139,70.81740451291734,148.80192225505343,180.76164482166612,138.49751464887532,79.14639169983315,6.516528716656673,102.17479668737303
realization_803,174.66097475926625,162.016819910523,99.93650929799612,189.20048731162808,186.11358566312254,69.10502065461209,104.17846860269387,141.27993450535647,159.8997192095329,91.01166344781244,108.28101622199439,129.7320662779095,124.3275062753541,198.75764096601003,205.05740074295417,208.6067687296798,43.96909288039291,144.0863018237404,196.56683897116844,207.57381655459983,179.44990295290012,300.0119587825416,31.941144467118207,109.03287894380755,174.7963210509746,87.11627931328223,50.65038018384144,102.49163387513194,66.84913412689312,169.39520657034026
realization_804,217.08012720671758,85.95804046090245,136.88501710841325,120.07990022761379,201.81177518511296,136.9823517528878,201.1377614220326,186.14290893146594,120.72602015112662,270.2474880968643,116.846343350575,171.561428796312,63.06867684350379,177.7970706755177,146.83276200233618,233.1168117383859,138.23952154658514,162.4968853167121,220.15483556921248,27.685269492143846,144.64227443932288,115.49479986792495,148.37178537443376,163.14232520288502,103.06196242374195,120.71130465579166,158.62979124650565,260.2141373030318,119.90881772389974,166.22482755425378
realization_805,115.15993807530367,92.65732754124208,96.9387141780452,116.91474555428326,176.35813264000325,142.00721437545084,181.88739860360167,140.45167267647003,148.35160900061717,145.2537424656376,99.64103703997901,80.67183129426247,175.89965291529433,140.94429918066584,162.34499628571652,293.7196939826751,203.89514324673715,225.34314630924308,108.90171645300845,42.59712329827089,130.71999086568127,110.05139439705162,252.95189150881424,254.24065806181176,90.21710921553573,82.63274702440621,154.77644614898094,306.9932745076759,158.7935738862149,106.10170800648466
realization_806,183.11769109679815,130.4971261812447,269.1500294183361,122.55332720645754,70.13341883793437,252.00584435669992,151.3486142140514,150.59971729985082,141.8331628128417,225.30029419459385,94.96627379590399,208.69247103376676,205.30622813100365,105.22358264166917,243.21753755462208,93.36603559141763,183.9208348954228,72.31875800745576,108.67966458361724,172.4371800003219,83.69217199306595,58.00560839354119,255.16718325194222,117.20506203036908,198.56806742384276,77.4105154616542,143.9665330484182,165.49211223866658,93.59121209730122,220.65937267712806
realization_807,300.64307648946556,203.04093187638497,106.8099632151486,142.60221129536475,129.66981477005868,109.0086801946731,107.04664748657532,170.92791355467546,208.76569161241724,189.47332728723657,30.03886518188181,157.04531418631151,269.90332065362696,227.68816727000421,191.42618876987774,62.906200591884556,129.8737340093037,149.17456607264162,272.2079662707999,184.47382197642867,306.83815086779873,112.89996440464297,300.1172582657731,175.68096897635553,178.2439339138982,199.77299395275244,155.5868260974913,75.26192297214479,104.93115359579684,162.55270808226817
realization_808,121.59701326939164,93.4779718762668,299.5845262100642,54.57878575447474,147.332946048515,286.78498439790883,108.94175285743437,97.14833876075862,102.00940962310024,86.36761280163758,229.3839461039344,164.81806015227147,159.05682186915396,119.20295078807293,106.55919643924229,146.05547347480066,210.00436113406096,171.65500546320155,169.04643657395872,110.3480516904894,57.33263317357421,137.9923550212545,213.99274963900933,138.63481398488778,286.0191468361676,121.34079422371559,35.5119083620943,106.71591794676007,105.51653609478684,284.6534778970571
realization_809,171.37610344372055,166.73464391581376,92.18853506818675,98.95597726630497,287.92990577661703,92.9134675609413,74.72079924038889,57.52932550987431,230.61634979431346,152.94407544197298,242.3200593926057,249.55593600938164,156.76393199208349,131.10040558650846,219.32099003467044,146.47191921980453,62.40635166634736,295.45275771875816,72.74579151912914,184.83232098057897,179.32075178811212,102.45793219090716,229.47749180931874,304.5101851287213,142.7337577604923,122.03507079794375,107.39613905504788,160.4323149248716,83.52020810110535,80.33493213521439
realization_810,195.58509247122058,123.43364427080999,174.04345600770426,241.44742125296096,117.63895317924595,105.84522328506795,257.9589517205814,292.2585947026105,86.63663638532128,82.83133900341761,89.87085795272503,299.6628666646743,210.03324506712892,129.23931424386063,52.93233795985131,244.3308848349314,129.361488928558,175.68158749349104,196.8574386325554,168.85238782909312,50.206420912333186,187.2553663896673,199.7854588662901,191.7903374397912,83.56800473536664,79.95740483056971,135.1141127731749,83.96032832437838,187.44141347699133,308.829711224628
realization_811,57.38445825314318,101.43911235233648,147.05918127471824,278.5241118821321,280.4218953573097,128.496945021343,138.12226758482106,111.18571205159925,95.26144136096477,150.02334867987923,150.6222790022345,130.32726725094017,80.3879375552995,136.38642069593095,151.29488004421736,35.58428068170741,129.575398964884,216.05737518503815,181.33164316455088,157.0345225386566,184.61000973300375,122.77542512283873,188.8961806589782,93.83543444965127,248.85151125112907,148.94419256399536,191.4863223018081,113.21366542006946,158.13630070763077,146.27496975619457
realization_812,210.15901146154755,122.6025806101071,50.99741462051574,144.97885521230285,111.68374816732602,146.42290503193314,221.07691007396681,179.0824979388235,202.22190293888548,137.69088834967252,99.44131524814682,131.37196015511475,42.36156950346104,106.25569693331227,111.2632446473341,126.46639737600628,134.79873816358298,109.26793953998846,107.4444350037796,123.41440161483254,145.61296781807286,95.32375285324633,97.7159886194396,127.63646180488988,81.71572203889241,253.35743623575885,203.27960644321232,168.3755234216211,138.56934705782163,131.78519622929082
realization_813,180.508124886723,112.61515390233954,67.92721444167461,95.70295312637948,193.41268467369594,305.7844081991261,148.624194961598,130.64571922921698,172.36368424061288,102.09467262838966,113.48088204577941,118.87814064950535,111.55371146993677,50.79170555576608,94.1800541203481,248.78581007128108,289.31916135480384,108.18819988518176,97.38781189439308,258.3403508698995,91.0241007988256,293.8463186573697,281.1630513577051,208.05208072755158,116.81813258178269,231.7577299218293,97.30639459063842,87.16936081628486,197.10278464427122,136.06448977515316
realization_814,154.05331474709743,99.35156218663552,168.0075623803471,114.98989323376938,128.15816125457994,138.4464004608345,155.47739238001185,205.0871504179361,167.18436990571274,165.3712157160593,150.55693583685124,157.36271973493112,204.47435903044487,80.61245833811284,101.62802119195779,114.36422535025403,232.3130471646503,225.24893159921,103.36476100314657,232.01373281154054,82.6355799838713,262.81584282541047,209.55131437343664,145.86517225254428,294.1094805345278,210.51161696472275,167.46188184859855,121.1814325479065,219.6274146977116,136.86085414700838
realization_815,201.06762762536232,134.9545260172061,203.3092454586677,100.09448182247962,165.96826704929086,191.66136182384696,147.6097421595165,279.3552073243053,287.9907950049781,184.59026375484595,168.4597218967043,309.36206732160963,166.76094377957972,181.91246182280824,280.3852258044,109.87318520218078,110.39657700931458,132.51232083413433,124.47744854837279,117.48437828027048,215.77133195669944,69.9546394001941,211.29178312943364,136.5492170982158,135.5487000752944,206.49974958777455,269.4335927495772,228.40737605095296,236.34034597728132,162.22440827197119
realization_816,107.04213559185399,186.7167432239339,117.51623433612998,83.93635108715847,177.23607114621677,124.55362527468573,202.25136152804058,105.5880129122674,158.73148510014968,150.88453439467293,134.80953153586017,254.12345595774278,223.97114901186092,77.61463628509028,113.68602016932442,38.36257435314202,76.57969928076744,87.38933893450073,62.761443358902085,165.06677376191124,63.529212039518654,159.0338422416833,97.55140556181384,297.1997643867247,101.3666438356591,130.76979563842696,150.0768368902633,93.95281868328426,101.97953334890934,142.22098981849226
realization_817,62.44709473283656,161.42469402736776,58.22378747042188,162.83885418887394,164.65387666035022,82.86730751160344,300.4517295040171,161.6524935007216,166.4243873099787,110.65961112850445,167.18366652500723,129.1434120310239,149.56254245224846,94.05453384166935,112.47483584037974,122.16962295931572,117.27829446929235,122.52420593126654,139.6986974298625,248.8157908296211,263.17385191931294,183.55169141135482,259.16762611419966,109.40504217254598,119.93437897282307,102.64252957807768,223.62306948542457,76.87743015250025,122.46704761098133,81.0403979744587
realization_818,91.26363335888685,99.85121987917891,172.35140190084797,151.6444738601103,209.1747404501461,306.0897918864458,108.7240350715861,107.42733498239672,125.5289101241042,289.2069591348971,176.82686774097863,213.0329433830482,123.30073266801213,129.28872369547378,76.36238734491262,183.90392760602194,71.04695505301056,49.925047532460866,119.43142997179085,258.9310411902128,104.09131085043076,123.39786261279684,153.93474352141965,173.01912173835126,194.51319853364402,116.25830588147775,237.2007098955368,203.23933327364023,231.88797767180412,194.11030882783248
realization_819,73.24681077637199,224.78415505002732,171.6805096697149,201.89757703514115,121.50959502690728,181.54707318978265,138.52513555023054,142.089976092322,110.63597270065623,99.82663744516033,166.475364873883,213.7567015031628,75.7752988250597,103.32590230698953,193.90756067309812,122.29618877320786,111.17968013323693,73.43930918060947,162.11705310654872,126.90800308228934,245.6726090412611,149.8540874746596,223.23347240306572,172.461304879254,143.26242894594554,147.68632084655263,171.13014338842422,88.80332789871954,277.1316168897771,49.72413451008043
realization_820,163.5465123030333,124.17230625756174,241.17080404662136,190.8434456651418,110.3234971147566,48.540105676030095,155.47429263878684,78.69811373616159,104.51769077378223,116.04860856958226,202.37169809936682,160.20779560936376,126.20431982090764,190.89370822525348,113.8705548292472,127.21995808025629,157.8906556936581,54.43666660076343,231.9495211428296,78.52966754818391,133.98124541853778,79.15203438185586,290.29448752199977,195.7544584514759,307.27017798813534,68.4795401525594,200.26365555278787,77.06403580709015,208.71231715513778,74.25758459811958
realization_821,208.12018367151063,176.87542573354494,237.9330005626225,102.87757870086601,151.0410439729503,38.46779860478624,171.22950121022345,205.30141361005104,165.73877351280998,131.72263254416055,261.98422540254097,194.79935213341838,262.1832766577069,108.61386072696872,129.66850074458048,41.56007037878496,116.71478402149658,215.58712547142576,268.10624652322286,159.29421727261771,194.27519161544092,75.9076238200413,85.48378160093347,110.68502312814334,103.96006154759272,150.43041540761735,130.5428282489443,165.15235421206026,225.26113795814155,101.24564117886577
realization_822,230.9165806847435,129.24775758721165,52.02481406628878,165.6153851232645,114.7839540876571,65.71528972934283,155.12724728036147,159.9468111428542,159.39973093827092,49.32249708255007,118.61359133573106,308.8048498938802,214.7461596277665,102.79887657030321,138.58310930139152,99.97621717594629,117.69963208476388,117.56041800020617,62.10938203762419,149.23794423937937,87.19845695189554,125.64838051199709,145.42547191474966,125.0688105436961,162.12881620649455,136.2651650800495,119.65384319707381,227.7993813926516,185.82819265030815,80.74231011731442
realization_823,165.04283682296932,289.8644386895404,109.45025561525952,186.9589148404891,246.18607253182572,160.40969970152918,117.84982935310832,97.93773173667978,140.79591097069834,156.6592156210364,279.48366936558887,78.20924000740595,136.11509276196688,110.42717959523613,151.14974110751353,169.95248639603085,239.3582770124688,147.37710718967386,159.77813965979274,160.0219246264281,147.30350424664192,160.019358656879,185.54970493011783,142.29547459832506,173.76693160625038,164.9872541676315,136.6615072506331,186.96233341708512,89.12596734762586,244.79342837723073
realization_824,83.22991200234075,144.40867321833818,94.33877859218723,279.5117900797715,165.16412191407085,98.60056982417308,86.92904471945798,118.4343960917841,131.91350919025876,145.55036607318567,126.85676471566705,131.92894732174616,130.20804825623483,107.17633629318509,112.32133941729577,235.45910017910666,207.2293616060901,139.3916910972453,190.58341215247577,113.30361230927835,148.2959356668199,188.33048238606233,220.6372789671374,186.95479833027053,186.4662146787724,41.63706047537599,76.90279764496823,205.283072989545,143.46941085287793,56.59527415141898
realization_825,139.39551808840827,102.3838439391195,200.5129881014613,165.36599387247202,214.41281155135488,191.68022657734514,132.14265524506507,32.933380011937,124.8106409310217,155.36462281010233,43.14420799155218,138.9982386666419,116.63255574987184,119.14419191156739,197.09768712288798,132.6142084923081,179.51266197747736,157.10290014249495,138.43143178099456,125.06200552662648,150.84964065388593,295.64918958672604,95.4145504975859,138.64887621034418,221.14769716668258,23.084030985730315,139.80002075623764,300.851898414396,183.96648338035715,47.18241682787098
realization_826,176.35187636516207,296.2904875135203,284.3603567255298,203.17738055192237,171.59845975800468,259.11484067289126,172.22683800379878,135.0622872948971,30.903730988460268,146.96680384551755,107.37175372385734,67.87177326658218,58.507489991057405,97.41012009080697,75.83777869651153,164.373547848851,137.20715802170812,110.24633480885304,119.63398311967482,199.14270448366665,135.9040254114107,119.45128524141992,228.36363824380825,149.3032006085444,123.6123912342668,96.35528432914072,105.88125082815526,122.40171546086094,196.93054488754933,172.19953832693562
realization_827,62.150432460288314,133.89916211637112,100.46497880356412,118.29261917564355,139.83763648652942,147.1016775624335,200.28750853079737,125.27117283769668,142.11902790423522,72.44406015642488,91.24904378120358,138.19922856944052,143.88481491122448,149.97436379069308,304.52243767567535,155.95216716498598,130.846301700776,117.51491695063247,165.93785615725454,200.17713228168157,88.71990511900245,151.86120820539566,156.0137953573917,187.98614931703918,159.76348840017283,46.00953630306826,140.57020997668545,125.47136474196499,109.26800348339192,171.4049043051981
realization_828,160.45116551223748,109.00030714833214,234.0817281170367,142.87469057145353,107.49584037362177,190.65940915950455,58.70986720852912,121.19765939386811,121.14036431108113,56.504576491273866,188.19049118225757,186.36054186139836,238.7616684247781,85.82036042890019,210.45690085409097,58.3202344542637,113.52370973887884,206.84343994047003,300.867108099197,255.07888568102084,223.5431718405953,156.15949326676045,48.890582658639566,99.34291877451398,105.05451186210482,141.69625804646523,129.17375618530258,203.60508114662636,217.0603512184217,29.867335173482857
realization_829,132.19687217437584,53.739108112843354,181.50436344600107,25.861568297301694,157.47427988968877,135.1256855407439,136.52864716446405,61.522628753702925,196.67685608727822,174.18969100331555,140.19474861994476,102.98292225119032,309.1870431396423,115.14774058260284,120.33411556750887,146.86531968170365,287.80514765081085,179.5971799231744,154.75691659670156,118.21304133212726,61.86896464242129,100.819579023301,97.01701053801807,112.77701097723829,92.9205585101133,81.46995394192399,149.8018905091865,58.098086773661215,119.43168624124971,139.7635617346368
realization_830,93.70130595291205,152.7806669425436,154.28020461914235,39.6879136298535,131.12576245334517,107.44135376237895,130.42271658517214,241.16250456988683,134.30486916878127,82.57091659268231,113.80585205818983,124.47440564747161,160.09312610090495,140.69050192787137,212.87879867888165,109.09923781646108,70.61871227751797,84.27481483881581,59.76189755725772,235.1551545230845,136.59327474817604,145.3297488353739,64.69897117896588,66.39123596471156,193.05677398082165,292.4234433173864,68.89200941411642,110.67251977001709,153.50388299536348,90.09504990556678
realization_831,81.26135271947547,48.33212736755163,227.6065427955403,133.71777778325819,165.60068743171502,203.09891316265703,99.19766673129935,112.76701392818765,170.8744023291362,155.49774635972108,64.50785362451543,185.59994467563826,210.21409193428042,127.0238010712336,125.6769736967251,135.5110500148697,117.36204620713502,106.35990937715346,219.7367749163907,148.7235424096309,186.49797244288976,166.82603271569695,236.02556428919365,279.7715333935565,69.37658904731556,298.1890189382778,84.13580802961351,82.20839474699821,152.0531494820222,285.9744683774294
realization_832,48.10595815293941,219.06724994181553,52.98446335610337,263.63219470342233,292.2620847846434,180.14423295894247,75.35699990193694,162.40913825383572,191.40007145891602,122.63264892690586,154.69766908428238,202.35220282688138,108.87365037542074,121.57059904078737,94.5726284988411,263.8144238154585,147.76957714806062,135.38249557797582,250.19893795580023,200.55828711636138,80.54596688917948,185.21159873338325,179.18964605263685,245.88727920127815,71.81260866421965,245.7028746074384,87.95036384428909,99.3735179758262,104.63362604242012,117.07953753740885
realization_833,149.2311312182229,147.4798425773963,306.31493060481813,165.14649092639988,293.20643458050637,152.45946510503276,85.32232880309785,193.92754169052355,230.71075707121838,211.53655186367146,193.32090835777848,124.08705416530226,181.46442810157026,96.8565032632488,77.13562574174384,147.156312099949,186.76605507648677,244.36215507488066,124.7839291070262,142.81919083362098,153.60420195730694,122.01343429409407,174.58348728271886,165.17534202482423,132.99664555548284,67.13099123416013,30.663239657944033,179.93597063093696,144.2097148478765,54.65398239703587
realization_834,71.50868978222485,102.55432653914161,166.86637070894847,114.17810248263916,141.87634787410454,92.38927921844314,63.819696192945194,242.91685460787548,183.1211932490499,91.15769934750892,104.20682183983737,67.25174282511394,249.44244393695226,271.53659418040706,162.81706011083304,303.2886308345522,135.31490049627948,172.42623170956463,137.60032852044986,127.01866918955983,131.56518004686635,263.3148178521564,89.34603519042386,79.49333483827186,101.74869196938099,112.1877548824103,91.5458267359685,264.6569506985947,145.17322180557457,155.01577896021485
realization_835,240.8448294180934,189.79281609132107,153.51052625237867,123.47336664068331,107.10263347228664,114.95882336357977,202.86420593286283,200.1221110666685,99.7802443767406,167.28180913712964,109.92193969767654,294.30034423262794,109.86710677945659,138.47405680537338,107.22020030153199,196.3436421588349,125.88083202090854,202.9016514668345,160.38133702947158,116.904652469733,213.06698635336517,105.87047093525936,151.36552254011676,145.88485770066927,71.86432249722048,33.242372595985415,134.4700334456227,103.0543087845445,76.2691377604198,295.9948627292794
realization_836,78.38192088561354,85.39523584351345,146.42545541732792,148.68116794696004,41.71255578011526,47.12405098743531,186.63063822626432,166.19831790405578,197.2687919788498,150.9963522517626,211.1758622574148,158.74423357590857,117.68057819416671,308.1111851630982,128.8794456537879,67.94280717584869,136.89293205449331,155.21984372420124,166.47708787982447,162.98363065800115,260.4310354384913,155.42034546110912,148.24343018482955,115.3216246146033,44.77099457345389,101.42762946633366,198.9139739691767,20.764623090553677,175.74806663386508,205.09504021078965
realization_837,276.6198590021065,204.5374445606138,82.07886214299197,155.77438567268376,251.9703456862023,128.4024113801403,184.4202383330436,194.3942111828137,199.32714334089948,145.4649067966932,152.14341749436664,187.22899471688794,107.90237293288283,194.71182762021138,151.35868572532266,147.15988694215582,239.37722466743975,161.6375580511761,133.98467733194383,152.4880141587321,89.48170615727929,154.39455325324678,201.21760005874427,186.37110692429266,99.20792369335405,188.89555548260827,201.06565966902212,270.1214394745545,143.7538822640813,270.27933005544065
realization_838,148.83720941451404,132.65313278715988,292.2925071932277,191.6191373356929,173.16182247213374,222.47068741626939,168.65305918160175,269.29883969180963,157.21435917885674,176.09888277182606,189.53100551631655,169.2275064834291,161.35471393773437,15.413035979907747,92.62121949295613,193.233267857058,169.2309164495181,173.7432624088463,25.048356167890056,107.1602311521101,303.4375133182501,223.1534530680305,135.43023489771434,43.53396001844385,113.84939010441023,131.25353686918112,97.79803927976104,165.4164265554999,93.75815289734248,106.8741497151187
realization_839,182.15262724860827,70.90812317682584,207.42256864222944,117.80330753274293,2.466049199880956,245.95360270943738,92.3485320640726,208.009677575958,169.74810456524273,147.6996019868791,163.7575363656489,169.2598244118356,72.89912669018938,99.8584909318972,156.23847157059774,108.77517826983386,131.92704524163628,93.9721144204331,91.22607980193777,115.31760771594612,231.38629428573483,178.0792950276942,178.01068135079177,106.31042152472236,80.4608831109926,118.20830149059991,134.6068564101095,125.09468536212437,132.8079144707264,192.7190148981548
realization_840,129.97571542270015,200.54679411064953,112.28141887429379,253.3664825733036,178.51035141904435,158.5146717131791,253.00177257855466,193.99794892217898,140.0996677635611,178.33991933199115,127.56447698927444,127.01355783727483,126.15869609621157,130.2934646791747,50.37920564089063,170.87149422024623,156.05205487706644,92.49341468881438,65.48354522165762,193.90898235246803,242.7531475076711,110.34223497436399,91.92429455512004,258.6163353787849,78.85299833111904,92.79030368924411,85.76743108619573,251.27032911412374,214.90332817177688,206.97108054498665
realization_841,264.304250416711,65.27384687097592,164.23094466102262,120.9787979037224,56.75060904701608,242.38624430063885,211.54506297075727,228.58840409605676,202.4586231857167,121.99007892259198,169.3745390757361,100.909284237361,257.691986821684,291.7237769624752,220.96309384285775,86.68102829192415,92.62952792001246,109.78673771166419,87.80377418827243,121.10197781281475,183.0735058735741,179.41350583622318,91.39895812689312,159.93027892612915,64.57210339788989,211.90399304072363,118.66237434234883,145.45697500978903,270.46608199294167,168.91924625956094
realization_842,198.56551576779188,41.63242064310542,118.25506031299957,85.77344314059951,113.40931616257139,135.23887789859913,103.82885237192747,282.43837537255956,165.19447750111655,236.47684662452593,78.16879104795217,161.14737303025234,54.09381200738883,65.2777320933211,79.92008492091144,82.52543589697713,91.47264463563808,232.81038042549312,298.6641419377101,92.12715148654759,134.35352997956738,88.76165202518621,263.31937975734616,91.63837539494513,179.9050083386813,103.96371562708521,112.12468899535011,278.4810632455082,151.82711517982972,87.27182442341426
realization_843,130.51356071348872,144.1271066727394,56.85994961952528,200.28117827619246,222.1554178566516,133.0580718400003,197.71037928986217,118.5194479737248,147.52942647829306,141.31844198318234,67.5038105191787,158.9423762366466,168.42255916180824,106.73498097355294,175.46225510485976,225.13829342434406,62.32683545874346,76.63875715294122,149.41095066198403,87.03751101682488,288.27301963683374,127.235079698666,101.06715503469809,211.91159540633424,186.8620213651825,165.97464943870946,81.80356749200034,178.78940291149883,87.08993761412502,17.93324301359676
realization_844,122.51481711099508,212.03148876753335,56.28354885949628,133.23890094649335,283.7892657569414,267.42098985613984,83.76703705312167,308.6512760524284,112.29701638470613,108.98864815573032,138.8410617272818,168.7258070690251,209.82262199804438,178.19129170257273,133.98862584543664,144.37260995695178,299.5535333910016,126.66119861292559,144.79032222971347,115.49216491669665,175.0795325908925,171.16025394565509,118.52156434916988,225.54225500768513,113.92246150867066,210.6900750492192,126.99681877310823,171.02255211677362,80.01140325319356,259.8889358738658
realization_845,219.16672893559218,144.45844886812745,207.3162780266568,152.25160171358178,144.41232115002651,242.7221753732561,132.6758971774727,92.32608992500933,205.62326873893244,139.128522255205,104.81746643739413,185.03112887940688,237.95853924738543,137.20746967311035,80.16086868423872,119.66906785922055,260.1248180436846,133.52704663343448,223.0238139979894,114.7330057709388,281.4587333603895,147.85104728300243,103.49179437530437,49.49800501105503,201.14859702187164,202.72796974487534,153.94172772823492,126.49991832815282,187.02969762401324,133.15408849867782
realization_846,185.08436487259667,130.1496856348518,54.87018293713328,121.45347406475672,197.71733816996505,140.49190855314703,59.077698829050775,223.61814804065642,164.34244639914877,224.8065750761192,56.12898292434514,224.76115704673742,116.92952683202466,104.75822721528229,259.15917587168605,226.81557057762598,123.94509554765528,139.98642630117112,208.18303788485957,80.43909922196534,178.29927703307473,197.78800043823213,99.96158188186931,43.15879216995114,127.42729463174254,145.89340860087313,162.97702112648696,266.47809316073807,158.99110980553414,147.6365343519605
realization_847,101.43285134463308,301.2940313444499,270.2563826607442,88.11343496911195,93.54593062257516,71.77982118244597,99.82659492110548,197.60326423432485,64.56902899308879,211.51960967761102,307.8486726288707,80.58914278639087,88.23419453129392,160.636485471454,80.39592874098939,127.55390989128578,146.69252501141244,152.58520875825664,75.40194687557015,147.66467836925872,68.00490482981428,161.92540697780515,179.70888428565505,107.85356266548064,140.16341905233654,128.43202729431061,230.43315618668768,136.33717245421386,62.571734505224384,189.7241581504198
realization_848,295.2850898798,114.88620398360057,124.20010192953714,187.67962302996847,37.5035921855668,193.01541660770363,291.83156062895904,35.405506799646474,100.50346018748014,176.93222554696573,183.7087758431023,110.8949497458561,124.69642744901249,103.22645697849595,193.09723222500256,249.33520727963224,204.04677478420243,178.90705655578864,163.21979450169061,83.03403540890093,83.92493893630996,55.43211323788661,190.41568043845328,127.10090696847897,228.8565274151596,111.9799094008025,125.72623407985625,100.9172476314755,71.97666130019671,193.28759244129768
realization_849,168.86010083368438,77.29016880838857,140.51355839405346,36.368992841261125,197.61196296910924,23.640998007780773,64.50275888449575,89.40695870207978,103.64143551131056,142.91066475917742,147.92904470226594,164.22316410506053,277.7835940674562,252.1873624229803,178.92620760588596,47.357224255729946,209.78701517876897,211.3501837400156,255.03009726439092,170.6442608997769,87.9527385870309,126.50513396580283,233.92741195611526,159.7021400040128,211.7366999364377,221.00753401975484,99.21911933939597,216.62308158540188,104.01742469659196,82.26697160891214
realization_850,89.87918269163524,251.6861306532724,67.56644036759334,170.65278094229896,113.18932434877807,262.69712543788773,157.1795155875706,179.21423538875075,304.72308650892444,127.58263038204655,204.5354379128285,279.550807459515,100.44405533884634,241.59946849621727,145.27201273885825,184.23707929151354,61.43736644980325,221.57475296653882,164.4622995754354,122.60634055837826,134.390367475078,68.19722050118851,99.82946795869127,172.2598113413966,131.58164104436167,83.53046094388606,182.01204452272088,158.5018526335926,243.66887647584394,275.84893023372223
realization_851,227.72578487140888,167.21561702710468,144.04579795779932,99.50899794766819,120.70943537282854,187.75241922458855,299.333704089038,284.2182290082951,147.65514806830123,81.22664533187381,112.80573887521086,153.3093520209734,92.34704312637155,213.19606356434178,188.5248578234184,145.16358764196826,128.50248697138062,155.55728355567624,130.66092962092972,263.99988766066275,309.0383456750759,87.16495827376774,101.0958918647404,115.8033661225278,125.1937368242842,62.09365711487261,119.69415751212291,120.72316732392352,178.60641257275392,54.55887752047444
realization_852,50.81145771925809,161.98711853933952,184.22743048964074,122.96636799553157,130.02458430581746,145.3446477979133,112.49518642482693,145.6443377579469,255.51547406162277,140.95223037187358,145.73386384610723,223.0984207927728,212.57896816565756,114.22966599899762,118.63607499211759,127.09489745971389,127.44844314783904,158.2991368631329,91.33882142834796,36.31136982001485,162.24157913888916,183.93167223395287,90.09056074358004,157.5720898757715,114.9992072886707,214.45975513586873,106.83595597213287,298.8197466838432,104.52986550087962,130.92757129408807
realization_853,159.980566351358,214.93322512881807,133.04461701901204,241.58976003238035,210.4213451999628,107.87166613144943,98.32723437212047,65.66680843771213,141.62734150203732,190.83984156506514,173.00615609070337,140.24771174278732,282.3577894481192,54.17817661038544,151.06125813575088,291.08571665657206,154.82211868584525,31.45814322149009,152.21646856341772,200.33123906883012,69.7701700911648,114.80921084341327,90.5438581159289,276.1478819717107,165.6034562094707,150.69126024939806,51.13457945957602,96.71201282783676,166.40912743839283,160.55347343316845
realization_854,287.71417643250584,62.36439110263352,108.36789069854527,220.67122972153842,188.9539437364302,172.60344651680632,129.72621342521856,159.89623570419144,154.179510217342,276.0445547145774,122.89891924815251,87.5464975739706,169.2067688997448,227.27727753229274,213.8369198322708,199.49852262496307,155.14064873140762,112.67552355399914,142.4180542755284,208.78951438290912,106.49166957044572,133.91796810657272,96.95418528150317,105.32432823239606,190.5900969765385,22.600126704079145,122.28179504338668,128.70297793519904,235.58941825154636,138.69366921293118
realization_855,285.088711977317,80.40145581792565,145.40675411413744,276.9371261534215,157.73993314165415,74.19486985309743,65.75420866172139,259.19457319203553,171.36791326642788,151.12066015091233,156.7192840105124,146.25248568606565,215.7720053854651,162.44667254595856,112.13850567531036,120.52590888994985,138.159061161077,190.49414407785352,193.47886050299206,221.43417226010678,178.35102413044334,186.1989104322069,134.03642945270784,114.15751676977635,43.89723798654876,147.53300618031435,126.96331297145548,136.80826440569462,189.92891551054066,214.05817204550493
realization_856,109.77501262535391,292.80548106200536,84.33524293687165,239.00600786295726,197.87450181637416,57.28139550476495,183.69055799815428,158.07470570405243,93.87703185767039,191.26574330373975,182.9279812007721,209.73783990592582,172.4991080809092,166.63772678473356,44.084217221482,114.00967470040504,81.68715599912031,179.6227810107427,52.50037565549949,101.73347852231278,141.95008320274277,126.37948144313472,260.0494844750141,50.18541598073673,168.82414339234006,123.3709304179043,212.609250174424,178.497662444286,120.93801606624895,72.32404613692411
realization_857,254.69254150340112,243.19901613948034,166.85019070567523,101.38986756323965,179.78130145215084,115.42926018730098,120.8928206036808,38.95220064808436,276.4828682249069,280.32886562331595,171.75122438099356,243.45522643306762,188.4202397720994,194.2004056039488,72.86025184418479,194.8222277378421,125.01250518165702,139.16650348056965,106.24886485281307,190.54663358504905,113.97349967101209,211.98029720627844,108.90491474864649,71.65803601831755,306.3100933654712,151.8840828518064,270.8311372417332,305.8327525182272,85.6576180606975,235.27038457945451
realization_858,76.69013981480042,131.5161976699857,107.48429876870867,243.37626525486633,71.62865419347828,155.4425568569325,39.33217970141276,234.94820053597644,274.1547297429179,207.0700146739195,107.89334747407187,27.75567623504587,182.5330920301527,92.75447249478356,158.28894224186314,122.50469602010088,219.25859882020876,58.52606332074078,174.5838432439549,282.9587816208642,168.62338878956336,143.2237332895389,239.57763855303182,119.1333559616897,105.87345241752033,176.24437134061017,204.87569046959473,118.0090477745046,80.90550144852237,89.63882824965523
realization_859,41.385906851319916,53.93541132188879,99.92415407200505,232.4958002084552,145.57768985519445,104.19081508080815,104.08032074215325,274.0957402488127,270.09093679861934,148.045565002524,179.75312401034984,124.55957275320446,97.03988549787749,104.1837535644287,114.18025376572336,138.61917792842996,89.34835297341503,284.85177132239033,136.62058292192052,20.81256038210804,228.9320346304647,157.90259540378128,221.56229332877575,107.24103829073375,171.9688464177407,116.48142640504673,111.88246070627527,123.33342462977865,196.34993492057694,104.02225813372101
realization_860,257.3244519685502,218.97767081729356,111.45636664186387,89.58405342772093,58.74785098175851,277.67300234181664,167.46437847109695,161.16200203485758,73.72102653787637,123.38448651099819,109.45850278092311,85.1472669949896,140.99994508410913,185.90723854262615,75.08662101364041,179.4489748075659,121.79485610782599,146.4569528040359,290.4998789983841,249.88768833394406,174.20389667744965,180.53230606356652,256.16741687455277,309.1320122679101,118.75140049989731,198.35318189285607,112.17816361909948,119.42344131103252,73.64348663675231,132.87429412341075
realization_861,87.35979210864791,100.57585342845118,77.79786769315902,58.633366273225306,152.5037850646219,276.23837419394806,126.44830638148154,95.45617863634197,92.32459820428625,89.1658573724653,174.49694505803623,119.74885280031265,79.80625299598131,108.35886709512518,111.33161983824414,132.19479229115058,259.3322107520584,203.85344834133497,97.18846856773746,119.66604210945802,271.9900660350094,186.86036219326604,153.5715888460407,151.69138052220592,104.00872102487901,128.525965782355,147.57967158275508,267.3171626233867,46.64775618401589,81.36329330479072
realization_862,259.2102259727903,163.13678936871682,230.52039587431008,123.78155093528274,103.96595863972024,155.4542828603391,174.13604139641672,127.62687650653702,277.31520329393135,148.17633724674639,259.98817511637816,144.2338744978712,163.71691459112174,241.1317467655897,169.94998584736808,113.32692443084738,254.47561106314507,54.881204650023086,235.6946896250244,158.74719904749554,127.31346133706609,128.87750176346864,71.45834991304132,191.68122702659144,111.12870596435083,289.162377623093,184.60196626200542,199.75443008390445,167.93328749655782,127.9491935884963
realization_863,193.9136132610346,99.08658593747089,83.42261491641614,42.54034838401303,303.5387621171038,88.89255817237124,129.98334243178917,111.34296230066771,299.795211207314,43.68118493782286,143.6251199306592,221.98266293895793,159.91696936488228,151.09345312110753,98.29811917310114,203.49897242048004,217.8332182132735,122.44848157536076,208.2186193028265,223.93106850141484,151.01319443251785,55.76495737145331,127.2151602618009,126.80507846778939,79.40257240276534,181.623612032036,309.39480357604907,86.57323034229708,167.88315064049453,67.82065771065515
realization_864,208.95880321080705,269.03151486286345,223.4255900664059,134.7481544934097,87.32695778867435,139.20757695780628,193.3669802128793,221.74872942218317,271.9572907271328,74.12596975774191,17.81567663181268,128.7601427443317,117.61432082452615,228.2223909507531,116.26613596219046,184.8740709940142,84.38267525062187,230.0361516933696,73.49939661904948,33.23390187253019,85.51703580484576,77.74854804319213,308.1281283701063,237.40769208338418,175.53753843760813,308.47084608947546,156.6201525355372,250.84573678293802,105.84367010749096,85.84030815460477
realization_865,97.87882676237562,157.86697772986238,280.3322446829554,144.76806462858053,139.22538039724455,180.35696617721212,128.36485357099647,148.1388735800093,195.8606496604612,96.56803332888714,74.75233210902309,154.23999648972344,140.98602778955413,194.79200928720945,266.6799969311755,169.63005567844533,236.65881707386697,115.64944646825955,41.808391538280844,144.41349885036146,158.63624989818126,125.83433131519902,225.76362431495372,304.6903565855427,205.5822045354443,174.72548219521113,117.75700888214972,128.2043251364181,102.23057060434454,129.88367725468987
realization_866,123.31303342217288,60.89246060684275,225.47672759869133,105.23045388315063,134.9401511931326,168.41449624183298,137.98187620776682,126.82984112927069,225.4526366548238,139.2985688873011,177.95676430687482,101.85083602527502,175.22006357629468,94.47874250485901,113.3596064361355,139.83871002238038,95.61046747968311,155.83307392881989,108.15787649250406,210.45327320243544,144.5731067281387,136.75389051816921,227.62117039396801,60.9351386469019,178.2153447671608,101.07810506668864,33.02216923775707,122.85679818678449,160.2937809024731,117.43247962850431
realization_867,124.57334738554788,70.84152539117414,241.77066967630333,165.0245991181365,130.03156859056998,130.34718088568434,282.2523100012876,43.1130636378066,268.88754496127524,283.3826501616578,127.18514519140587,86.35566464068017,132.53468601972145,141.67174456660916,110.6776966766717,190.89451184240545,99.43695342590058,141.02017308112295,159.40363887279116,119.42495352849001,162.8544295814445,166.84747307609098,165.65136960701858,106.90075164917445,124.16772319914371,128.7947257415673,132.87481253395254,222.36552746726989,139.21059421142564,161.34435851173163
realization_868,129.59732813654253,155.05092750745163,118.27130835196742,100.16435579682405,158.90208944198523,104.75841127073828,162.94084934427997,172.07581630484813,121.09745789311675,148.0609364781556,133.1424678896285,146.33241221592598,186.32934118561758,129.09029051442053,186.72776121576032,289.93136220231736,158.93807153094718,109.67416939425163,132.8999033400086,108.40715932260603,256.1852118917403,255.51977411803657,149.93351906068176,137.92298226062408,115.9214161289505,196.2609341224275,138.1263127126502,94.2222853286886,94.23278924994887,96.36898061790234
realization_869,107.18846904392808,129.8081305613919,195.03318507504866,139.9942344854863,128.6434103589854,173.00310211163386,176.13074745163152,259.9826403035851,100.49974372205146,129.9499362957101,137.96148041688446,94.4055321603073,220.3095328400139,224.7477716949256,116.3816458484649,98.95822896061017,83.37877496220284,269.143356444665,248.97318966353916,169.38704758987606,120.46976714469955,235.2640129203046,227.50971538694847,237.1348939536107,155.1487028357082,132.58241174192807,163.93652715410994,155.31570747129757,143.748544027579,101.9812805992195
realization_870,196.24674540581964,155.11627849430704,9.296786855951318,155.02376865682518,155.62026275387296,196.01189807908563,80.75065982614845,97.42847992266854,135.85636376583255,170.6147422180986,179.80889285493126,80.59461618900517,174.74620992181815,285.91027522273646,139.9679750646128,153.67419685464313,179.60519470388843,165.21461440965294,222.33370520395945,159.82554980480302,61.0367037850914,171.07688469221995,213.20413059687942,142.78306691160228,294.59614332081225,165.71695070536387,204.59502726810788,16.161433964284733,142.25237727203813,106.03052597946149
realization_871,130.01377128350586,150.83078679156029,175.86035339039003,93.9659228799756,197.18095860355163,64.39343710072356,278.29404727065366,162.39546938861565,152.92251116060794,50.74059883163649,54.737558810200206,160.7924489513597,85.78725019006845,135.81538904151878,174.45278982617043,52.38558970032285,256.78041519035963,69.74734908241643,137.93356344901278,115.95301594809844,175.61793410127595,154.24427590963802,260.53622424119305,163.1746369743621,168.89904120448827,181.01677437451934,94.05002326476458,201.9165014648389,91.83358212748969,97.87268922832453
realization_872,300.40354105861473,172.73618679627708,267.6145555047044,185.2366589528966,65.42397869746198,126.83511179173459,157.97647999885547,157.3483430190825,123.47196919318583,116.82964680018634,179.00354032596235,220.68282787540767,215.84895773518383,108.36142824012946,80.79343757229815,29.982127255556783,203.20561479267602,153.1591814565028,62.09986846074814,263.9654045178131,60.46202375484124,92.22247249880648,149.012905515453,99.26270007381427,148.95282718464145,306.5386618635269,240.41900724684808,142.1577280381731,140.13216201501228,117.94044592188132
realization_873,97.55808787554746,92.97037586998682,146.78946395930447,161.1395350572644,139.3588932673756,46.67867528131224,56.58010126321294,156.0649373197721,146.15874339331256,206.69483304000798,134.85074189909767,180.42687221528797,49.707207223827055,115.59085797042776,185.25059753346912,248.5605970355242,102.2642471016792,182.67602125442335,97.52894011023807,114.36796759267153,124.93179779168696,150.2491986004956,249.78892991658864,25.55476681837918,102.0912163731374,30.756997981037394,147.9382345978903,153.3401107764815,90.10429148671915,60.68609071174926
realization_874,298.3084205070899,116.29801749335778,234.22389341914973,112.47958670459624,204.4301156968699,121.28911294781062,284.48622979788615,70.38904834546288,100.14033290626202,114.86676860411427,159.78952607575042,68.16106405129918,270.6760934927367,96.85997607947567,281.34359772804225,61.53170137660297,132.45716715062446,217.9039606499558,113.0850829521261,96.00988192151831,128.53817152668168,62.76866905947869,88.63348485968402,21.294497427455752,68.80916926185654,139.6751166350192,202.1307015870212,105.02094622011376,307.14072096047613,195.24099454963263
realization_875,150.40900030792568,144.8059305806642,116.20452008949594,72.24707786182776,80.02068474890326,77.04537751096153,107.80088047360817,58.642250842998905,95.30157735608299,136.9465342811511,287.53854595366516,263.2684051278794,114.79737333222104,80.33995471022503,123.35764935551785,112.8229750488394,149.19901279655159,206.5075645468235,143.59443276474602,296.70716401496554,213.12471414224365,111.40505072789736,174.53310356627546,106.15606463175163,205.54567247639704,148.4021465197747,204.25671279992298,161.0022798073008,152.2667201733791,30.933664548883414
realization_876,92.59816589025,128.5834057447264,153.2530006018746,175.39699089163489,130.841945647102,110.81220153955475,165.9472069695152,227.08314552140112,87.62187392403672,94.22645961795254,156.20723030474898,68.93280671980895,145.4253446475158,106.64099513423028,223.9305276798021,102.33111613291733,296.22703392710827,225.51463378932496,89.52742714222296,183.25575850790358,33.614881684545836,114.07586577339589,162.44536646858518,109.2392866713271,114.55239423714545,128.0235567121994,197.40064538949122,64.54439180551479,260.56941127708495,111.05256061819435
realization_877,134.31634289285705,114.81421410048013,153.64416013237835,116.63129588471936,97.48769747664292,22.493848834209857,175.9814181418937,163.31765225032257,123.40323235226748,125.27887604470132,158.03941301951266,151.4108739031834,149.54193604750452,145.92729172923225,80.83564337972497,183.06707784399393,265.3566322417288,126.20482745435757,96.52418521842628,57.53352748476646,74.94813133393204,143.04714033881424,219.00751512204656,108.90841385937678,104.69078018505421,214.77977879293078,136.37034474047567,183.31176275317003,142.1832078909687,74.16100558341242
realization_878,299.23673322855825,74.39243388299133,177.7269626208241,198.292924338725,266.9880490703358,79.76872445022983,231.4696075150337,109.01122440090356,183.80343086146726,143.91929689434934,85.40725966865529,108.04450643787277,155.57028755155142,85.99538695200371,156.17008388460474,241.03514525102491,141.88215124496568,286.16230117063094,128.1627371204413,134.76413481219004,110.32035771378163,147.33733847783023,68.34339191847732,88.67389814041093,233.88309566952557,110.45884149746394,185.28546217644694,209.4918501186129,178.64678392357095,121.55425984864522
realization_879,126.49434289948175,82.00270174400535,119.7833207073937,86.44272631770293,146.92275714230146,95.50368880803319,181.69336163907613,106.21002206198287,161.67817004111183,113.96444767515777,86.44681139546972,118.68035599906027,233.19343440461122,236.3621285733476,270.25867806815984,143.273789045702,20.042941581178816,88.98244481171085,153.66302025017282,198.31880707327787,218.90983838511656,93.88403924953639,142.56732600574105,191.03280382731367,71.25668460445668,160.31232409368036,166.92094238580546,92.0505709767354,126.54178803652175,158.6300671790943
realization_880,93.4231449193053,180.4149238466867,98.33119091793813,70.23133380793995,185.12221589562344,153.55952223671585,121.67024723974768,247.44827088677246,179.86305519372127,93.05001367067786,251.588034858924,125.660222392805,114.94464117691025,104.3130484326624,129.46461049434907,121.60958744975765,280.8969437024755,178.41586749823443,101.09762069146879,166.1151929466849,93.70550761424053,290.48266281094374,76.11886462437944,110.50378140594472,157.62922663237913,87.06817350236126,116.23607931305352,245.0950076080605,203.00541741882367,87.84122272905078
realization_881,202.91520791539622,81.21685855509294,261.5472777059459,68.80066880122328,51.39349568798376,194.0966214607527,80.8326948503838,173.58200820811254,203.7604503386149,152.6293454670726,55.23714529799862,273.8287557331943,208.50910562019772,141.65032843339594,160.8343713664999,278.8134690374309,84.1549207480117,18.10551981830517,112.46949003206784,121.337233919295,145.68589790757505,145.67484015134573,101.25167323597657,126.07285139903429,96.13072754267539,223.8183654376026,173.5221111335067,147.54731117978366,204.8662811782237,154.11701375947345
realization_882,213.6314571619379,217.57073128127357,154.24643636673528,146.05629337643822,160.01976274956826,157.71770744289432,210.40477087504843,90.98318820757133,189.05868149113223,213.6116095724723,228.46013584824266,166.29337901326087,146.42816238665483,119.76858627478634,108.72435507231786,107.38021673470158,241.78195415617904,163.7351725389638,126.95526253908521,309.234391978059,257.05639623022404,127.56756783476754,64.42102991804728,55.92453348251445,127.65903879003633,113.45142580472752,149.49429883316793,183.29865277679045,238.78998895448808,77.61282347703812
realization_883,279.5887893390426,174.3469507353774,285.1579196126793,129.32326212195136,287.99832061161135,195.23591507182698,109.20145973562038,230.6655717361786,99.95615033925895,59.3774182508817,308.72208627259965,302.21463189189296,135.87968333636272,125.91808855330481,179.83129681374052,100.68452091510594,106.5474786219994,154.03180655393226,146.78132467615302,107.13160588361592,112.48863673915965,106.4206300918425,116.56274014645024,75.49251419491996,102.18539059036596,188.23799807678813,52.50735380926723,175.11858146589992,90.8657957586004,178.9117377596928
realization_884,80.03240580647424,24.70755286341017,189.90979101779004,108.42274598570518,99.21338556722787,164.4601377977942,187.97823245853021,293.90609024959036,90.00409969387148,196.77793435086988,65.24724454243224,143.73473118664742,82.53327512906642,286.30302170999636,89.25106476726712,195.04828710283743,139.94710239199222,169.3328608312757,67.9475386507908,114.2267073792675,139.40954889249184,181.50387189501984,102.33899685492318,87.0956905140868,131.5887411699005,265.4731777107877,167.18331811286518,178.8766462371572,50.114309442544645,96.2988270642356
realization_885,128.09778898104682,165.28324629246197,306.69985502711324,303.22968261823877,160.57208050151743,152.28859189024232,17.186432578623908,125.86880565836253,144.82388880511274,26.631451401814317,55.12663075001926,114.90076730566116,199.0906087424777,178.36282145534537,72.18113348875725,97.83493117730418,93.80229601579973,296.6047217877383,170.484412016456,48.68365749226497,142.90132636523248,125.07752919557295,213.6414993516999,121.76027368839962,144.71449433726474,155.79449602330453,287.8252986094627,36.709597929493185,266.06933968377245,83.88298525636063
realization_886,138.4918882905948,188.05242518062414,183.14188571105262,136.78598413648635,153.9738980325884,182.9751836911086,106.69407290609092,237.52628812817332,155.39410722907982,298.3257402302488,139.75557501627006,111.44670223339656,91.59559930511747,105.52993053518875,120.67878991316283,231.65068106464997,176.83145274765968,218.922266447348,149.59431558018844,179.53239162904669,159.95599624556294,139.39513724476237,191.22916119177444,69.97090365933803,138.97818112752375,138.6782943222722,148.0511910983975,110.99716239359533,201.2845515451796,214.40307427310893
realization_887,104.2112777084755,122.087344332428,270.4003998067975,178.31620668461198,144.95821654287445,210.28234517187207,195.18451819873007,84.72119219995595,128.2335123731257,53.1949204067968,199.13227698464493,174.41856539109926,17.357540622989987,196.3424065626957,84.92415963859803,135.54149856407298,241.67667528266506,97.92820703666887,115.64968129254865,207.93066056177838,101.7935677094294,160.13158544678447,200.22637471748607,104.29261015770713,254.71352054493514,274.8538557445605,293.96111366929256,147.23544608472602,26.695934136821407,219.49155775738487
realization_888,239.84880116104986,133.31374834323196,299.9928395959593,309.0598920671078,153.35364189507328,136.6737561777359,146.53177999785035,173.2463765241208,165.45081329585037,129.08487254247888,141.082744756354,60.26657335357697,13.16388162070956,158.011870004689,227.5839337310871,125.12995830731042,143.1819629632518,70.91592288635132,133.6135945059469,171.14885323945632,91.70240753820818,118.4051729525786,108.94866891690714,76.98033241161305,24.11843412786849,147.75087247697672,196.3832970675669,108.88056700296862,151.4385618310516,92.50574802963294
realization_889,282.9647734782944,214.89373864245294,150.2817782174991,151.96709885010787,129.13166239602737,140.6101371140514,66.92613614986726,104.30606578805259,233.6886768208648,286.09560191630106,105.10273257064794,127.44241704536637,104.50426787561274,162.61336846534812,127.55658134588526,170.74864712731116,129.97615198613084,132.6992785950617,146.63131789496796,81.40237920432077,166.7333238727701,151.57128061025693,161.85839235631676,150.38374854486034,230.53761065602922,158.5247150453964,157.68272372688364,47.05217531416745,293.08918139483944,111.8955562313493
realization_890,131.15955289384723,75.63317364393977,128.0965193598032,92.54782932521758,156.7762010315929,241.9615448055963,111.07326752734879,164.18329370381028,121.07241784800051,90.98505569088758,156.9964299450752,111.40749259676763,86.79674270406,107.4924353787893,239.08931015271105,106.2068828596926,129.70773575614174,293.4230039159737,123.51175553427376,242.4309544760317,134.19821782429315,251.0783683123574,230.94056466427125,121.12045188871363,148.98021059712613,91.25672627709284,156.87526046681816,199.00497461282782,143.3432538202426,164.31733898452975
realization_891,111.00405393592008,173.4633063009529,183.70030215920437,120.47190293232632,145.58982088386358,238.46904851548047,66.30926403186919,167.54283062440908,216.22823409061667,143.79265950345737,175.735555002666,139.29202419831606,156.65935251515486,186.89546864978277,115.61584982855646,96.7623548011357,80.35260588548796,153.01009940359108,139.38470576934017,276.9940613023951,211.27138460176047,140.21858594372137,176.49101970813265,193.12436888509336,115.48256430558978,151.9869074977726,165.1578284543436,224.9212145449684,126.81983228056899,166.50191629964326
realization_892,201.65360772272416,202.2020889331327,88.87546272129102,87.62781454484613,117.33393117946554,95.66827441569055,6.386436045580886,47.8303237896889,60.17273511961052,303.2472528994533,307.84728512622746,66.49203024856499,149.39587456698428,141.80324352533273,116.99851184939823,147.83311728516517,167.74142692467262,209.8592853192385,72.6433199380173,81.853146177452,295.4431371809564,102.28814637190213,150.34285424701017,110.26805720195603,108.7360558327954,53.164100909474215,153.1546687867051,116.6569187854993,273.15015870298276,159.76981589819079
realization_893,179.45683222886439,124.0909781593546,136.21232860502073,84.92401826445888,250.41371574863913,154.01223514948128,188.3530675598992,77.22664381990853,135.93618541743797,159.26599070574974,96.23902469558283,120.34670498727124,59.21416800797218,194.97935387792432,150.15055878848895,63.34551185730561,209.03047546305876,231.71112972531583,98.8256960230618,169.87982808702094,184.04166665260027,265.7282030235023,175.38626277160057,213.01648559089077,149.4036562174125,158.64796509875373,81.0541946426895,201.86726362670788,171.98336107805048,142.97992305998582
realization_894,98.37075479478347,216.68904231141735,128.83918640380293,233.6732692354828,37.27890657008064,80.93965160915621,185.7960365817613,118.1617775647388,151.0058334604936,263.8094423834646,153.62690346000537,177.13422622168542,107.39001128898704,269.87918041794404,133.42369962988556,166.84303409229,132.35707771811147,126.94196360947257,45.46604641932741,120.79975813745305,139.59344876316516,70.89438968456383,20.683814993326457,193.0338999586899,139.27014503776167,66.90637136157737,281.7879152907433,155.28821140342723,84.06294649684065,276.97043051103225
realization_895,125.20477501773108,160.90243731014607,135.2333731118775,153.5916123274412,152.16862612703707,155.60606551817693,121.18646050810878,166.44530588076913,114.58849223391944,92.17452599635078,113.47973211335223,178.68428712851994,98.99961365805021,186.92277957403027,166.22881670764608,233.27981083502505,123.65887188932982,110.03888152006378,95.7873461793481,107.89239572288228,43.425337184019135,123.65539357320962,207.57618754820402,99.4194893352372,80.69662375889808,64.84860799267783,128.60212446187214,155.9641103687537,115.73771647717234,153.46692888613285
realization_896,237.83397546382082,210.4611466504953,163.82546637354986,184.25209460152553,131.41902020695437,227.65255608876038,234.39744029148187,295.87741518121277,140.93925745535478,103.34145601309058,96.75496458811385,266.46134364619064,136.64497569435048,294.8174923319689,245.88421216220638,74.3768980278081,151.58454215841496,135.29290240379723,159.62952479964025,158.12296934932692,120.5574856089419,99.74469120470181,83.64092303169902,295.10846437880036,238.41129625292987,117.8621853202235,51.457577373917914,149.6854197229156,78.63858035762541,230.34243204116157
realization_897,135.0071625188899,233.05885550219904,220.5202098888349,98.2331221135988,74.08846364605401,211.15742242642648,102.6350897100267,171.7746971191684,144.31193736770925,102.25020796137872,264.38289375691,190.7983967498662,187.15420216192038,61.76988632605129,164.44255067176815,186.25265632804485,172.24352775049198,127.3504340817014,150.94945416543055,166.14493021899906,171.09968339220373,111.30769679011958,93.49287984298465,193.54379454912657,129.18971814599095,114.53947258249578,109.83503273177843,173.28330694241637,142.2310304500755,25.506975367309856
realization_898,92.40115212380181,169.39049319296862,66.25692696163233,66.06191943412092,152.89077546325592,105.75665305116883,117.71353178431119,168.6938700021403,112.14963408427712,175.91551808584916,154.74349457373737,41.65279446001853,71.8984051160278,185.9409299877381,73.23955713370839,215.10743879941026,287.5183651891524,173.40261986315403,106.81739985834315,293.9840743316538,66.9441732958919,187.18134892821078,78.07635000207709,95.97187379945126,93.81217128548025,18.289339168749066,115.3918153647452,215.40478699639814,186.94961479850346,199.09563554870232
realization_899,147.89059384210913,219.6668787371575,132.14743230774474,116.80796166692063,164.1085898830239,158.47143795978596,100.97897108434711,246.8438157656179,118.25622941390827,175.1076392398071,109.64095417998695,84.03424581646078,95.71964939227031,105.44043207006848,95.2328640193201,138.85100387603967,179.55724029481848,103.85749934891396,199.8463883597512,154.7883578814601,164.84773203543855,134.7762660042241,234.20033679126078,98.85282469574108,93.72955306051296,99.29541655594986,206.00597967497626,230.4784604064513,209.79216847280117,212.34036112969278
realization_900,139.07688591790188,141.1664396437069,145.2983646586943,89.22038654598191,110.00598020909784,151.2071190970828,82.28732053449653,107.76185026490018,73.2484140796487,141.29264005111676,139.61640601230417,202.57302633497252,106.86067897029874,157.68796809114082,241.89331942752582,228.2716988842232,166.3254114176343,74.77827175610656,76.17809972135036,256.99942760910153,179.64902407813483,155.27773854696844,186.4418818318432,176.50708056631203,176.96879734263416,72.46066533834268,178.8173228101596,146.80121977612467,134.22766404657597,73.93472350925664
realization_901,197.11550385337824,249.85045551667193,128.1153512476991,106.3049159738835,262.34568727158126,103.44325626457976,74.69652688419096,172.70269313328424,151.16107142984396,127.65504271512813,243.3485814278194,298.09025941466524,138.0950156616343,101.83952690627201,89.72335192827057,227.7422937765652,144.1901438207355,149.36753663052266,292.9336375784901,54.28031465368846,31.279087062134373,220.14491949012518,129.2647318282095,134.86316092254847,113.21537167422446,139.57764239659224,194.56995025840962,143.567620570229,165.990876121843,118.710782349489
realization_902,183.3320220669493,75.18369501835141,213.93252649282832,248.96133572079006,97.72045134279203,206.34257392354456,94.13923882276984,60.29010946533369,190.17551800004406,260.3239670341974,277.4331713804072,213.61628294581368,89.41288209672783,83.00690535230908,161.64107190299507,51.56956379237463,111.22216102770543,114.08248436632074,112.42584688667745,203.74066576870396,61.67831884138395,212.8301508062822,159.5496860370047,211.9552140998573,274.7738846237586,267.5948403996789,132.34715841253,123.90872181896054,182.43622778922696,198.78550673558766
realization_903,155.2603753525368,161.46992616385575,154.55988625372248,165.9460072115931,218.8823031484722,156.2214743734216,155.31421219698458,89.56608733840704,98.02621375607917,285.48716652012115,205.02417312686495,279.55845550483633,135.60287338897314,105.92407714606671,170.3918082002339,200.40779725495202,166.54505779287925,79.28247337659246,151.5825818257728,119.71967316365061,154.4262535924564,108.23420390392744,241.35983925993756,103.39657229859425,133.38817384098869,134.21810671267627,112.96011985817645,274.59990602799706,132.0071056631542,287.6325981714185
realization_904,122.40573066903343,143.1537871007053,125.96387241689006,95.81571198993367,75.513270140652,277.892414347824,139.19706838045576,85.42399711033384,245.1725327041092,96.34293683711512,75.50683213616828,122.84413769825073,139.64606280170824,190.79162176123148,266.1306961423179,87.6934033766999,144.26592239530106,184.9189233854825,202.30522533417263,14.720322174362565,165.58742203599675,72.54731691315473,54.88391224222964,32.11959770705874,35.03809165243048,218.6168888706802,129.8781177039666,176.1456417130025,117.40329008603761,135.09536671211083
realization_905,87.44025158717494,107.37097561911474,236.69176186048333,120.45595339232193,137.00092320506852,120.6387339458321,132.24078043332537,126.79245081527326,157.13459859516095,173.69494236582355,137.16095262177225,101.85373567959076,81.29197843521452,98.23940590823524,132.20139841081635,201.38422782424382,281.0855888272335,36.4807054322533,55.19874504299946,189.17473015440746,147.93965796852385,276.75618781372566,202.2374282118917,120.35699528658351,171.7722949282321,98.63165877567596,176.1880941464584,250.28863162115627,286.93109056708573,72.54273569980484
realization_906,97.14223121222585,183.1662786616988,102.51878112215273,140.79244801997692,159.92425323311946,131.73822953385576,55.876012816432144,137.39596918980374,136.67953893797107,131.42202603072337,60.07990144646485,212.57375337393796,179.45669561188777,171.49205922912282,170.97223087644142,132.3682146858999,134.29851131773543,203.10778929058796,16.837938748476084,153.44651774176918,224.36240126206138,106.97059958828629,103.82641656667053,133.14798673798077,152.480692163646,135.91134599708045,202.68454032850352,140.27463046068988,131.81524437809583,95.2015240053626
realization_907,131.32847069209487,246.55426032263682,179.63616033787395,228.55189112756548,257.7590016430381,133.6644780071918,133.24198956793293,134.7311176792521,302.3851390946712,155.91069713950364,152.08997774520446,117.45192040916909,78.04409254319128,100.47116248695775,71.62512277578729,155.39796447176855,255.02967879968313,94.99441893240635,143.6543544133938,163.93547354437948,121.93832224491698,215.85280767591712,191.65230677471422,97.48254659294503,238.68937477252925,215.42469280640393,140.8117599028888,127.06330295334077,185.9408091945452,143.97639137379502
realization_908,240.53863218456888,135.8932925536571,125.14199627738914,123.16225133082303,126.88160365819905,111.58436403379012,167.30955305280423,221.79289287810522,83.9175733609117,205.58612938949037,115.9906020504072,133.83987903964254,258.70910461963,149.3743041661487,153.2019501083961,171.781113318062,41.19881208933525,87.22871963458422,153.05057042835395,126.56946488917663,135.66184176388506,115.83925242349687,50.2640820745974,121.60085999314782,109.75586279998382,141.80037012156492,122.5107125878296,83.56684852463545,114.72890566052048,74.43450113753991
realization_909,128.88433289432913,161.21131747072133,43.47222594912047,28.590858407212153,267.4008569824596,151.2594912823579,284.2430347696648,212.95836130364387,126.15981813527793,148.27060090963496,55.22978635838804,103.31433213599252,113.40553292292907,77.36503938356535,190.5107284718131,240.7023092025757,21.16015110345944,148.77468495372,67.25481630574384,187.33372606979248,119.95529017692289,99.78669252749225,123.17536524391326,126.39135819328818,164.05911042829786,45.913635038346214,111.18312944803095,115.52412352604631,257.5934409189158,130.6949431562896
realization_910,113.79145506431985,132.5543911979793,134.26571513951126,126.58954881793066,46.457289727817965,120.6136291389507,111.25128780892928,199.02512300675286,160.3290517469842,93.20465871006326,89.34599547130811,66.15818260737498,251.9916189272014,38.48686716422885,72.57783420111066,141.08904855288168,118.90656682115205,39.812544850473024,212.79538160699073,135.88809777043605,185.76161136548262,219.0021479922974,279.70444185079293,187.52591576695679,283.5519064102579,286.1668665879898,169.38486583958206,153.7599738573982,96.11601507324815,137.09580212408932
realization_911,84.1953416744367,144.89741526588995,90.06103502510253,55.07920182545492,208.59175818956274,291.370869630724,298.3875391179227,189.14632533551463,171.01147577512933,89.83457962468603,138.28179147576574,96.78747181618023,102.06881628415789,112.02831412039458,274.04437244820537,122.84620196645031,135.43193382819467,110.58232770211991,214.49506976298755,252.37836897011468,129.61451819587546,116.38416490966439,171.21719585058713,215.32582616564653,204.50316963954623,258.40708413259796,235.75840945289195,124.59026609121486,282.55268547706834,73.37421268223926
realization_912,156.36156136448136,203.47159344116227,106.98466905341195,163.0433924584987,137.88721394237413,152.8883231466794,142.71511080380833,59.63542135153836,207.7392122841427,70.88301389606907,48.31082703237691,190.3846545419161,263.63922753698364,78.48848008310185,201.89111255588924,112.45640666533839,128.00333686051079,121.96277639532323,222.9460791464591,136.8139535242496,66.89144535076345,133.97679611787953,170.33677645178352,139.64677857353772,162.04635240576454,271.28440703893403,168.98102518212963,118.33573395180439,170.52495948668457,101.71001976255084
realization_913,175.03896613162252,160.82943375393566,144.15115663507936,17.673918506872283,73.32484219448601,78.80441272433924,120.59428179503469,212.34924359607513,283.576391596336,26.51000857316933,164.49937766598134,56.7744070381922,184.50014331925303,163.38001125054254,117.99762652539482,125.64160212077188,109.52771696110283,37.68730298664257,64.33970664270316,106.85704858713285,150.5392790830321,121.27445230869515,137.58947796341278,27.099284671465774,115.23519171563919,132.38181864136502,234.96873275796196,188.94346541902192,160.93363019740377,67.15525350178069
realization_914,97.31938633299276,134.1269692779754,85.85812811586173,87.29604139057534,137.64577404343993,44.419632204359814,237.14421948323826,207.69425030455497,123.48857125815417,43.224317257651876,213.98830123965448,202.82203976802552,220.97824882215545,157.6627709897061,187.58686552595634,106.09405293104398,121.18863549842072,60.74735491160982,146.32798711687371,173.26131974446534,125.98631958362161,113.0783046885968,252.22845794977962,217.52824740821453,161.5596534458845,152.20984198375524,170.42730498579556,141.69778258182677,150.4316114575327,75.1685628942592
realization_915,217.49051632801564,271.7196951729476,131.69120773706942,255.68280117973254,131.94871102931762,141.048541628517,164.3449999026401,32.68678455108595,139.23909440017428,93.85875203655382,140.15281747144613,227.44849774056158,111.05326841463884,103.95129840593125,295.87739197949656,124.6367912441342,50.0238955954285,81.38994176381017,67.37806815070189,161.6347082251382,133.86448047493275,110.5016360873898,275.6118476113927,162.00135103980065,117.32005845898894,105.44578457934784,47.50776467562467,308.83242279379806,91.12556578621732,289.84214740834955
realization_916,88.11488455019558,123.79953509270348,131.99795701422883,221.16437370755423,295.2684838480102,232.68611284080959,77.20175742677472,53.35118115196012,119.12559003112779,96.5608914105141,133.89713496539534,140.43025165704904,113.50800617387638,99.05352522509904,142.699163031056,138.2999625629621,266.24735808498406,111.02095340397969,140.51502340144913,82.0251923103083,93.05543024984402,155.80401779245906,152.83820305036687,160.85941411369495,107.12816366126228,130.22174798785156,225.6972661632466,258.780569524063,243.03608409803212,135.32886470204542
realization_917,295.9325896911028,144.1426672202108,15.629611825822266,298.6387907582214,183.85404001862207,180.02938733667685,206.76929634324685,167.23305763141715,87.85826490228044,175.61556800002202,143.8139762913542,281.14003206914936,145.13957298551722,134.21361478673197,88.98385966811018,200.6171668337111,169.1770484867941,166.2888945971148,112.87741641343985,73.54060640688074,203.63062414820908,62.47010611176598,224.4841704563767,178.76995329055822,144.19619432630256,215.08865564543717,148.02445695567593,94.93016582978876,165.4714758108705,144.13864085578763
realization_918,181.10385078250013,103.79469227078049,170.0528972904859,192.14072208509697,128.59783854461872,216.05110900631254,219.01027657656834,79.22158670759787,254.4056445588945,219.92119741058008,200.96196572963504,91.64098607121613,101.05767929378074,299.8431098458624,127.65243003542797,52.58372139402816,202.21030896284083,255.32340830145108,83.12090828991504,49.52602337023629,301.99747692899234,291.1544831951872,41.12388711575234,90.78725014981583,239.18763536032773,69.53063588622899,102.532862423758,215.5128130391064,73.83472491883401,125.15420175871779
realization_919,106.63719386167949,130.87550952045532,84.06219263574364,151.21289619737212,77.56169996195456,81.09657855912197,127.98642316189706,150.01088408207812,200.70234992838965,120.83360855764258,167.46042076111223,108.40552088150864,123.05890566451326,96.7669721739407,98.11432494988337,96.45960557977718,283.6449604369573,138.73478860374954,142.52845583007212,192.11406911811002,123.34180158125994,154.97733365528273,187.24364019740563,135.31348102707352,66.61198614600144,98.26389144099144,199.17247620705723,182.21887579092603,110.60733055271602,136.5584628755648
realization_920,31.243645639253614,120.85894618281458,300.1761417625998,133.04862328441752,67.31980954763229,112.87966272489258,97.71567026407986,103.03874009975908,77.14124225919173,145.110016972752,32.20309980946058,206.57300173121666,139.11818604558653,63.93513600140263,218.45596240659268,278.68818613628116,134.0003296034031,128.1644919014498,90.6647598178216,215.32517925487343,132.95779948707312,95.8208493543215,122.04502024917397,110.9890331495352,93.17176093684527,99.88500854643573,64.31646229250916,300.91505449519235,131.94949735113187,204.95166047536114
realization_921,140.89092388590996,265.11723254311715,80.7381176292966,140.79178918612638,145.3168162042873,137.45879603562796,170.1464293478948,99.33639113299631,143.23364472049113,117.78225718594679,202.22857766376816,80.02894994846734,128.9010106596869,108.05177133311054,181.65911771567522,265.46914691576836,143.6915266618838,157.84135687140298,60.36181513668803,286.9704949635255,151.82809191555785,127.88985613524406,143.23427650252245,72.7569204710394,180.9518982908253,147.53159035649978,130.81321908128498,59.3679145401219,99.89486394601201,107.77224671851671
realization_922,107.32059191960613,146.45858587362994,96.41032245930812,54.042229507276396,77.47489347659324,115.60746445330433,99.71477939932448,204.30877897283858,156.04758548805717,166.6698219220995,272.76197737375753,165.29576409348851,151.2706821360212,81.11893793820889,190.64384511035038,129.51241344595743,133.83926054188714,185.918619970593,150.57204438686017,129.41339230691156,251.9383000550239,112.6251206154371,123.18852510267901,44.453384810902534,82.10516489587847,203.41735399840405,135.9375208280746,185.78708946020814,122.39351018221024,42.20968765374124
realization_923,167.99789060044492,299.9795985698295,110.58888022829632,301.9011971297528,277.890138740451,101.31951594164718,52.465320409814595,123.52692585917059,65.45738174096682,152.02775362629572,168.54159483532715,243.35975557427406,163.4040862597396,120.36686888849059,97.61889205669077,158.0804574631459,112.66673950862331,279.2185215482005,172.08208520549152,136.23832480786976,96.85085858747235,164.3398876169985,140.24540459039304,124.45878889427878,251.6964508444574,237.06875941756334,218.20285842343293,287.2184448703918,123.51383679448898,98.4667198869376
realization_924,136.53211758787967,109.6359560851254,119.82441240510936,66.32608382817878,124.12591559076506,113.04069569845039,125.44891055546879,167.6063509271992,285.64688036166615,90.42477879586744,220.44660006214798,59.626306543574835,138.70225677475187,78.56923505724934,204.05149680382948,95.58577215616663,140.99571014479557,83.1375795257722,147.67249566422046,302.2193365390905,197.77608719071026,120.0580878371213,294.4378993487439,297.39704302384325,258.022111243391,198.52650710906678,124.2175819271377,162.8438197430278,111.6161196074868,182.90612013205768
realization_925,212.90021701029656,81.36896110113531,100.55263284385902,298.00226846232584,98.93147848731377,177.93117478135085,75.55321493343624,193.15028886770816,147.78435381462435,150.44133584416977,71.0403224134991,298.13864241666454,235.1781013346753,84.00412072859068,180.41292456483689,85.8341943635619,170.0110191913632,139.33312648814555,116.53558384036344,57.74438603066941,209.23484141004278,101.00622346087333,34.60627016568684,61.66277323313332,154.98646085463682,130.955571089891,234.5047302289915,196.81785149889726,107.74567123392573,125.35471898959683
realization_926,82.50228296369826,168.20263797180894,134.4476656096644,116.64276529652075,189.4930195457646,126.62740200252327,111.62318284362209,124.71778969859446,178.64567156401978,238.53752075996815,161.47589820510498,186.81516427600826,107.86241126346633,76.7826091989012,145.45870562673088,43.781124115730606,68.5185540231171,188.77346800972754,203.3049492926756,159.06898777708736,281.31499399786435,201.8641970178311,242.2159236503224,196.1995554200658,110.50728468327591,119.82397185907644,179.2523134696372,5.571258565997809,140.33613317619643,112.68627959606002
realization_927,159.2235242240242,167.8140245737399,83.88197776816966,256.98873787861936,196.82258377914627,134.97815931364468,80.69548156474902,270.50594851460687,124.13456131949707,281.9639340027242,127.65120941000438,309.90745274225037,78.71538581342989,71.60417134015245,193.22871249676984,109.69933460315954,200.06195645876386,81.8344497578633,273.41331132372153,35.72928069416086,109.1878858549999,85.46952440974957,152.74930851394987,120.80529426504205,95.28425580928105,90.94651640424131,157.77612182330847,195.8868438342223,180.06963919504926,83.77303815005783
realization_928,106.63377002757318,85.02912867406282,135.6341369941544,70.13907937333599,101.42666063637313,104.01615920169107,158.41308290333444,107.68478092796455,153.32836090470676,171.59327000232432,231.6719792932183,132.3313470802898,108.22923879486513,141.64084567749012,57.12844268486507,167.93687788469055,278.739557349143,143.82377438859564,226.29487192013232,50.76903725788616,81.74260065149927,197.3521865695354,133.05267665760985,50.745317891144595,154.43667374900497,285.8819561696769,87.02128961405761,181.24491866120397,245.2684422568932,163.77921062519076
realization_929,137.57769691935474,201.3380541783262,130.14647616884886,60.105783121278535,136.5921683409088,267.0826984982134,46.79154157963369,177.38173137782368,162.48904837430484,24.512500762132802,163.4589454513999,235.90049645514927,126.34522860933863,136.22588150682148,158.12279307530716,117.6757755433016,56.942513891140536,92.9102731006451,155.50892126214242,115.09437755149384,132.72930032036112,202.38858301098006,148.1198176888497,175.09936001895366,87.77206391254289,74.58731804203083,65.73705881238755,113.31465101030778,97.1593479382729,231.893401138204
realization_930,165.10847369142388,95.41482990594847,223.18520936094575,99.06518754309529,20.800367211045796,166.43518330622976,78.46333248461987,303.83590545326183,129.15222766294443,124.01580216402948,112.38599127702405,124.67867702945186,198.6798762648339,240.15648014390595,81.39716723996457,123.92716283064865,128.75345734511401,193.8822732124814,146.32585931440627,194.75812771057446,118.48324493143689,167.74999518719838,105.64189793653891,134.08081677908152,145.1070035763847,52.677637652179875,70.11466390773117,57.95822693664357,107.1641017424572,89.59486334543183
realization_931,113.64269586493117,147.84791102955555,136.9160162061906,232.60077078677267,99.50203317449221,102.84460686202576,184.22772287280188,241.49318953528956,88.18704669340208,198.33709005538404,192.53744014530892,148.54279370003354,87.40761455109069,100.97120741666082,53.76474263198962,85.44257205228132,211.5873103397733,161.038890597085,97.25960794259497,163.9916257236001,67.63597047015331,158.20655569269036,234.36009799425102,124.53037151275774,155.63534080177925,146.01213490483065,172.96214580325667,295.4561331517501,191.87829368902385,12.969531908588735
realization_932,142.38427942695503,139.44441267063468,130.9764966979011,70.1799130523847,293.5283662379452,64.12507063405249,197.72931015548718,79.02433972383321,106.35531994787843,93.40380349492536,192.46388694400662,199.59204792473818,127.3675715890345,140.46822312552405,158.12615329883062,75.38749267517508,88.26717755985395,83.82452393743436,188.75553289825112,256.66924757405366,105.47742830260833,206.53480321520473,81.63307113910606,119.81756450339057,127.66259708498308,193.48386561914657,59.98527520918045,249.18618060282193,128.10240455758293,132.7356946274634
realization_933,155.6332568980959,124.30180776574483,102.69727778104144,147.1079417501149,39.88785127356904,87.00366118521467,179.19118060473542,231.67224114997578,102.92095249578783,83.50550947484513,144.84173802142612,174.14557180814577,63.31296020919905,79.44421367797186,136.49052045636347,230.71154233080586,175.2123233366067,81.14873052270299,102.20256545260703,238.65625933462044,161.3845010276016,166.1462454961175,132.96171288317663,17.028179880933024,146.55822243497508,152.25115712995074,122.47378379778371,195.1987230492541,272.6253660055208,77.42086211755766
realization_934,111.7311857040362,180.9238996632332,219.1366699435014,52.965880183286835,248.55194271743017,79.07305101420809,227.13343141612643,53.203572165242385,170.77327960688362,157.23659265163656,93.90123591089906,110.87943522181146,124.96004915709577,180.97145914145716,110.44930251238421,122.11053247553278,128.71474269510313,91.45047069098317,120.4993481530879,3.565376215077933,257.7333104420554,224.0947092808767,76.61292330786011,199.92457676178617,127.42614267297378,120.37571625128464,257.1322843062054,68.67649243137802,64.66374287682201,158.0940405200906
realization_935,115.42676655263597,107.37405525287525,236.48256266188162,256.87212532940833,161.8664050750718,112.87286902620536,151.90390299980277,194.66262740445163,105.48056831399644,178.15559292408196,62.37599610482674,211.55241101050981,205.085512305065,129.12030126750906,206.35914193254482,85.59430518943196,236.5979257145259,283.5087834092458,172.23794093126952,153.74902183130993,141.52967501557424,165.3147716022398,285.74294187446236,120.17925286217788,99.16477792495999,98.55705975746599,174.9045077669266,84.00823219621958,135.54237955003066,187.417918714594
realization_936,191.6225130676619,89.74641944640614,70.49341364924976,154.45315255032057,97.10908127292343,273.1401740016457,195.3894716359694,150.15853705450078,306.52930164506404,191.2996305010963,222.73216582901426,85.02507575848176,149.49659339880492,96.62089711068339,185.61028737784898,59.30428079857269,102.01972531882096,62.18468647814887,155.52649500056486,101.42545560517915,239.04042725705636,280.8496138435906,188.5347773167921,74.64331488630725,99.03466907311761,92.41322117473334,128.60775175467646,25.07863769450156,63.79050948764538,184.65204037921143
realization_937,302.10426625174836,231.96941283413912,44.11862847128427,120.16958507700983,144.24403606954365,101.34434537216428,167.49362211474852,123.96327703435715,89.69499752133076,108.25688917034273,88.96737106284964,138.81528358490277,157.85876571799122,143.58976659878329,225.5745269158467,150.05831705029877,40.281190023133185,191.0037857575193,92.34115010154859,184.06440100457345,176.87834287489815,142.32978499117297,202.21236794627148,73.04864521637856,300.7888865079645,109.61687990713604,102.69089783830069,143.00981674639925,139.7706302509326,136.75620576959363
realization_938,141.9886872187034,81.90534996015244,77.33540950403626,156.2170087411324,230.82200862308122,122.57436494777632,121.46845988116401,93.35532349459956,114.33210153680808,217.44302070978728,53.6977429673596,145.15819428999163,173.2450641514848,62.13095780780217,142.2194215450871,141.17901281999383,133.80452209163076,104.47379341434201,183.228957414746,134.79894991296857,94.2299584131612,101.32640293010438,75.11264414459103,242.14397941002875,195.4539287580697,159.71142681987797,184.89599901425566,103.75654062075104,54.738027567645666,136.29374843325868
realization_939,68.73833682349535,157.80221318002904,138.9531475923592,134.5661195133327,79.7497867840232,217.88129874554173,287.0780399692681,198.24615662864073,148.84013566332186,159.23344198470548,98.40034551271346,192.95959532755873,274.9891390615927,196.36185091952103,149.39811523379234,290.063178662406,120.80242364460011,229.4523601394481,138.14514924048507,138.27620500914625,214.7858735961353,184.47735621998666,215.60864734051805,93.3572270615192,66.33954499608498,241.0831146360533,103.8740237580208,172.52147405312218,119.99137324886856,164.56279709614546
realization_940,293.0657913345941,249.2147762525128,260.62414544545345,134.37672920334006,147.09909623859755,129.26340203700352,96.26341440176073,179.67041589819735,110.62219438219665,280.8905350853982,283.11989132950987,61.879268845463265,107.27870861501238,107.4140250306749,131.50926176771014,71.6272445841179,271.5456465662513,110.92875531250823,198.2379018981253,185.3761804718696,121.40558193130119,155.18736608804323,146.81982206807425,287.9744002938026,59.08053348518325,179.70083921744947,259.43332359276445,114.23608377643146,73.69009054217086,138.3247155056872
realization_941,94.84612463990942,59.727461153999485,110.3368230116867,58.38219112615492,97.55792347589127,223.80257191725073,143.65298889009085,123.54362415980542,136.07211458157187,106.86382403572223,111.13006524404568,154.87780698098638,138.57320069818667,217.7152410480075,93.78431718904174,132.71854542889685,112.54395472913814,86.92456717724623,96.13747611014452,102.84590777857503,231.92406382394734,127.45257795355465,37.01538293126547,76.46967646981062,151.07673415206622,118.6914891371983,197.99737592826207,159.33694472519016,85.57732261886416,150.35836017712933
realization_942,204.71257114016205,116.38628221853753,118.5355518136455,185.50393863183734,300.6569459628759,173.75309849523478,73.46031764579308,51.03403448756695,156.57840272497617,111.06739673310017,151.42778667346565,65.27807683428361,160.58172602573873,222.7555472802646,130.01265790996877,151.45733456745808,84.60284571229116,299.89107760685914,93.31392403092367,155.08694021434923,71.87818631071563,186.16202131609265,60.78847009490274,94.54524823378293,245.85332468360684,156.4534618314007,125.4996805716672,215.065516856525,158.12485705778946,159.52467512005904
realization_943,149.77314267207382,115.32515184735149,132.19898252246918,193.4311571101544,133.5685326762562,248.6040151454622,15.163862282938737,263.84791552474354,160.58640100726362,94.74432351742875,242.66498181631954,165.51973167930666,166.21472865314803,99.1204140126856,80.4166503922185,114.90943079317465,129.00456067713318,94.37950652889933,124.78026892988164,180.5260066092125,259.0771944649847,72.81824622586325,160.00290317417551,126.83916339084138,248.13893600514973,199.66198102839843,95.03175000901331,265.74492501895196,109.47332775159214,175.56042175474323
realization_944,93.07078042873108,108.74530997456411,106.84483506180248,178.83206019584287,205.43417395682226,64.59694835156631,158.7139094297077,128.58630492774796,136.37486200601813,45.97087250771563,170.41482194460295,69.77903568099858,203.85436766197788,135.95249670969815,107.27366135739656,155.00932853700812,155.6158698527963,167.1870373231972,221.21290045305528,100.15482381211714,135.84167163002334,83.58317224794521,51.39214973385845,267.07098645947684,123.90026756622618,132.7411936514592,106.2287285725294,94.66883140409482,86.11937304793199,172.75422957651884
realization_945,189.86919122256336,85.84582886746314,154.99490242412878,118.68941748633391,108.37612653718658,227.79039430081903,284.81664276303,57.40769670038229,100.05596811574652,299.34866440582516,124.45631321173194,155.95471719400317,105.43070992751427,203.7213661625949,193.70842189157247,57.042263125185336,158.76416356796523,156.26523646197063,201.86134087339673,175.68035816264916,209.0800891556481,65.86687191197052,98.0307278043471,102.79469000040342,144.5431282039673,75.33413956052614,206.2146176325943,187.37562080498367,132.6364553496565,302.19766359149213
realization_946,80.81307030911354,163.86581238215118,192.13516568771414,276.46142543760965,177.27190717034557,147.4915415910447,172.52742676054606,99.66338054716394,145.57407223924758,95.8999474801115,108.12880180477119,176.5334200855906,220.57554617806875,93.14071123297707,106.84519340350542,55.30560679947837,154.85649662780693,192.62676141926804,146.84212780403558,180.1186519863793,203.43546020728604,173.76050540111328,122.00118110188974,254.23741992580173,156.17367557383827,185.66087688230976,105.98107878598196,142.69335354734488,124.09474954741066,145.9513718352563
realization_947,141.2363195461244,19.86306990075903,201.74822242292845,179.92746699522468,215.4218043471421,159.0538917809348,160.4086074961897,90.14650477524289,203.46497648031942,41.28919657214455,167.0851363665429,91.45710302658031,108.85545281376949,197.93480655331462,240.96014239111764,57.56480715735573,120.28963241786325,183.8475518712112,236.5304687814641,151.51649226700545,115.20442658760285,176.1410920752578,167.9229955150856,102.26778028575734,67.10830406817671,44.36133915729513,166.09697319805397,138.31705042083186,73.94621399427348,121.7289898049759
realization_948,147.05041855935366,109.77742353117887,55.664796939596016,237.71336612128778,198.44762872044575,112.6488368512631,127.42504066655977,131.86577023841832,236.9123088503936,171.03483860495163,107.22854386469952,220.1293847001282,198.68642739223094,102.23844290756976,122.39817545700699,167.7364255621711,70.62231928057928,154.15956610262668,220.19834022450794,173.23615835239977,106.15962649265808,71.86641770214044,66.58518485866193,33.762915600742744,105.24854541127918,98.74375483658622,257.1076464734112,155.27276502099193,292.8460755448447,74.057839878948
realization_949,197.2886096787239,103.261203539029,289.1174503212083,301.7168133228044,134.63570838369088,215.0570786660263,241.7082150575543,293.91839162983126,121.89062015962482,214.7905299880225,175.30547850523885,236.43378459180056,54.09884621327517,178.84029638871334,246.65221291667604,87.30759332783808,127.46087523824008,143.35675014398137,131.43061141581208,285.26093111304215,121.39288279494738,131.44171953730188,156.59881654037028,218.27812828939187,94.73724563425087,135.20241470141815,126.41850743152818,251.63988546854873,177.77846839882275,136.12286572895678
realization_950,106.53743134658002,97.21619123707887,140.1795054172761,175.32805204611623,309.0082510202183,236.5620895548653,128.30039183338604,39.84977626458687,44.26211685308684,124.6155216025583,145.44022673307754,167.15520034797663,291.4617298997916,214.69596905776908,259.35702918586907,149.86993346993802,92.53307170112326,185.86291623089733,84.42554411974969,197.4787337013114,119.52830034999015,131.76880809610836,100.29162561752753,95.63607833213203,181.67601744185285,138.47841635569563,157.1730074197825,111.0363431082985,102.78086115559456,239.2729258595388
realization_951,100.03496965489093,219.12728682438953,174.71927209121282,146.1914352996523,118.15519734521564,65.58131531849793,69.43531057349095,278.6644601433809,100.95898263282456,94.27724551752056,298.3651606025568,138.08421407821078,176.67352505918006,88.38448769509932,143.49665392102736,262.2936285521595,88.75902610681013,246.78206467549606,44.444707481008265,159.5690761670084,100.9647177132803,66.57814117189587,144.51546228359817,80.02231472898976,5.545280016721335,141.53686179682816,190.78510294604277,71.24642332204238,110.29608216243751,123.97849467053501
realization_952,37.74210016235628,88.89092994964716,123.67164528151221,135.8438078906105,115.9564417805187,243.00672651588957,102.03762270060938,211.58462749292195,259.09689316946185,111.91186801827948,50.47655770107028,115.25498130303853,141.3121173502328,195.11737615828235,127.41585693380014,240.86872339591096,110.93277550185891,102.2170854916381,74.09840865034053,93.20736963509569,173.78456677127593,162.69707657413878,51.964945308375384,218.92837851757093,276.35551182072516,182.96530434062294,262.44397916892933,250.15562838628662,182.07981288416892,121.5944837526036
realization_953,214.17683027479595,151.7726826564972,220.94401104077127,182.30376789381867,65.81453253083342,169.25550887000225,95.77532358125114,86.08310696854144,250.14037986412148,114.90808019677965,177.75030335604498,107.19770096350472,107.6545670176512,144.12908370548885,237.96671860877342,127.87003285069235,80.72283334312502,291.91531437868764,103.33222406826192,125.06270080594575,56.94387826812482,183.80719716516583,86.76912789073074,130.68466406979363,125.40170218004548,192.30263565565636,74.91753872565086,152.16323436466737,129.81566170358025,100.95704053945362
realization_954,110.54007403434153,90.48161768865637,153.72067597345148,140.9595902345991,75.35269852902137,62.91133273179166,116.46370663382415,165.60470384677953,83.97879821603212,117.6601914788204,68.91598670025647,97.56283594850078,145.11648813965766,212.14164085621996,121.72003536981583,221.31878742996741,75.63952862804662,167.16680686320075,123.97007930776023,136.13975582422427,67.65444164173238,67.06670850511955,86.98106149183587,175.33781867216052,229.0832271795615,174.44059787415404,152.87741408885645,132.91262553908962,244.9568400242691,141.56334487245576
realization_955,133.72086786006415,190.29826685538484,32.30567456179348,132.18253015479752,128.41672377401346,167.1312018235139,110.07763413896063,103.38254106738478,253.10062551492751,184.01940426211817,127.14407748704275,153.06052200074353,146.45841451933273,2.8619039362419585,119.50794996207381,110.1126535443193,177.15768718219505,28.618988340687167,282.8336486199658,302.71345085989174,200.59833914207718,301.87935741100966,110.98674814061266,250.4555869114838,237.99143155921192,137.7357357087537,203.14147119194783,193.77698168086195,175.28023964599384,183.0220357556467
realization_956,100.74975216520164,257.67398388513885,236.4628786374,156.625962320726,124.88950928244635,124.15543623092881,100.91146499753607,156.0007657754405,120.41312066917354,232.35502662517035,61.14712535332091,103.43026443557793,121.01712710053084,96.82561206550898,188.72290060585544,257.39839626445325,141.84818939096277,123.44046458877533,92.5724657803317,243.40735301970358,88.12030752855162,167.95347401952716,167.1145300543284,128.92355657675938,125.7541835436305,162.43027118181286,56.458300356790794,151.98126638068206,197.17216243186388,112.27005935517457
realization_957,182.2579947646825,126.22963959174494,286.4106488220716,167.2218324322745,124.17640341680443,141.28240387993515,223.25243426440082,158.93911183775143,135.49487964296628,181.02914738280217,94.27597131002625,297.14479713745766,210.83752667018263,224.77014856834762,153.2288426788131,181.8069356777771,214.8894661451746,182.20922893221928,142.20444675312945,145.80088967281716,178.88478561516487,49.46132034895817,54.09646120204182,129.12544645993015,154.29491243013757,294.8923769984223,192.45153755281964,129.01701681448932,189.12369747013165,118.98403446251588
realization_958,101.26141230196758,198.52395273519403,49.06953814655973,121.29280878836379,159.71067312577142,161.95256224639695,109.33717405613103,182.9990309190223,26.868810914602783,168.20132013038838,122.04823241679759,181.21383425065403,117.58934800168008,168.97112944440744,238.46485356417858,112.73305754906157,214.48489376578698,113.84207054041774,165.1409028891125,144.59971592440272,131.21056101532662,85.39520841390001,103.42582530947446,47.99122625694363,298.24839300907416,208.33672794636283,105.07480373497748,216.69705074122587,168.47918386335857,189.80750352932387
realization_959,177.8594366257053,89.53651954478296,77.55396567238125,135.2598148372404,92.27110383779636,242.83218018334375,278.93474488593273,294.46804975835244,126.19682398265003,129.83724270351536,85.2663403751993,200.92870755506766,302.54142324992273,10.4335988347012,283.15398837504085,123.2622125766809,99.41984098418772,139.0893239644045,254.21948764740176,90.92930276271255,121.36079083802952,198.3474738278174,141.69072276149257,65.02168567447664,84.27357158018174,120.8313565918173,95.26062409347666,106.99422391317064,96.97468990295334,81.13282189189334
realization_960,302.9500036818854,151.3408755226194,48.63200234528588,116.05832793548521,240.45486814033617,152.27299699611893,239.09425253723936,122.71893834992568,166.6478277912551,124.75764907420366,151.62644566668246,92.22186486713824,142.4659347693267,67.0786115084084,159.90892262442762,170.2735552526213,184.31778156540236,208.98994539500612,97.34025138955536,282.31533848639833,182.46259516901588,252.642276812518,110.47467689085174,110.686567835114,99.8569279283702,133.1956358901151,302.0377048862564,102.22893209321184,305.3975254584401,253.04420132537396
realization_961,195.23704613429928,128.83639530216232,136.63988786672223,110.60417300936311,114.801464979632,116.47970472323875,181.60509310749313,96.17445471724515,144.09224363187266,152.22953537677145,264.88494038519593,66.90059378318584,125.11710508094723,133.92030338914722,137.66864727938707,216.0574014073341,202.40986806394812,163.76394751921302,195.19292632902958,117.2016637333199,195.14803167331206,90.52821968976528,82.19651011830133,297.20133747739527,33.57450884407177,184.85542747332613,150.91241405849468,130.88599507292872,77.39762056689827,167.0665306992957
realization_962,186.59912142500747,194.37949100310186,287.0329647850068,158.2834313027421,80.25901745046217,119.12707171349145,128.10514641215153,163.98217896435102,240.9836405252366,180.83352132492513,150.4522579427424,100.48011228002446,70.96943467456859,93.88670859076782,168.2497364911167,116.24245487461944,99.14792348542669,57.55265177085418,258.93193364823316,59.79561065612607,121.82746253837828,101.40429613038151,276.54336442309705,305.6067598123558,215.28193198771567,255.36972570044162,304.2432625694594,187.19873839225428,158.4512736120069,179.90925000633132
realization_963,62.78440102328416,239.2486387460049,74.98362707233628,102.19719145436557,200.5603194866707,108.00566964479006,309.5918532118888,184.62726332099925,212.4093218737077,109.52687145943449,196.6432434601068,120.92927706724983,115.83628897952477,143.04944417813155,277.2218662802469,167.13353922599075,102.98792019471267,127.15414362854635,56.41110677276318,205.113852144618,196.98343210165453,120.25756055305936,137.18825295904207,108.9732553806119,120.04128203909156,132.88043243274512,189.69527581050335,144.96225271199768,177.4543692134872,186.1269700843155
realization_964,143.2044938959943,43.02844791311781,114.27560607155397,123.39683480892475,278.15457742249623,95.37760181982634,120.88277322490711,131.67168841366606,49.49230519343735,105.98104287695523,99.17923173837355,108.44272048578955,106.73475620650564,144.0923188548334,80.71604624803336,104.857239980021,85.72921018660689,69.4456551104016,103.81740903107715,263.5868144184999,148.50284792970632,143.28887415519617,200.76233872002473,139.0805826044435,142.48911271200353,169.61123154243663,225.5995771372053,213.85567271276778,106.63171331646453,171.54550372826708
realization_965,208.21656541952913,152.91933206081703,135.95466850483496,209.8606937991402,83.24562501515925,71.57938510760671,160.7743429624344,187.7158030052668,61.835335907679294,151.13723087477103,85.51214858840869,154.9014975454674,57.5709219086838,172.1826148649774,176.24568084813862,111.61143189904894,255.066218443492,119.00549129233174,82.38575036047826,144.51404145931284,149.6230401009968,276.8736189154895,158.60188726989296,135.200765454747,79.16146046929353,133.8440613888708,194.16480722524418,286.0738203420349,151.57086156787383,76.93486259303454
realization_966,159.828193939159,145.65021190208367,111.48380419555869,98.98327060048939,99.01202120145555,266.39049199764753,115.06358945011547,166.91541181810481,130.61634119310747,108.72650243515697,98.83670092449796,67.24846601289971,112.23579533805454,292.7024696820733,65.14277060906154,208.13660663341474,144.23500896117918,110.9081855915363,76.38480500661163,66.60073323427267,93.5842364848913,111.17085962958927,101.63625205822592,199.47498603168347,111.72942210428887,67.54149070992244,183.7244575196744,247.32907951834108,134.68945874040207,107.60016349987633
realization_967,167.75135063344737,185.42684223429913,84.09261236727909,155.83181699679062,51.37246716723183,111.91163063234099,188.64689826857835,293.9127174609287,172.9861445624781,106.49003153287691,52.36432413525978,150.3335681458027,303.5942685205408,286.94515688209754,55.79280142656208,101.40079468718588,231.4722929376884,215.21676368775871,52.18039415612316,244.32641794356167,148.5928101613079,93.59930489452618,294.9886918873038,60.23301106784363,151.8265744150646,45.548950506090705,128.81091446589897,163.14443637526068,144.88301087300707,138.6348072449484
realization_968,120.84262196863406,22.778425342794968,78.66041243742168,127.04665456747105,80.99247278098116,120.46907110883868,308.4524121834491,99.26402280270231,167.6382789095696,122.47340286350898,151.43818772647063,277.10483253563547,209.7809805548298,113.32128459540766,171.21819049159052,134.4677140604321,171.27683667626022,81.07739890609223,70.48855323527692,78.43806342570493,181.4046101070976,174.80180363670968,172.3635146179236,91.74236311081657,267.76773753589487,47.02322177377528,74.44846798175068,195.22742402825244,280.9698406060581,258.8696631570912
realization_969,83.00269628911195,172.88888044354727,134.98339984978782,58.825071292592725,149.84095276770685,126.97310718795828,128.9207595698318,164.25401226341242,58.58382590502385,205.084215705025,149.6907666318424,136.87116110021424,222.72523563822338,150.5091140839947,169.44664432532508,201.71015733058513,180.74056060627186,187.57513202835872,164.0354255400196,168.61622697399014,252.68413585864843,91.61892010684753,163.16044266636806,75.0737910829306,110.73891156944865,89.30926484138732,148.46985119050328,152.46931964664242,222.11073095375514,98.14752369514417
realization_970,102.66208889078013,74.77287443191406,215.61257977864,71.49477690100663,143.9469780394756,146.23306203171748,158.48049104716182,89.92210131621015,123.21384425042581,101.15793288623297,34.72444663862596,176.19414223876663,94.32110402954154,232.94517448837266,136.1348531724048,124.97625591875882,179.18143658949927,82.61576215886973,160.8089555904965,126.62999519273214,71.21512750723444,66.87236553510684,114.32086129111671,304.4988957145171,172.92205729854967,123.92770245160351,173.63443084530277,140.64209519066156,147.0262668015536,81.04442328291933
realization_971,145.1846447371071,110.88305254692756,178.82572761905496,94.73053940659952,101.34692961746354,162.18061238283622,99.89836308233471,82.73076139129509,190.2075193327738,131.2603231921533,25.124054380021086,276.7863470265007,181.69635178921743,279.88539691448074,62.19211259956018,219.1545568767087,79.11848170736536,222.2008663724823,117.25613811091893,251.05076970720273,81.80143164877627,187.13830423807195,121.63470903147308,139.68877459928026,206.99656548335736,175.04839050737414,57.57618637355847,99.23616294688401,120.86399315488177,235.22618219845097
realization_972,301.08362960870545,45.93379101638282,106.45966096558914,172.59365662496003,139.59229917705892,129.92691839543326,40.12836217921888,98.49708755379137,105.06900117895077,233.3493720831723,150.13114021329392,174.55129431731308,139.65816795479566,277.7728537365211,177.14500500212458,187.84957807219067,28.097731176806164,50.71806819390199,231.43612373546512,154.92615176157867,179.5902749199747,161.10157300953142,206.2686188749263,109.28070523589673,145.33043664989265,158.59113438665202,224.96519648108645,272.5445990826537,109.59516618424124,76.1150082411501
realization_973,36.450150669818356,203.0700754506402,171.59038225962502,135.69049165425932,178.75963643916637,79.7310541469704,47.656597568656665,140.14053585475935,184.00390133738608,171.65378087691607,142.5976154042005,229.1456713030026,112.20174213479989,77.64897947399689,98.87535200755516,147.85735390823814,196.51480337020837,156.2651768070297,151.09167709608334,133.40391703659955,47.56323825191979,163.04495695352253,113.87638617848522,118.06453744195642,142.2672749332589,216.860386975502,171.3123912664006,67.59404045664633,82.59316767753883,164.87522916758041
realization_974,74.05384219253102,175.57733189721156,96.78660543993647,139.83630542692316,146.56275850974473,110.53688613924652,167.73859417116535,233.10323780997214,49.65431586034067,90.62206213839261,154.0316501305081,169.5469485959572,180.45462864535102,107.53396384610387,190.8511231111711,221.71105651554473,241.25010757605153,170.7815474519262,93.73899994240585,74.96794085742508,28.84111760399871,137.99902867892158,155.8676084050947,142.38426588765014,51.086856363305024,209.61303031008953,80.76807348779616,127.17554528635908,156.9130472158195,162.67462215594045
realization_975,175.01861857238686,278.2597660887733,74.25957228311874,74.75501206750727,108.59904689576848,251.8641412816461,75.1164554442595,163.18733000642408,203.6265875269327,113.3569407451448,158.25666224100232,120.81716625307682,85.64188726629003,150.22756094734896,126.02157016256234,52.89093214583116,136.6748300638671,149.53453652098727,306.305690335158,158.52783285506382,245.55816799173274,94.28222318087273,178.47419327343263,197.46236428539598,180.69311567354688,113.03474200700866,141.77331060630692,173.88140113163195,88.12312036569004,295.4286182281073
realization_976,203.70774582043373,129.26677972346218,59.30600565514708,192.98567775469016,133.20645130387882,307.86032231146504,165.02290364432392,197.3673548647199,163.60922641052986,59.07719661046838,177.14945301982098,138.58319077041835,179.82578669811707,115.22097965889478,157.74623605409084,222.78483491910586,156.59756317961575,124.25207304808345,191.4538448399179,120.49910252574901,100.83957732723006,99.48086864394779,164.23612949227132,68.66277032696097,273.8195857012413,118.95759890648705,144.7843045525603,108.25006701837265,186.2988208378762,53.659301284134095
realization_977,81.15981982096521,156.59858884074725,144.66865899701062,280.98339608263063,286.1526829104375,27.441133299123806,94.56236632677587,142.63454683238209,114.76715623513674,258.3715962670333,158.0886186314844,151.52717197938568,51.86596120638708,141.63226882812398,103.5373238840142,174.034742400761,279.93264471264206,39.694761948189196,154.30079820027663,265.4240007610974,144.9013365337641,161.6188417633715,165.0618221399831,198.39951617407306,170.73945763440318,188.2023528189007,99.8691615059548,163.73027450568424,273.4412484675445,71.9481615999013
realization_978,164.68415768280252,102.98822341983069,132.73224704991958,271.3314649351058,92.0470497391878,171.85656567059715,283.2903584641762,237.7811233970897,294.22872646739626,157.5024034652327,149.35829533300037,64.07249689423378,133.88777767226705,113.49683208357428,155.6736234967993,111.19068460789167,26.985966917497066,112.1203422767893,125.69615141940567,135.56715194962743,137.57840205209143,192.72703201634204,93.93766912067684,161.68318745827304,177.6305234830333,79.47588226726916,73.46696624998461,127.4209066078403,181.48673108448997,165.06346999010682
realization_979,215.9621099915903,158.10120653342105,141.14185167019727,65.81396106513289,130.1832477413674,197.59357148279875,231.31588746043448,65.2761371774183,73.31983872349757,248.65377358912036,273.1120592884867,208.49714971458923,124.34820688768346,163.09233732284707,197.27161417823345,291.0464058268584,204.0158802589968,245.9364273846767,267.5971585818154,81.86362289091107,251.108990776404,106.27685065281034,220.47179201480617,157.1618545077228,208.0143166098792,196.58219850104481,63.95740155661359,177.33722245977523,154.89309389797486,159.83200797442532
realization_980,139.26343769068012,171.93331120052426,56.54516685554785,73.64490013110638,71.83734897013495,52.96634437319227,49.74396306331772,288.0092331119414,161.30504830221216,26.421066752020494,59.31377804231937,31.67874334279327,106.59143047691987,140.67053385521112,291.83628044958937,91.84787293445868,113.99260206203692,14.151517488696172,134.17871201802214,199.9092466293584,202.64622838844724,208.65395714356475,74.34916035631073,148.5773230194228,147.0381775899931,213.4922377205082,300.6261452878764,161.73209708195654,158.93715463788533,187.86237031834327
realization_981,237.03500084450616,99.61166772003872,45.91652247492985,135.20870709669916,164.87506124168038,157.1972038583103,139.9445844257578,142.25655384685396,254.4838435817151,145.27067765276524,31.217541917426587,183.4295192545205,91.45493797108617,292.9977052752653,178.52646054877113,177.86556270811008,149.70369387834722,155.67595523009453,152.01189937284403,115.25175967575747,132.25995806085479,173.2081349154172,138.61571219681494,151.27387191880808,129.32188679726096,91.48055833216301,77.84943177993696,108.90777301932444,167.21572579623967,90.88299833234427
realization_982,84.86160709373884,69.72484444984758,144.63280534452213,298.1024509462689,158.86815257926244,201.29983399108158,113.45479474597879,118.0538058193586,72.94165561014182,63.676777406012796,128.75608224722743,104.47856606866043,120.11759628981564,76.09206394880425,203.8319449509751,61.98253359200811,122.33080441927173,160.53672460762093,56.90186062491953,167.7707817585745,224.22184649164498,167.90423638540045,168.53237737587568,290.1921878887312,146.61043700458825,250.12938944066337,135.3760244002653,210.37249113365635,225.10574941739696,164.01089479013893
realization_983,97.53902812031012,133.1770643880129,277.73737306330247,52.05056920997312,302.8081326666401,69.61376893988222,185.7982725658144,92.72230434145197,218.17259430588408,109.52813654129443,143.32750276805166,16.81505016127879,249.8618282194861,155.98459393702794,150.51502353214522,219.62977893171566,156.66009004945573,291.00192985727836,143.18168135278233,109.53849656334518,123.28243261087988,103.76740390294901,272.4914551798185,201.1391652369875,46.196484671479986,77.97408973978935,139.19969914239013,131.44610241994337,306.36964674039785,233.81399713770182
realization_984,130.30430709547795,294.93891539968376,90.28053192196784,42.62224595892089,167.47691746994568,131.30440658838887,96.11437543915213,149.0638338291781,282.3423625886404,45.34131263688235,92.5016703210504,132.26429014940106,275.8791107679076,69.17067754945599,201.15072431263934,101.63817423826225,201.00682208316726,104.34854677300888,112.17221583204886,134.92933742800503,177.29757946778057,149.07361258781305,144.37347536349077,26.127958234271304,188.7947647549747,163.68204466698737,168.47047067098396,197.83278120242016,160.11321694279818,193.99273598830635
realization_985,53.65778592040177,200.2194401535902,32.24904900226709,170.70452984541748,168.48612240950987,204.5798137707797,301.2973189760085,104.22023551483531,196.54643186605927,239.58574717772032,154.23510230450105,185.61017265402637,110.91705228849817,132.18562901040883,156.39774972288328,97.81755642734011,129.73127743009442,142.78673855998244,64.34030903676036,44.629272214469765,155.92880294759692,230.53033173233075,293.6946226251516,93.39412670814899,223.8474025304204,150.3939980283819,57.99437024398332,124.27596071693344,145.03628778188548,95.61791806851154
realization_986,180.76090502983243,114.35737735439585,142.56130771468025,160.15901021034867,119.62042229336664,158.8030914797869,122.71066874985908,146.1293995826019,148.97399976696613,154.7912041497436,169.98668827811255,184.9363885182267,140.0432554534081,303.5047593722839,98.13455475210331,152.88430060548754,147.04918460028838,106.98948631388423,144.6794714081358,138.85865121929345,79.94867208622216,294.3248637822784,175.99444108499972,125.70526614991857,78.74838309611181,105.96661329664096,101.83389377932819,230.48292401338392,19.18797023734222,207.36286840373697
realization_987,192.09339476590296,240.02658075808992,95.84578103554551,278.098278299843,215.3424550862309,26.143495179142306,247.90228506374456,83.97558525931379,75.62234788736652,277.3492150906758,270.3134982323065,238.68927870250215,199.20709348063502,180.12037192844838,27.36363368051913,94.99657578638856,217.6121367207743,300.8971945200209,157.93157103530513,100.00620985344602,72.13544461522237,257.49290381144806,146.9576517610113,83.8248712629346,34.07469998719,139.56137848512913,170.37969823108983,160.23901961469355,132.52188458343986,206.05993096393257
realization_988,219.57108370492048,198.5563646466137,60.95922666611689,249.47761374126048,75.04487653787827,71.39591167180048,71.58709803760118,282.4780165152938,172.82654209806105,161.21341806447052,142.84620955236562,76.94114452168552,174.46489911785122,158.8099502944908,156.2258540105436,91.91869476299667,112.20023173303738,285.35260710216073,227.15900908602435,155.5238294116006,185.32835553283147,116.88525211178353,108.64719321818917,150.02132348038566,48.144811113013155,303.62452418467467,155.51806918629325,147.20348022884443,94.10232562549757,84.57830122449597
realization_989,231.1338422002237,93.24939108997982,129.5254215380322,100.29758809651453,125.53906564486526,262.14654532701854,168.95763745810072,105.29095651397671,123.12240323100518,221.93571724775387,134.5457977588415,221.91515550532668,146.65863397630523,119.2420136565868,145.5759915268805,78.67304957906632,302.4494245122143,71.85283448417181,89.25915723325848,285.9841324529011,140.35874376354258,103.36492533207853,110.5352235768546,222.876610829499,122.2872298252314,127.7019160080338,273.7698517013513,27.48402712993378,197.88859233508063,140.83112358777797
realization_990,295.95229044084806,19.588714312597986,74.59423482013516,70.6694248586071,136.34317528264984,125.25361845125066,76.79121955785409,73.52144440609274,116.44899861475336,168.42988301809274,152.75937669065974,160.6323024666419,98.83487302970116,67.64923734589357,138.9881048613371,109.55568495171238,43.650599148901684,282.9689633252079,83.2278978387701,138.89400002437407,89.36282359202741,95.08931725250567,69.18275267344302,136.75727491027777,159.13531709878316,288.0543562334947,172.16344288132683,145.58188506555294,235.436715062641,147.78475804757142
realization_991,150.4664843205423,193.88656023615047,109.29418610485811,124.85931726693249,195.09343911300365,262.22058927894113,117.44414322771178,24.477330151911197,223.97738145348248,211.0473482510938,68.17915672041026,189.44882745763366,302.09706136508174,128.86232115576058,140.28227479793725,289.1362263156021,95.53866023212979,54.622714171491936,77.07502704388182,82.41486091167309,97.07679303538549,162.20798586345288,143.41382611035476,242.00142793643707,120.887555251387,124.79506053842485,172.6600744631004,86.91705532238828,186.6452807685278,129.72027372188384
realization_992,218.946143078386,82.1627798192186,201.44419333495694,120.31376507397977,172.6296005897031,150.69149090944506,168.60182860457917,193.70669203089415,144.49610966545185,301.09695442646625,96.51283271583011,163.97721840941384,21.32969463246654,80.29632078964586,137.99935147144015,202.03821898588996,46.31327934658057,118.26300703013194,290.8828669610921,89.43505789863029,269.2610917538019,75.26481541286657,183.87356519329188,187.26667053162464,163.81413579619985,215.03798860947262,128.06619412728543,162.6749157664505,91.05313289259749,171.08983928460714
realization_993,182.20087991739712,193.50619733178107,148.44962395154946,57.777852819622645,235.683665327824,159.45560810105096,239.2104858686247,134.85008298850457,198.1223960046281,118.31679945239961,93.89524767737318,248.7102995977882,154.6298887287124,119.87313883179229,187.1793745186089,199.59224252786964,120.31984667362526,168.78997871942545,135.19424060167822,61.285455256719366,131.33450657615853,118.9633576169727,219.4517913786948,124.94632329346034,61.127899576193286,150.1627275235375,97.66940588341573,186.40587436796994,84.09159978501386,98.95915636293736
realization_994,129.08430177180924,149.47771758489236,122.00568841410447,153.34429014778087,160.49222056811513,195.71049086359636,225.83092937137744,154.5405969982814,144.36125660112907,216.6396766065597,116.64806344475144,122.43008791041407,111.20458465977917,220.2579218087373,119.23198678205695,299.2593114435161,119.38977092844131,144.86221254077242,124.37805462290895,269.48217783654337,247.93897740067064,165.34223527063875,305.21294205863785,51.44150621654279,96.2758683429474,174.19331732884092,46.2850148025142,209.8507043891638,164.7281688898418,173.50639616049557
realization_995,146.53601747062862,127.61307336661011,135.31555046888235,13.657849843064504,94.21493659092847,170.72422312129373,257.7329090992248,30.59791746355468,290.0011806511776,152.21230534310214,258.2978501829416,66.19688154847121,271.49094068425006,207.24435454462918,239.200315602238,160.01068391916957,178.44474613723276,239.26834375294476,42.5127280637917,111.42664057442926,134.32850038689853,121.50271453923176,289.2956740194145,187.26703439962847,136.8766958501534,52.38058503038448,114.63464715106127,275.5704717159307,190.10708606353722,84.51923870839933
realization_996,105.3397377111792,206.8245756520369,137.89247719335887,85.3176501127728,32.0886292643008,194.0998796374322,72.84420737535568,196.47971047271437,165.0845840269959,161.6929355276096,153.1738366004986,201.22024303679015,134.1169139419386,132.74859871892244,176.70288139700116,73.49783966219185,28.55513162537514,210.23483663544442,181.96768519809086,164.11823291679906,107.12946244102099,91.90465798494422,136.75598322984615,145.33430401824398,87.11082278554173,134.63857866228764,133.97260313860642,123.42971648296594,200.2149495963264,90.28096243681304
realization_997,148.2067189766677,182.2888467608346,158.12326142720295,128.27654352253413,144.31399402781733,126.38616731342064,88.90493358607671,154.16646211815845,137.10805046691328,123.02620797044521,141.75320087347686,77.90798763297688,105.77243570754175,140.74219784214895,209.7987247855421,83.78988491607194,195.3892423009695,222.24935478444976,242.31435813310122,167.43364105469266,169.74916691974857,152.9879758026054,41.72559615304397,122.42087034678597,49.50547211689322,202.4913680195025,117.51168518592272,164.66534910026857,76.39839403360494,141.13265853470847
realization_998,124.85402465781202,217.74308800968345,126.4753191664051,72.97367614652293,46.48504646171803,83.15882992246841,147.00044078567532,193.95732769546476,307.219533841787,133.7797538765788,170.3490045717054,180.9051810577678,108.81129643219606,309.3375258489425,156.98383575847436,234.3917360257506,244.0611388071299,54.08331098371764,120.76118288316047,149.6876997926162,283.7588040646102,107.4958413308203,70.98760018764762,225.9098804776304,127.8934391231331,124.78730308187801,129.52028256577157,209.19444863219044,129.73073891986243,31.788287176976773
realization_999,163.63660648518962,193.0690015036114,168.71589596712144,97.19875839222712,195.70307894887634,117.86425916988534,248.85618937656483,155.0260635662735,143.29514063362626,27.71061489349934,102.3511317890197,308.57239296382016,86.15391489736382,46.49700517452473,133.86853449619184,109.09032263601205,88.64234802280707,94.47270743745595,203.97007736529758,101.58165780538323,127.37681058811738,124.93556557770505,129.34697990545303,156.93679376350062,264.03456160385707,74.25648969709346,166.56592016336094,119.89136753478398,175.51804239062182,146.84762115795624
realization_1000,116.72801584604697,147.26100473322208,170.6059779743957,249.21944129662856,127.52227379224496,142.92253823597594,52.523995884691494,221.50058058015654,123.19189161394111,250.99534349019018,224.9234447548291,295.72416116517945,178.60449096120743,240.22178857582009,291.2249849570341,60.300694620012166,291.47221425788683,52.0063572737972,184.16370466766136,102.38599199979527,196.60665364396743,218.58349801981277,129.28768689711944,130.52193392718058,150.0237459465028,116.37328515558754,148.5653549392175,118.35156744949194,78.87396328388783,104.3110412409453
